operation_id,company_id,document_type,issuance_date,due_date,payment_date,amount,pending_amount,currency,accounting_currency,exchange_rate,status,concept,counterparty_id
0ae7325637cffb7fb70151456170ff08,COMP_0001,invoice,2025-05-19,2025-05-19,2025-05-07,6050.0,0.0,EUR,EUR,1.0,paid,N.Fra TB2025F/42 [COMPANY] Ef 1,COUNTERPARTY_03903
1741b2dc2999a67da0401b5882de4158,COMP_0001,invoice,2025-12-07,2025-12-07,2026-01-05,-987.36,0.0,EUR,EUR,1.0,paid,S.Fra /225 COUNTERPARTY_27064 Ef 1F25/0380,COUNTERPARTY_27064
342fea987c31a48429bdc8855820837e,COMP_0001,invoice,2025-05-19,2025-05-19,2025-05-19,2420.0,0.0,EUR,EUR,1.0,paid,N.Fra TB2025F/45 [COMPANY] Ef 1,COUNTERPARTY_03903
41d6a94cb53baa12696040c5822426fe,COMP_0001,invoice,2026-03-31,2026-04-30,2026-05-01,-6.29,0.0,EUR,EUR,1.0,paid,S.Fra /93 COUNTERPARTY_00532 Ef 151056,COUNTERPARTY_47953
6cbd078b1299d3d1a9c20f04f5a0baa2,COMP_0001,invoice,2025-07-11,2025-07-11,2025-07-17,-7260.0,0.0,EUR,EUR,1.0,paid,S.Fra /156 COUNTERPARTY_08037 Ef 114,COUNTERPARTY_08037
883f2ee857992889ed14402e382ed958,COMP_0001,invoice,2025-11-18,2025-11-18,2026-02-06,14520.0,0.0,EUR,EUR,1.0,paid,N.Fra TB2025F/192 [COMPANY] Ef 1,COUNTERPARTY_03903
9ee63428b16061a94bc155431b239cce,COMP_0001,invoice,2025-08-17,2025-08-16,2025-10-14,15125.0,0.0,EUR,EUR,1.0,paid,N.Fra TB2025F/136 [COMPANY] Ef 1,COUNTERPARTY_03903
c3908ce4691d5a061a59744cd9108f54,COMP_0001,invoice,2025-04-30,2025-04-30,2025-05-07,302.23,0.0,EUR,EUR,1.0,paid,N.Fra TB2025F/34 [COMPANY] Ef 1,COUNTERPARTY_03903
c9c4a7b9e8ff6a2f496aacbc20b46ea1,COMP_0001,invoice,2025-06-08,2025-06-08,2025-06-08,-108.03,0.0,EUR,EUR,1.0,paid,S.Fra /118 COUNTERPARTY_01678 Ef 1ES51LEY1AEUI,COUNTERPARTY_48241
0a458626bfdb7f604ffcde911c8d444a,COMP_0001,invoice,2025-06-27,2025-06-27,2025-07-11,4235.0,0.0,EUR,EUR,1.0,paid,N.Fra TB2025F/74 [COMPANY] Ef 1,COUNTERPARTY_03903
6b19083afcce4ca6819db55d0d08b8a9,COMP_0001,invoice,2025-07-24,2025-07-24,2025-07-24,8470.0,0.0,EUR,EUR,1.0,paid,N.Fra TB2025F/129 [COMPANY] Ef 1,COUNTERPARTY_03903
883b5f9923f6f57763c75b23ffaea7d2,COMP_0001,invoice,2025-06-30,2025-06-30,2025-07-11,1070.9,0.0,EUR,EUR,1.0,paid,N.Fra TB2025F/86 [COMPANY] Ef 1,COUNTERPARTY_03903
a2d9aed316e247f553abd858e4423212,COMP_0001,invoice,2025-09-29,2025-09-29,2025-10-14,14520.0,0.0,EUR,EUR,1.0,paid,N.Fra TB2025F/158 [COMPANY] Ef 1,COUNTERPARTY_03903
38e95a2d1d55171ce5db8bc2bbfb2095,COMP_0001,invoice,2025-07-24,2025-07-24,2025-07-24,7022.33,0.0,EUR,EUR,1.0,paid,N.Fra TB2025F/96 [COMPANY] Ef 1,COUNTERPARTY_03903
7c08132f00635d6d2ce698d0128f6330,COMP_0001,invoice,2025-11-06,2025-11-06,2025-11-18,-870.33,0.0,EUR,EUR,1.0,paid,S.Fra /212 COUNTERPARTY_49014 Ef 1F-251120,COUNTERPARTY_49014
9246d886f2e0d28645c2947c793b6be3,COMP_0001,invoice,2025-05-23,2025-07-21,2025-05-23,-103.67,0.0,EUR,EUR,1.0,paid,S.Fra /93 COUNTERPARTY_49050 Ef 1IA0367,COUNTERPARTY_49050
a190c15638cad479df05f4b47c0a912a,COMP_0001,invoice,2025-06-05,2025-06-05,2025-06-09,186.45,0.0,EUR,EUR,1.0,paid,N.Fra TB2025F/56 [COMPANY] Ef 1,COUNTERPARTY_03903
a660ab3883aab2e98bdd3c2c97de822c,COMP_0001,invoice,2025-03-23,2025-04-22,2025-03-23,-125.47,0.0,EUR,EUR,1.0,paid,S.Fra /52 COUNTERPARTY_01023 Ef [REF],COUNTERPARTY_49480
3ed29719b2e1eb4dbeda5f690886ab77,COMP_0001,invoice,2025-10-22,2025-10-22,2025-10-14,4235.0,0.0,EUR,EUR,1.0,paid,N.Fra TB2025F/181 [COMPANY] Ef 1,COUNTERPARTY_03903
472b998654cb39a0a2765a4a8fe6fd1e,COMP_0001,invoice,2025-04-15,2025-05-15,2025-04-15,-577.65,0.0,EUR,EUR,1.0,paid,S.Fra /[COMPANY] Ef 1CI[NUM],COUNTERPARTY_28286
86ff0a5442e65e4a1eeaaa86a4207e56,COMP_0001,invoice,2025-09-23,2025-10-23,2025-09-23,-149.46,0.0,EUR,EUR,1.0,paid,S.Fra /181 COUNTERPARTY_01023 Ef [REF],COUNTERPARTY_49480
0ead25a97d26b2a31086c2cf3b582d9a,COMP_0001,invoice,2025-06-11,2025-06-11,2025-06-11,-119.0,0.0,EUR,EUR,1.0,paid,S.Fra /149 COUNTERPARTY_01678 Ef 1ES51[X],COUNTERPARTY_48241
d86a3892dab9ce228c166de75cb480b3,COMP_0001,invoice,2025-04-30,2025-04-30,2025-04-30,3630.0,0.0,EUR,EUR,1.0,paid,N.Fra TB2025F/36 [COMPANY] Ef 1,COUNTERPARTY_03903
e56ed3aeb4a7cdf1f68b1a2d4e4e583a,COMP_0001,invoice,2025-09-29,2025-09-29,2025-10-14,2722.5,0.0,EUR,EUR,1.0,paid,N.Fra TB2025F/166 [COMPANY] Ef 1,COUNTERPARTY_03903
f32b530ca9b465289794f326abcb5039,COMP_0001,invoice,2025-01-21,2025-02-20,2025-01-21,-808.4,0.0,EUR,EUR,1.0,paid,S.Fra /11 COUNTERPARTY_27285 Ef 1F-158607,COUNTERPARTY_50262
aede7333d7d937801c91397f7b68b312,COMP_0001,invoice,2025-08-31,2025-09-30,2025-08-31,-172.65,0.0,EUR,EUR,1.0,paid,S.Fra /178 COUNTERPARTY_07183 Ef [NUM],COUNTERPARTY_50543
fc5673508b0352f8e3339b420b12a100,COMP_0001,invoice,2025-08-31,2025-09-30,2025-10-07,-3704.64,0.0,EUR,EUR,1.0,paid,S.Fra /176 COUNTERPARTY_23347 Ef 1RR/250.527,COUNTERPARTY_23347
ffc980bdf6fb6fccda0818f5e23a9d99,COMP_0001,invoice,2024-12-02,2025-01-01,2024-12-02,-1512.5,0.0,EUR,EUR,1.0,paid,S.Fra /99 COUNTERPARTY_27064 Ef 1F24/0403,COUNTERPARTY_27064
0bdbc2c6a914a9508caed0603c9199d7,COMP_0001,invoice,2025-07-24,2025-07-24,2025-07-24,3207.71,0.0,EUR,EUR,1.0,paid,N.Fra TB2025F/90 [COMPANY] Ef 1,COUNTERPARTY_03903
279973811670d2591ad9984d82ab879a,COMP_0001,invoice,2025-07-24,2025-07-24,2025-07-24,447.7,0.0,EUR,EUR,1.0,paid,N.Fra TB2025F/103 [COMPANY] Ef 1,COUNTERPARTY_03903
5b3dbe914c86de8d3afd9904fe28e9cd,COMP_0001,invoice,2025-08-12,2025-09-11,2025-08-12,-3323.87,0.0,EUR,EUR,1.0,paid,S.Fra /167 COUNTERPARTY_23347 Ef 1RR/250.500,COUNTERPARTY_23347
0c453ae0d7a5f0f8c3774039501f7cfe,COMP_0001,invoice,2025-06-09,2025-06-09,2025-06-11,-11.35,0.0,EUR,EUR,1.0,paid,S.Fra /120 COUNTERPARTY_01678 Ef 1ES51[X]9AEUI,COUNTERPARTY_48241
1e1fb1c97af433b66d0eb992f3900522,COMP_0001,invoice,2025-07-24,2025-07-24,2025-07-24,114.95,0.0,EUR,EUR,1.0,paid,N.Fra TB2025F/100 [COMPANY] Ef 1,COUNTERPARTY_03903
67665880979756ffd6f830e2af9c1950,COMP_0001,invoice,2025-05-28,2025-06-20,2025-05-30,-53.15,0.0,EUR,EUR,1.0,paid,S.Fra /96 COUNTERPARTY_51086 Ef 1ES51HJ08AEUI,COUNTERPARTY_51086
80ba203ca95610aeff17b0e7fb24fd4c,COMP_0001,invoice,2025-06-10,2025-06-10,2025-06-10,290.38,0.0,EUR,EUR,1.0,paid,N.Fra TB2025F/67 [COMPANY] Ef 1,COUNTERPARTY_03903
dac4af9cfc36a3b0abb8035aeef0600d,COMP_0001,invoice,2025-05-04,2025-05-04,2025-07-17,-7260.0,0.0,EUR,EUR,1.0,paid,S.Fra /76 COUNTERPARTY_26899 Ef 19,COUNTERPARTY_26899
f5529c27ceebae46354e26c07a651075,COMP_0001,invoice,2026-02-18,2026-03-20,2026-02-18,-87.24,0.0,EUR,EUR,1.0,paid,S.Fra /23 COUNTERPARTY_49050 Ef 1II3017,COUNTERPARTY_49050
fd3b9b34ef49cbd5e06e00b88bf763c9,COMP_0001,invoice,2025-07-22,2025-08-21,2025-07-22,-194.12,0.0,EUR,EUR,1.0,paid,S.Fra /[COMPANY] Ef 1ZB25-[NUM],COUNTERPARTY_28286
d3fb6a9dd868c54ec272e9d74b404c5b,COMP_0001,invoice,2025-06-27,2025-06-27,2025-06-27,15730.0,0.0,EUR,EUR,1.0,paid,N.Fra TB2025F/78 [COMPANY] Ef 1,COUNTERPARTY_03903
ebad9eec988e491d1c72199f69d28c2b,COMP_0001,invoice,2025-10-31,2025-10-31,2025-11-01,-83.77,0.0,EUR,EUR,1.0,paid,S.Fra /209 COUNTERPARTY_51811 Ef 1CI[NUM]-1025,COUNTERPARTY_51811
11fa7c0af45510dad7cdd4a1b13ad89a,COMP_0001,invoice,2025-12-23,2025-12-23,2026-01-05,-7260.0,0.0,EUR,EUR,1.0,paid,S.Fra /233 COUNTERPARTY_26899 Ef 122,COUNTERPARTY_26899
2944a59c23ab122e6c1f671de221dd44,COMP_0001,invoice,2025-10-22,2025-10-22,2025-11-10,633.85,0.0,EUR,EUR,1.0,paid,N.Fra TB2025F/172 [COMPANY] Ef 1,COUNTERPARTY_03903
4da7caf88e3aa16db6dc43d8490f5501,COMP_0001,invoice,2025-10-22,2025-10-22,2025-11-10,840.88,0.0,EUR,EUR,1.0,paid,N.Fra TB2025F/173 [COMPANY] Ef 1,COUNTERPARTY_03903
62e0839c8924cc63433aa93a0a4e3097,COMP_0001,invoice,2025-11-23,2025-12-23,2025-11-23,-149.46,0.0,EUR,EUR,1.0,paid,S.Fra /218 COUNTERPARTY_01023 Ef [REF],COUNTERPARTY_49480
67c971317eae483c487e82f0cffb30f6,COMP_0001,invoice,2025-10-15,2025-10-15,2025-10-15,-1481.04,0.0,EUR,EUR,1.0,paid,S.Fra /198 COUNTERPARTY_27064 Ef 1F25/0332,COUNTERPARTY_27064
981746790373d954b9366ccdc078da79,COMP_0001,invoice,2025-03-06,2025-03-06,2025-03-06,-418.36,0.0,EUR,EUR,1.0,paid,S.Fra /49 COUNTERPARTY_49014 Ef 1F-250265,COUNTERPARTY_49014
e28a3ba581045ecf02cfc6a018f2a61c,COMP_0001,invoice,2025-10-22,2025-10-22,2025-11-10,5082.0,0.0,EUR,EUR,1.0,paid,N.Fra TB2025F/178 [COMPANY] Ef 1,COUNTERPARTY_03903
e7ea5f63966a69617164a86fc2942e91,COMP_0001,invoice,2025-06-30,2025-06-30,2025-07-11,149.81,0.0,EUR,EUR,1.0,paid,N.Fra TB2025F/87 [COMPANY] Ef 1,COUNTERPARTY_03903
26da9dcdbcc2b78e6df35ef46f511976,COMP_0001,invoice,2025-05-15,2025-06-14,2025-05-22,-584.44,0.0,EUR,EUR,1.0,paid,S.Fra /[COMPANY] Ef 1CI[NUM],COUNTERPARTY_28286
366d2a4bc1e7bcf5a9208c4148bf8c28,COMP_0001,invoice,2025-01-01,2025-01-31,2025-01-01,-284.05,0.0,EUR,EUR,1.0,paid,S.Fra /17 COUNTERPARTY_07183 Ef 1L/25/[NUM],COUNTERPARTY_50543
51f962ccec13bdc3d9f1713f74217ec2,COMP_0001,invoice,2025-09-29,2025-09-29,2025-10-14,3630.0,0.0,EUR,EUR,1.0,paid,N.Fra TB2025F/164 [COMPANY] Ef 1,COUNTERPARTY_03903
81a0f010ce77a09e2a1dbbb484ce3ae7,COMP_0001,invoice,2025-07-24,2025-07-24,2025-07-24,5082.0,0.0,EUR,EUR,1.0,paid,N.Fra TB2025F/120 [COMPANY] Ef 1,COUNTERPARTY_03903
b1178527e2a6a86d1cf4f498b1ae3879,COMP_0001,invoice,2025-06-18,2025-06-18,2025-06-18,-127.29,0.0,EUR,EUR,1.0,paid,S.Fra /126 COUNTERPARTY_01678 Ef 1ES51PO23AEUI,COUNTERPARTY_48241
b33f48123fec05f9bea685a039e697e7,COMP_0001,invoice,2025-09-29,2025-09-29,2025-10-14,6655.0,0.0,EUR,EUR,1.0,paid,N.Fra TB2025F/154 [COMPANY] Ef 1,COUNTERPARTY_03903
bd1ebbcfc453ae7b6c785bc145aa002c,COMP_0001,invoice,2025-08-29,2025-09-28,2025-08-29,-17.58,0.0,EUR,EUR,1.0,paid,S.Fra /175 COUNTERPARTY_49050 Ef 1IC6164,COUNTERPARTY_49050
0b8c384c50f23a8c4d12627e6ca15e7d,COMP_0001,invoice,2025-01-28,2025-02-27,2025-01-28,-21.94,0.0,EUR,EUR,1.0,paid,S.Fra /16 COUNTERPARTY_01023 Ef [REF],COUNTERPARTY_49480
24b5c7352406137eeed01a3f678bbf8e,COMP_0001,invoice,2025-10-22,2025-10-22,2025-11-10,6050.0,0.0,EUR,EUR,1.0,paid,N.Fra TB2025F/185 [COMPANY] Ef 1,COUNTERPARTY_03903
479935ce022bf0b43a0fdfd1c5c7a3fc,COMP_0001,invoice,2025-07-24,2025-07-24,2025-07-24,1210.0,0.0,EUR,EUR,1.0,paid,N.Fra TB2025F/134 [COMPANY] Ef 1,COUNTERPARTY_03903
7dda04728c1906cbe46107c990fce737,COMP_0001,invoice,2025-06-22,2025-06-22,2025-06-24,-76.23,0.0,EUR,EUR,1.0,paid,S.Fra /135 COUNTERPARTY_01678 Ef 1ES5U036ABEI,COUNTERPARTY_48241
a726c3e17f0f0298c6dfa14de9b25f15,COMP_0001,invoice,2025-07-24,2025-07-24,2025-07-24,3207.71,0.0,EUR,EUR,1.0,paid,N.Fra TB2025F/91 [COMPANY] Ef 1,COUNTERPARTY_03903
c863edac948684fa35840f3dbccd630d,COMP_0001,invoice,2025-04-03,2025-05-20,2025-04-03,-42.73,0.0,EUR,EUR,1.0,paid,S.Fra /63 COUNTERPARTY_35207 Ef 111/2025/2.551,COUNTERPARTY_35207
628d37cfd5217488f620317c9fc8147a,COMP_0001,invoice,2025-10-22,2025-10-22,2025-11-10,410.58,0.0,EUR,EUR,1.0,paid,N.Fra TB2025F/176 [COMPANY] Ef 1,COUNTERPARTY_03903
69af982a960b5f8010d86b1cd41b59e4,COMP_0001,invoice,2025-06-27,2025-06-27,2025-07-11,2420.0,0.0,EUR,EUR,1.0,paid,N.Fra TB2025F/76 [COMPANY] Ef 1,COUNTERPARTY_03903
a7807a05d954329c32977e96e7150e76,COMP_0001,invoice,2025-12-22,2026-01-21,2026-01-05,-14520.0,0.0,EUR,EUR,1.0,paid,S.Fra /231 COUNTERPARTY_09820 Ef 17,COUNTERPARTY_09820
b8903152f3605469caacd59de790e8a8,COMP_0001,invoice,2025-08-17,2025-08-16,2025-09-11,5445.0,0.0,EUR,EUR,1.0,paid,N.Fra TB2025F/138 [COMPANY] Ef 1,COUNTERPARTY_03903
cab71f581b0bebb5ad6668267f7b5ddc,COMP_0001,invoice,2025-07-24,2025-07-24,2025-07-24,165.65,0.0,EUR,EUR,1.0,paid,N.Fra TB2025F/101 [COMPANY] Ef 1,COUNTERPARTY_03903
3f70d69e77dd3dcf5ffee464c9e9e567,COMP_0001,invoice,2025-04-30,2025-04-30,2025-06-09,15730.0,0.0,EUR,EUR,1.0,paid,N.Fra TB2025F/40 [COMPANY] Ef 1,COUNTERPARTY_03903
a55d6f1a60cca2372b72515be02467d3,COMP_0001,invoice,2025-10-28,2025-11-27,2025-11-05,-14520.0,0.0,EUR,EUR,1.0,paid,S.Fra /203 COUNTERPARTY_09820 Ef 14,COUNTERPARTY_09820
0febf943fe61cb26d03f610eb19bf3b5,COMP_0001,invoice,2025-07-24,2025-07-24,2025-07-24,12100.0,0.0,EUR,EUR,1.0,paid,N.Fra TB2025F/119 [COMPANY] Ef 1,COUNTERPARTY_03903
27490470c852178e2ca3aaebb9f89a8a,COMP_0001,invoice,2025-06-18,2025-06-18,2025-06-20,-14.29,0.0,EUR,EUR,1.0,paid,S.Fra /140 COUNTERPARTY_53180 Ef [REF],COUNTERPARTY_53180
d6f1c0a03849e77f5596db421015f169,COMP_0001,invoice,2025-09-29,2025-09-29,2025-10-14,1210.0,0.0,EUR,EUR,1.0,paid,N.Fra TB2025F/170 [COMPANY] Ef 1,COUNTERPARTY_03903
22e51404c4085160f58f4b067d21cd9e,COMP_0001,invoice,2025-07-24,2025-07-24,2025-07-24,9075.0,0.0,EUR,EUR,1.0,paid,N.Fra TB2025F/131 [COMPANY] Ef 1,COUNTERPARTY_03903
423c2c41616e98b01426f0c3774b9def,COMP_0001,invoice,2025-06-10,2025-06-10,2025-06-10,-27.81,0.0,EUR,EUR,1.0,paid,S.Fra /145 COUNTERPARTY_53449 Ef [REF],COUNTERPARTY_53449
1473188177c528c6038d285cc6b8d9f3,COMP_0001,invoice,2025-05-28,2025-06-20,2025-05-28,-53.15,0.0,EUR,EUR,1.0,paid,S.Fra /97 COUNTERPARTY_51086 Ef 1ES51[X],COUNTERPARTY_51086
46a06e3f8a6e52a5ba7eb752120b7b26,COMP_0001,invoice,2025-07-24,2025-07-24,2025-07-24,827.63,0.0,EUR,EUR,1.0,paid,N.Fra TB2025F/113 [COMPANY] Ef 1,COUNTERPARTY_03903
55087bba8124aa95a569944028463950,COMP_0001,invoice,2025-08-25,2025-09-24,2025-09-11,-66.63,0.0,EUR,EUR,1.0,paid,S.Fra /174 COUNTERPARTY_35207 Ef 12025/8626,COUNTERPARTY_35207
5f8710e3e50acfc6315a707422eee2f2,COMP_0001,invoice,2025-09-25,2025-10-25,2025-09-25,-12.7,0.0,EUR,EUR,1.0,paid,S.Fra /184 COUNTERPARTY_53708 Ef 1F-6828,COUNTERPARTY_53708
7bee93b8009d2bf87c2a9b6c5470efce,COMP_0001,invoice,2025-07-24,2025-07-24,2025-07-24,1858.56,0.0,EUR,EUR,1.0,paid,N.Fra TB2025F/114 [COMPANY] Ef 1,COUNTERPARTY_03903
b6aa3eb14f01d27c14e54531cd06b833,COMP_0001,invoice,2025-05-27,2025-06-20,2025-05-29,-530.1,0.0,EUR,EUR,1.0,paid,S.Fra /95 COUNTERPARTY_29075 Ef [REF],COUNTERPARTY_53772
bd506b7683584d7e7a55a1fabfdd1b59,COMP_0001,invoice,2025-08-17,2025-08-16,2025-10-14,3932.5,0.0,EUR,EUR,1.0,paid,N.Fra TB2025F/145 [COMPANY] Ef 1,COUNTERPARTY_03903
e57b5d63b5938adfb257e8f4b2bd40f1,COMP_0001,invoice,2025-09-29,2025-09-29,2025-10-14,5082.0,0.0,EUR,EUR,1.0,paid,N.Fra TB2025F/156 [COMPANY] Ef 1,COUNTERPARTY_03903
f8364c31578f073eeecce88930346ee9,COMP_0001,invoice,2025-06-20,2025-06-20,2025-06-23,-26.77,0.0,EUR,EUR,1.0,paid,S.Fra /134 COUNTERPARTY_01678 Ef 1ES5[X],COUNTERPARTY_48241
156623bce54c1c2ca5b77766746fc7c3,COMP_0001,invoice,2025-07-24,2025-07-24,2025-07-24,4598.0,0.0,EUR,EUR,1.0,paid,N.Fra TB2025F/126 [COMPANY] Ef 1,COUNTERPARTY_03903
28da69dc9aef654a73dffa8baaef88ed,COMP_0001,invoice,2025-08-31,2025-08-31,2025-08-31,-93.53,0.0,EUR,EUR,1.0,paid,S.Fra /177 COUNTERPARTY_51811 Ef 1C[NUM]-0825,COUNTERPARTY_51811
2d1892c3d02ecf8d0774bbdc15600613,COMP_0001,invoice,2025-06-05,2025-06-05,2025-06-09,152.46,0.0,EUR,EUR,1.0,paid,N.Fra TB2025F/58 [COMPANY] Ef 1,COUNTERPARTY_03903
ad245a036c74df8919b82893ef37e814,COMP_0001,invoice,2025-05-28,2025-06-20,2025-05-28,-53.15,0.0,EUR,EUR,1.0,paid,S.Fra /99 COUNTERPARTY_51086 Ef 1ES51[X]0AEUI,COUNTERPARTY_51086
b4a84f46c42f395f029c31492246f63e,COMP_0001,invoice,2025-05-22,2025-06-20,2025-05-26,-65.5,0.0,EUR,EUR,1.0,paid,S.Fra /91 COUNTERPARTY_51086 Ef 1ES51[X],COUNTERPARTY_51086
0dafb8955c41c9c267b29c9dbd56bb40,COMP_0001,invoice,2025-06-27,2025-06-27,2025-07-11,1815.0,0.0,EUR,EUR,1.0,paid,N.Fra TB2025F/69 [COMPANY] Ef 1,COUNTERPARTY_03903
88aa7aef951ec4b3901b3524d69b738a,COMP_0001,invoice,2025-06-02,2025-06-02,2025-06-03,-125.6,0.0,EUR,EUR,1.0,paid,S.Fra /106 COUNTERPARTY_01678 Ef 1ES51J2[X],COUNTERPARTY_48241
ce9453f6968e822eb23f2394a450680c,COMP_0001,invoice,2025-07-24,2025-07-24,2025-07-24,1506.11,0.0,EUR,EUR,1.0,paid,N.Fra TB2025F/99 [COMPANY] Ef 1,COUNTERPARTY_03903
d3bfd2c5713bb3b793a5d5599f9630a9,COMP_0001,invoice,2025-07-24,2025-07-24,2025-07-24,253.14,0.0,EUR,EUR,1.0,paid,N.Fra TB2025F/94 [COMPANY] Ef 1,COUNTERPARTY_03903
3a8dd54bac0e141bfed75faa3f6e3e68,COMP_0001,invoice,2025-07-24,2025-07-24,2025-07-24,363.0,0.0,EUR,EUR,1.0,paid,N.Fra TB2025F/104 [COMPANY] Ef 1,COUNTERPARTY_03903
8779513fa0fbe71b9c36f795c9029627,COMP_0001,invoice,2025-09-29,2025-09-29,2025-10-07,-7260.01,0.0,EUR,EUR,1.0,paid,S.Fra /187 COUNTERPARTY_08037 Ef 116,COUNTERPARTY_08037
b8fac28da193b6b395696ec27929f758,COMP_0001,invoice,2025-12-15,2026-01-14,2025-12-23,-1237.14,0.0,EUR,EUR,1.0,paid,S.Fra /[COMPANY] Ef 1CI[NUM],COUNTERPARTY_28286
f20b68295bf1732620bae783be4e307e,COMP_0001,invoice,2025-06-27,2025-06-27,2025-07-11,2420.0,0.0,EUR,EUR,1.0,paid,N.Fra TB2025F/75 [COMPANY] Ef 1,COUNTERPARTY_03903
14f3792ca833eda43d2c3fc36f2968ce,COMP_0001,invoice,2025-11-22,2025-12-22,2025-11-28,-194.11,0.0,EUR,EUR,1.0,paid,S.Fra /[COMPANY] Ef 1ZB25-[NUM],COUNTERPARTY_28286
8b82424dda069ad843867772f662e692,COMP_0001,invoice,2025-04-30,2025-04-30,2025-05-07,1815.0,0.0,EUR,EUR,1.0,paid,N.Fra TB2025F/38 [COMPANY] Ef 1,COUNTERPARTY_03903
db6aaf4d7e571945f7461ea884bd87d8,COMP_0001,invoice,2026-02-04,2026-02-04,2026-02-04,-512.12,0.0,EUR,EUR,1.0,paid,S.Fra /14 COUNTERPARTY_53300 Ef 10SW/[NUM],COUNTERPARTY_54710
42e8d51471d679ca4a94a02eda222aa6,COMP_0001,invoice,2025-06-23,2025-07-23,2025-06-23,-149.46,0.0,EUR,EUR,1.0,paid,S.Fra /136 COUNTERPARTY_01023 Ef [REF],COUNTERPARTY_49480
a63d002170df775163a60607c7b80068,COMP_0001,invoice,2026-01-30,2026-03-01,2026-02-06,-7260.0,0.0,EUR,EUR,1.0,paid,S.Fra /7 COUNTERPARTY_26899 Ef 11,COUNTERPARTY_26899
cc33bc5658aa6d4b108d776ec73660d8,COMP_0001,invoice,2025-10-22,2025-10-22,2025-11-10,7260.0,0.0,EUR,EUR,1.0,paid,N.Fra TB2025F/184 [COMPANY] Ef 1,COUNTERPARTY_03903
281e6d9660b3903d47b747c96938651f,COMP_0001,invoice,2025-06-10,2025-06-10,2025-06-10,-31.97,0.0,EUR,EUR,1.0,paid,S.Fra /121 COUNTERPARTY_01678 Ef 1DS-AEU-INV-ES-2025-[NUM],COUNTERPARTY_48241
44052ae1dd6d7b91b60dc3411025f86b,COMP_0001,invoice,2025-07-24,2025-07-24,2025-07-24,963.18,0.0,EUR,EUR,1.0,paid,N.Fra TB2025F/93 [COMPANY] Ef 1,COUNTERPARTY_03903
e08affb9abbd62981f794c60be3683d3,COMP_0001,invoice,2025-06-10,2025-06-10,2025-07-11,290.38,0.0,EUR,EUR,1.0,paid,N.Fra TB2025F/64 [COMPANY] Ef 1,COUNTERPARTY_03903
0635dd9fc64578cb11f2a8771b567c40,COMP_0001,invoice,2025-06-08,2025-06-08,2025-06-08,-337.59,0.0,EUR,EUR,1.0,paid,S.Fra /116 COUNTERPARTY_01678 Ef 1ES51[X],COUNTERPARTY_48241
ae8291f752fd016e9546cb35c7e24555,COMP_0001,invoice,2025-09-29,2025-09-29,2025-10-07,-7260.0,0.0,EUR,EUR,1.0,paid,S.Fra /186 COUNTERPARTY_26899 Ef 117,COUNTERPARTY_26899
236bedd4e347259d957231443985105e,COMP_0001,invoice,2025-05-22,2025-06-21,2025-05-29,-194.11,0.0,EUR,EUR,1.0,paid,S.Fra /[COMPANY] Ef 1ZB25-[NUM],COUNTERPARTY_28286
39788c506a0ef93695916cdf8b913942,COMP_0001,invoice,2025-06-10,2025-07-10,2025-06-10,-114.9,0.0,EUR,EUR,1.0,paid,S.Fra /154 COUNTERPARTY_55410 Ef [NUM],COUNTERPARTY_55410
3c856389c64cb853fdace67c1228bdbd,COMP_0001,invoice,2026-02-16,2026-03-18,2026-02-16,-98.67,0.0,EUR,EUR,1.0,paid,S.Fra /18 COUNTERPARTY_24926 Ef [NUM]/5/26/000507,COUNTERPARTY_55414
4a5546b8cc1511897f917f733cf0e571,COMP_0001,invoice,2025-06-12,2025-06-12,2025-06-16,-19.98,0.0,EUR,EUR,1.0,paid,S.Fra /123 COUNTERPARTY_55418 Ef [REF],COUNTERPARTY_55418
7a33de6248813582e98278496b22c9ec,COMP_0001,invoice,2025-01-23,2025-02-22,2025-01-23,-101.48,0.0,EUR,EUR,1.0,paid,S.Fra /14 COUNTERPARTY_01023 Ef [REF],COUNTERPARTY_49480
9420843b93f5ecfa7d9370501c1184f5,COMP_0001,invoice,2025-07-24,2025-07-24,2025-07-24,1227.41,0.0,EUR,EUR,1.0,paid,N.Fra TB2025F/102 [COMPANY] Ef 1,COUNTERPARTY_03903
53f95eca1aa262d296e1e83f18524f47,COMP_0001,invoice,2025-08-23,2025-09-22,2025-08-23,-149.46,0.0,EUR,EUR,1.0,paid,S.Fra /172 COUNTERPARTY_01023 Ef [REF],COUNTERPARTY_49480
7f8cb0728035cb5d895b2e42862a63c5,COMP_0001,invoice,2025-07-24,2025-07-24,2025-07-24,726.0,0.0,EUR,EUR,1.0,paid,N.Fra TB2025F/107 [COMPANY] Ef 1,COUNTERPARTY_03903
375b6a1b357fcf31cb651ccae7e5e308,COMP_0001,invoice,2025-07-24,2025-07-24,2025-07-24,2722.5,0.0,EUR,EUR,1.0,paid,N.Fra TB2025F/130 [COMPANY] Ef 1,COUNTERPARTY_03903
501c33aa26d67eba918ae7591e4385d8,COMP_0001,invoice,2025-10-15,2025-11-14,2025-10-23,-1356.29,0.0,EUR,EUR,1.0,paid,S.Fra /[COMPANY] Ef 1CI[NUM],COUNTERPARTY_28286
9d5c5b50f390c0b7a063e14d6d628320,COMP_0001,invoice,2025-09-29,2025-09-29,2025-10-14,7260.0,0.0,EUR,EUR,1.0,paid,N.Fra TB2025F/163 [COMPANY] Ef 1,COUNTERPARTY_03903
bd8d4912a835a1dc1f3a557032406e40,COMP_0001,invoice,2025-07-24,2025-07-24,2025-07-24,399.28,0.0,EUR,EUR,1.0,paid,N.Fra TB2025F/95 [COMPANY] Ef 1,COUNTERPARTY_03903
c83b84026330e78b393cffacacfe1111,COMP_0001,invoice,2025-12-31,2026-01-30,2025-12-31,-235.96,0.0,EUR,EUR,1.0,paid,S.Fra /238 COUNTERPARTY_07183 Ef [NUM],COUNTERPARTY_50543
cdd4b23811139d2cb77b8c1aa0202dfb,COMP_0001,invoice,2025-05-22,2025-06-20,2025-05-26,-65.49,0.0,EUR,EUR,1.0,paid,S.Fra /89 COUNTERPARTY_51086 Ef 1ES51[X],COUNTERPARTY_51086
1691406e446ecdfc00e210da705f1556,COMP_0001,invoice,2025-06-05,2025-06-05,2025-06-09,1603.53,0.0,EUR,EUR,1.0,paid,N.Fra TB2025F/57 [COMPANY] Ef 1,COUNTERPARTY_03903
39a92072df6f962d7b0efcb4e8796630,COMP_0001,invoice,2025-09-30,2025-10-30,2025-10-07,-1154.63,0.0,EUR,EUR,1.0,paid,S.Fra /190 COUNTERPARTY_23347 Ef 1RR/250.594,COUNTERPARTY_23347
4726ca891916026e4af85490f8a43f88,COMP_0001,invoice,2025-10-06,2025-11-05,2025-10-06,-72.6,0.0,EUR,EUR,1.0,paid,S.Fra /194 COUNTERPARTY_02168 Ef [REF],COUNTERPARTY_55961
971478f32275a519b4ce9ef14a85411c,COMP_0001,invoice,2025-06-05,2025-06-05,2025-06-09,516.2,0.0,EUR,EUR,1.0,paid,N.Fra TB2025F/59 [COMPANY] Ef 1,COUNTERPARTY_03903
f27cebc4707dd97eb36e1d4a5d9b5997,COMP_0001,invoice,2025-10-23,2025-11-22,2025-10-23,-149.46,0.0,EUR,EUR,1.0,paid,S.Fra /202 COUNTERPARTY_01023 Ef [REF],COUNTERPARTY_49480
2fc920da0ca61ec649ff571c2a70c3b3,COMP_0001,invoice,2025-12-29,2025-12-29,2025-12-29,-3630.0,0.0,EUR,EUR,1.0,paid,S.Fra /236 COUNTERPARTY_56127 Ef 13,COUNTERPARTY_56127
cfc83120a080697275b47cf4cc79bc64,COMP_0001,invoice,2025-06-27,2025-06-27,2025-07-11,1815.0,0.0,EUR,EUR,1.0,paid,N.Fra TB2025F/68 [COMPANY] Ef 1,COUNTERPARTY_03903
d71875213e45b613f9c35fb7600137ff,COMP_0001,invoice,2025-04-07,2025-04-07,2025-04-07,319.0,0.0,EUR,EUR,1.0,paid,S.Fra /69 COUNTERPARTY_23347 Ef 1A/250.015,COUNTERPARTY_23347
63ea16c510d8b32a82c53a80078e6325,COMP_0001,invoice,2025-06-27,2025-06-27,2025-07-11,15730.0,0.0,EUR,EUR,1.0,paid,N.Fra TB2025F/71 [COMPANY] Ef 1,COUNTERPARTY_03903
85135d80bca586446b400a9b927963c0,COMP_0001,invoice,2025-09-29,2025-09-29,2025-11-10,12100.0,0.0,EUR,EUR,1.0,paid,N.Fra TB2025F/155 [COMPANY] Ef 1,COUNTERPARTY_03903
39265aa893fdccb3f8d68b2aa17274a0,COMP_0001,invoice,2025-05-30,2025-05-30,2025-06-03,-119.63,0.0,EUR,EUR,1.0,paid,S.Fra /COUNTERPARTY_49568 SUCURSAL ESPAÑA Ef 1ES51[X],COUNTERPARTY_48241
478eef3c7ff1c7183d37e3401f151c36,COMP_0001,invoice,2026-01-26,2026-01-26,2026-02-06,32726.87,0.0,EUR,EUR,1.0,paid,N.Fra TB2026F/6 [COMPANY] Ef 1,COUNTERPARTY_03903
60e0afd0413d3ec70c17fb462754aaac,COMP_0001,invoice,2025-07-23,2025-08-22,2025-07-23,-149.46,0.0,EUR,EUR,1.0,paid,S.Fra /160 COUNTERPARTY_01023 Ef [REF],COUNTERPARTY_49480
778a9176a4a6dfeb6cfa12dc35c8b239,COMP_0001,invoice,2025-06-10,2025-06-10,2025-07-11,145.19,0.0,EUR,EUR,1.0,paid,N.Fra TB2025F/62 [COMPANY] Ef 1,COUNTERPARTY_03903
7b50301084d421dd3560f2e27cd911fa,COMP_0001,invoice,2025-01-07,2025-01-07,2025-01-07,-644.24,0.0,EUR,EUR,1.0,paid,S.Fra /3 COUNTERPARTY_56571 Ef 1TB-2025-A2,COUNTERPARTY_56571
a7343bd64089e283a296ee2bcc3d60f9,COMP_0001,invoice,2025-05-23,2025-05-23,2025-06-09,259.57,0.0,EUR,EUR,1.0,paid,N.Fra TB2025F/54 [COMPANY] Ef 1,COUNTERPARTY_03903
f25b54cf114398de0c8902b88a741adf,COMP_0001,invoice,2025-11-30,2025-11-30,2025-11-30,-79.46,0.0,EUR,EUR,1.0,paid,S.Fra /224 COUNTERPARTY_51811 Ef 1CI[NUM]-1125,COUNTERPARTY_51811
24ea42160000383fdf136b4a3455fbaa,COMP_0001,invoice,2026-02-22,2026-03-24,2026-02-22,-203.76,0.0,EUR,EUR,1.0,paid,S.Fra /[COMPANY] Ef 1ZB26-[NUM],COUNTERPARTY_28286
2ff5bff82cbd8e25b6b97271696fc6da,COMP_0001,invoice,2025-01-09,2025-01-09,2025-01-09,12100.0,0.0,EUR,EUR,1.0,paid,N.Fra TB2025F/4 [COMPANY] Ef 1,COUNTERPARTY_03903
473ec865c8ab787546c93e024d6fdd8d,COMP_0001,invoice,2025-04-30,2025-04-30,2025-04-30,6050.0,0.0,EUR,EUR,1.0,paid,N.Fra TB2025F/41 [COMPANY] Ef 1,COUNTERPARTY_03903
49bbd813d0e42f440c5ea68a252dfe63,COMP_0001,invoice,2025-06-10,2025-07-10,2025-06-10,-146.42,0.0,EUR,EUR,1.0,paid,S.Fra /153 COUNTERPARTY_49050 Ef 1IA5642,COUNTERPARTY_49050
7b729be3cdbdf3e74e0f4d45aeba2583,COMP_0001,invoice,2025-05-18,2025-06-20,2025-05-18,-69.99,0.0,EUR,EUR,1.0,paid,S.Fra /86 COUNTERPARTY_01678 Ef 1ES51[X]7AEUI,COUNTERPARTY_48241
fc04a9b4036b39045d10d21ff8bae4d6,COMP_0001,invoice,2025-02-03,2025-02-03,2025-02-03,-281.89,0.0,EUR,EUR,1.0,paid,S.Fra /18 COUNTERPARTY_56571 Ef 1:TB-2025-A5,COUNTERPARTY_56571
55a85e8d3f65558b961d308ec344dcda,COMP_0001,invoice,2025-09-29,2025-09-29,2025-10-14,9075.0,0.0,EUR,EUR,1.0,paid,N.Fra TB2025F/167 [COMPANY] Ef 1,COUNTERPARTY_03903
dfa2a50dec8c56116418f0cfa0fa4917,COMP_0001,invoice,2025-06-19,2025-06-19,2025-06-20,-33.72,0.0,EUR,EUR,1.0,paid,S.Fra /131 COUNTERPARTY_01678 Ef 1ES51PY1[X],COUNTERPARTY_48241
4687642cf2eafae10ff2349e23b20c94,COMP_0001,invoice,2025-06-27,2025-06-27,2025-07-11,4235.0,0.0,EUR,EUR,1.0,paid,N.Fra TB2025F/72 [COMPANY] Ef 1,COUNTERPARTY_03903
5297990014adca7f8d5b10d11e661d9b,COMP_0001,invoice,2025-05-19,2025-05-19,2025-06-09,1815.0,0.0,EUR,EUR,1.0,paid,N.Fra TB2025F/50 [COMPANY] Ef 1,COUNTERPARTY_03903
b4f03458c0bdc7fafcd3b9b828053b1f,COMP_0001,invoice,2025-07-24,2025-07-24,2025-07-24,827.64,0.0,EUR,EUR,1.0,paid,N.Fra TB2025F/112 [COMPANY] Ef 1,COUNTERPARTY_03903
c0a72c650e8dc51956b3354ec6bf82de,COMP_0001,invoice,2025-04-28,2025-05-20,2025-04-28,-189.21,0.0,EUR,EUR,1.0,paid,S.Fra /82 COUNTERPARTY_01678 Ef 1ES516YT0AEUI,COUNTERPARTY_48241
f82d57c5f1a63aa9ad28005317d8f269,COMP_0001,invoice,2025-05-29,2025-06-20,2025-06-02,-21.49,0.0,EUR,EUR,1.0,paid,S.Fra /103 COUNTERPARTY_57328 Ef [REF],COUNTERPARTY_57328
35e7a76141d1f3781339de5046f4096b,COMP_0001,invoice,2025-06-10,2025-06-10,2025-07-11,145.19,0.0,EUR,EUR,1.0,paid,N.Fra TB2025F/66 [COMPANY] Ef 1,COUNTERPARTY_03903
3e4244ce453b0504468de95634ffd388,COMP_0001,invoice,2025-03-01,2025-03-31,2025-03-01,-238.77,0.0,EUR,EUR,1.0,paid,S.Fra /57 COUNTERPARTY_07183 Ef 12025L/25,COUNTERPARTY_50543
47f09bbca112c652a6881119c57853eb,COMP_0001,invoice,2025-10-22,2025-10-22,2025-11-10,5445.0,0.0,EUR,EUR,1.0,paid,N.Fra TB2025F/190 [COMPANY] Ef 1,COUNTERPARTY_03903
6dd7b6549d9c6dd735c816f6a74114e1,COMP_0001,invoice,2024-12-25,2025-01-24,2024-12-25,-4688.75,0.0,EUR,EUR,1.0,paid,S.Fra /116 COUNTERPARTY_08037 Ef 16,COUNTERPARTY_08037
6e1ad2a37acf6bc9f13f5e0cf804059a,COMP_0001,invoice,2025-08-17,2025-08-17,2025-08-26,-7260.01,0.0,EUR,EUR,1.0,paid,S.Fra /169 COUNTERPARTY_08037 Ef 115,COUNTERPARTY_08037
74a4b5dd24d269483639a3b1794ecc57,COMP_0001,invoice,2025-08-07,2025-08-07,2025-08-11,-25.98,0.0,EUR,EUR,1.0,paid,S.Fra /164 COUNTERPARTY_01678 Ef 1ES512[X],COUNTERPARTY_48241
863e797ef2ef4d8e752e0079ef2bdf4c,COMP_0001,invoice,2026-01-29,2026-02-28,2026-02-17,-392.04,0.0,EUR,EUR,1.0,paid,S.Fra /12 COUNTERPARTY_57430 Ef 12026/176/01,COUNTERPARTY_57430
b09acb54f5a4dc40c84edcb5e778b458,COMP_0001,invoice,2025-08-17,2025-08-16,2025-09-11,2722.5,0.0,EUR,EUR,1.0,paid,N.Fra TB2025F/141 [COMPANY] Ef 1,COUNTERPARTY_03903
bc97a1292ae7da55df21c4d155b005f5,COMP_0001,invoice,2025-09-29,2025-09-29,2025-10-14,9680.0,0.0,EUR,EUR,1.0,paid,N.Fra TB2025F/168 [COMPANY] Ef 1,COUNTERPARTY_03903
2a3930fa7ea22f178e9bb6bad5b698b9,COMP_0001,invoice,2025-08-17,2025-08-16,2025-10-14,5082.0,0.0,EUR,EUR,1.0,paid,N.Fra TB2025F/150 [COMPANY] Ef 1,COUNTERPARTY_03903
2fd92bc874d1b1ba0dd01219b98c70bf,COMP_0001,invoice,2025-04-24,2025-05-24,2025-04-24,-71.97,0.0,EUR,EUR,1.0,paid,S.Fra /75 COUNTERPARTY_01023 Ef [REF],COUNTERPARTY_49480
7250755cb29703c0d18b5f8537c40ab5,COMP_0001,invoice,2025-10-22,2025-10-22,2025-11-10,6655.0,0.0,EUR,EUR,1.0,paid,N.Fra TB2025F/180 [COMPANY] Ef 1,COUNTERPARTY_03903
72926c10386f40eb1911da1164d24aad,COMP_0001,invoice,2025-10-22,2025-10-22,2025-11-10,309.78,0.0,EUR,EUR,1.0,paid,N.Fra TB2025F/175 [COMPANY] Ef 1,COUNTERPARTY_03903
75b61b754798856289deddd82ac32183,COMP_0001,invoice,2025-06-30,2025-06-30,2025-07-11,424.09,0.0,EUR,EUR,1.0,paid,N.Fra TB2025F/83 [COMPANY] Ef 1,COUNTERPARTY_03903
808716523d56093ee1430f06b9a40f76,COMP_0001,invoice,2025-08-17,2025-08-16,2025-10-14,7260.0,0.0,EUR,EUR,1.0,paid,N.Fra TB2025F/144 [COMPANY] Ef 1,COUNTERPARTY_03903
ddddfd78c49f9311981f54a5556b4e1e,COMP_0001,invoice,2025-06-30,2025-06-30,2025-06-30,-443.94,0.0,EUR,EUR,1.0,paid,S.Fra /143 COUNTERPARTY_57836 Ef 1E001-[NUM],COUNTERPARTY_57836
e1a015a0443202772cd1adc9aa973ba6,COMP_0001,invoice,2025-10-22,2025-10-22,2025-11-10,9680.0,0.0,EUR,EUR,1.0,paid,N.Fra TB2025F/189 [COMPANY] Ef 1,COUNTERPARTY_03903
3644c4922ecbafdf2639f870ecd65039,COMP_0001,invoice,2025-07-24,2025-07-24,2025-07-24,14520.0,0.0,EUR,EUR,1.0,paid,N.Fra TB2025F/122 [COMPANY] Ef 1,COUNTERPARTY_03903
3ef8699087244b216ebdfc60b0c9e82a,COMP_0001,invoice,2025-10-22,2025-10-22,2025-11-10,2722.5,0.0,EUR,EUR,1.0,paid,N.Fra TB2025F/186 [COMPANY] Ef 1,COUNTERPARTY_03903
d689412a591a0b5734140aef7aca6a90,COMP_0001,invoice,2025-07-03,2025-07-03,2025-07-03,38.36,0.0,EUR,EUR,1.0,paid,S.Fra /152 COUNTERPARTY_01678 Ef 1ES51LF6[X],COUNTERPARTY_48241
0554f7a1660058db0f0e8290e98dbbb4,COMP_0001,invoice,2025-02-23,2025-03-25,2025-02-23,-125.47,0.0,EUR,EUR,1.0,paid,S.Fra /24 COUNTERPARTY_01023 Ef [REF],COUNTERPARTY_49480
088164e8759ddb6196ac5c288881e20b,COMP_0001,invoice,2025-07-24,2025-07-24,2025-07-24,4235.0,0.0,EUR,EUR,1.0,paid,N.Fra TB2025F/123 [COMPANY] Ef 1,COUNTERPARTY_03903
0c309c88d94096220f3b8d2d0ce9482d,COMP_0001,invoice,2025-06-27,2025-06-27,2025-06-09,6050.0,0.0,EUR,EUR,1.0,paid,N.Fra TB2025F/77 [COMPANY] Ef 1,COUNTERPARTY_03903
4b9846536834102976586052ff3096ce,COMP_0001,invoice,2024-10-31,2024-10-31,2024-10-31,-274.4,0.0,EUR,EUR,1.0,paid,S.Fra /74 COUNTERPARTY_07183 Ef 1L/24/[NUM],COUNTERPARTY_50543
54ba9c728a973036105d6db70ba3fb83,COMP_0001,invoice,2025-06-16,2025-06-16,2025-06-18,-15.79,0.0,EUR,EUR,1.0,paid,S.Fra /124 COUNTERPARTY_01678 Ef 1ES51OMS9AEUI,COUNTERPARTY_48241
68a7c52d8dc7cc72439d94b58854fc23,COMP_0001,invoice,2025-07-24,2025-07-24,2025-07-24,-4841.0,0.0,EUR,EUR,1.0,paid,N.Fra TB2025F/89 [COMPANY] Ef 1,COUNTERPARTY_03903
737820fce137dc631599917127b519ff,COMP_0001,invoice,2025-09-30,2025-10-30,2025-10-07,-14520.0,0.0,EUR,EUR,1.0,paid,S.Fra /189 COUNTERPARTY_09820 Ef 13,COUNTERPARTY_09820
3a8ccf38effda23654e286dd9567ba47,COMP_0001,invoice,2025-01-28,2025-02-20,2025-01-28,-392.04,0.0,EUR,EUR,1.0,paid,S.Fra /15 COUNTERPARTY_57430 Ef 12025/176/01,COUNTERPARTY_57430
527fb7332cbb574d95e2fd6ad62fae69,COMP_0001,invoice,2025-03-25,2025-03-25,2025-05-07,6050.0,0.0,EUR,EUR,1.0,paid,N.Fra TB2025F/32 [COMPANY] Ef 1,COUNTERPARTY_03903
64da274a3a8a8f07ccbb922b3019287f,COMP_0001,invoice,2024-12-02,2025-01-01,2024-12-02,-108.9,0.0,EUR,EUR,1.0,paid,S.Fra /98 COUNTERPARTY_27064 Ef 1F24/0405,COUNTERPARTY_27064
907cab3e4217e9dc5ffb6c6fd40cbba8,COMP_0001,invoice,2025-04-30,2025-04-30,2025-05-07,381.56,0.0,EUR,EUR,1.0,paid,N.Fra TB2025F/33 [COMPANY] Ef 1,COUNTERPARTY_03903
e56223f110cf5d42a644601ec0ef7e77,COMP_0001,invoice,2025-06-27,2025-06-27,2025-07-11,2178.0,0.0,EUR,EUR,1.0,paid,N.Fra TB2025F/70 [COMPANY] Ef 1,COUNTERPARTY_03903
0ae01728f3ad4828c1e2c7d3ac1b799e,COMP_0001,invoice,2025-10-22,2025-10-22,2025-11-10,3932.5,0.0,EUR,EUR,1.0,paid,N.Fra TB2025F/182 [COMPANY] Ef 1,COUNTERPARTY_03903
4b494ff7423b74acdeb3ccd72d4570d7,COMP_0001,invoice,2025-02-28,2025-03-20,2025-02-28,-36.77,0.0,EUR,EUR,1.0,paid,S.Fra /55 COUNTERPARTY_51811 Ef 1CI[NUM]-0225,COUNTERPARTY_51811
53abf1a2402825c55528450031b2291b,COMP_0001,invoice,2025-05-01,2025-05-31,2025-05-01,-242.66,0.0,EUR,EUR,1.0,paid,S.Fra /108 COUNTERPARTY_07183 Ef 1L/25/[NUM],COUNTERPARTY_50543
7680ec04dd6f8b3b729f7eafe7373665,COMP_0001,invoice,2025-05-02,2025-05-02,2025-05-02,-62.26,0.0,EUR,EUR,1.0,paid,S.Fra /104 COUNTERPARTY_01678 Ef 1ES517[X],COUNTERPARTY_48241
8225f012a9d0c2666457798f5d215e15,COMP_0001,invoice,2025-06-11,2025-07-11,2025-06-12,-15.1,0.0,EUR,EUR,1.0,paid,S.Fra /122 COUNTERPARTY_33161 Ef [REF],COUNTERPARTY_58422
8bb3ae1e340a83ae3e4427eccef30220,COMP_0001,invoice,2025-05-16,2025-06-20,2025-05-20,-39.16,0.0,EUR,EUR,1.0,paid,S.Fra /85 COUNTERPARTY_51086 Ef 1ES51D46[X],COUNTERPARTY_51086
2494142b9bad18af79688cba0c43e217,COMP_0001,invoice,2025-06-30,2025-06-30,2025-07-11,454.37,0.0,EUR,EUR,1.0,paid,N.Fra TB2025F/84 [COMPANY] Ef 1,COUNTERPARTY_03903
319918798b06be061cb5a462abc1a733,COMP_0001,invoice,2025-06-03,2025-07-03,2025-06-05,-24.75,0.0,EUR,EUR,1.0,paid,S.Fra /110 COUNTERPARTY_58537 Ef 1TPV25/8160,COUNTERPARTY_58537
b1ef87418a356eafb8d8594760ff5cdd,COMP_0001,invoice,2025-07-08,2025-08-07,2025-10-29,-50499.43,0.0,EUR,EUR,1.0,paid,S.Fra /144 COUNTERPARTY_58611 Ef 1F-2025-054,COUNTERPARTY_58611
cc45e36606ebcd9727ae03429af47dc6,COMP_0001,invoice,2025-06-05,2025-06-05,2025-06-05,62.24,0.0,EUR,EUR,1.0,paid,N.Fra TB2025F/55 [COMPANY] Ef 1,COUNTERPARTY_03903
0984294baabe963de79c7986550e6f17,COMP_0001,invoice,2025-05-19,2025-05-19,2025-06-09,2420.0,0.0,EUR,EUR,1.0,paid,N.Fra TB2025F/44 [COMPANY] Ef 1,COUNTERPARTY_03903
8ec7f2659b494016807fb6d74b076894,COMP_0001,invoice,2026-01-23,2026-01-23,2026-02-01,-149.46,0.0,EUR,EUR,1.0,paid,S.Fra /20 COUNTERPARTY_01023 Ef [REF],COUNTERPARTY_49480
933f28f00247e6fdca8232edfbd9dd7d,COMP_0001,invoice,2025-04-07,2025-05-07,2025-04-07,-269.71,0.0,EUR,EUR,1.0,paid,S.Fra /67 COUNTERPARTY_42922 Ef 1A/02464,COUNTERPARTY_58744
a8dedd351da786863d591e9e72de56da,COMP_0001,invoice,2025-07-24,2025-07-24,2025-07-24,464.63,0.0,EUR,EUR,1.0,paid,N.Fra TB2025F/111 [COMPANY] Ef 1,COUNTERPARTY_03903
b164e52d5b5d7abd9cdc9e6e6ce05d84,COMP_0001,invoice,2025-07-25,2025-07-25,2025-07-28,-41.54,0.0,EUR,EUR,1.0,paid,S.Fra /161 COUNTERPARTY_01678 Ef [REF],COUNTERPARTY_48241
21621f09021bafaee5be12ee0699035d,COMP_0001,invoice,2025-07-24,2025-07-24,2025-07-24,363.0,0.0,EUR,EUR,1.0,paid,N.Fra TB2025F/106 [COMPANY] Ef 1,COUNTERPARTY_03903
81913c2aa78f84a21ec21bfcedf3a209,COMP_0001,invoice,2025-07-24,2025-07-24,2025-07-24,9680.0,0.0,EUR,EUR,1.0,paid,N.Fra TB2025F/132 [COMPANY] Ef 1,COUNTERPARTY_03903
bfcb60a8ffa279457c0fbdf1e1dc30da,COMP_0001,invoice,2025-11-15,2025-12-15,2025-11-21,-1245.77,0.0,EUR,EUR,1.0,paid,S.Fra /[COMPANY] Ef 1CI[NUM],COUNTERPARTY_28286
a090677abc1e55759cd0b4be4afc5b24,COMP_0001,invoice,2024-12-31,2025-01-20,2025-01-01,-60.45,0.0,EUR,EUR,1.0,paid,S.Fra /12 COUNTERPARTY_51811 Ef 1CI[NUM]-1224,COUNTERPARTY_51811
b5ae5e6d8436c9dd48127a3b5b0ca8de,COMP_0001,invoice,2025-05-15,2025-06-20,2025-05-19,-51.44,0.0,EUR,EUR,1.0,paid,S.Fra /84 COUNTERPARTY_59083 Ef 1RN294792,COUNTERPARTY_59083
d762230dc07d03e240314f0e587ab6e1,COMP_0001,invoice,2024-12-01,2024-12-31,2025-01-01,-173.5,0.0,EUR,EUR,1.0,paid,S.Fra /10 COUNTERPARTY_07183 Ef 12024L/24/[NUM],COUNTERPARTY_50543
eef330a20b3220a910cffc30c94b0bd1,COMP_0001,invoice,2025-06-18,2025-06-18,2025-06-19,-74.99,0.0,EUR,EUR,1.0,paid,S.Fra /128 COUNTERPARTY_59271 Ef [REF],COUNTERPARTY_59271
cd3b0366f44bf8560be1ff016e7fdb2c,COMP_0001,invoice,2025-06-30,2025-06-30,2025-07-11,222.92,0.0,EUR,EUR,1.0,paid,N.Fra TB2025F/82 [COMPANY] Ef 1,COUNTERPARTY_03903
31379d398c68446c7b36b48616e8b479,COMP_0001,invoice,2025-08-17,2025-08-16,2025-09-11,1210.0,0.0,EUR,EUR,1.0,paid,N.Fra TB2025F/137 [COMPANY] Ef 1,COUNTERPARTY_03903
f4f83cda1465bee04a60978ed2186aaf,COMP_0001,invoice,2025-06-06,2025-06-06,2025-06-10,-60.75,0.0,EUR,EUR,1.0,paid,S.Fra /114 COUNTERPARTY_01678 Ef 1ES51LCP4AEUI,COUNTERPARTY_48241
255ad811c84f19316a7e69d690dc20ee,COMP_0001,invoice,2025-08-17,2025-08-16,2025-10-14,12100.0,0.0,EUR,EUR,1.0,paid,N.Fra TB2025F/151 [COMPANY] Ef 1,COUNTERPARTY_03903
5cd0d6154651307f2abffe4d7129d6ee,COMP_0001,invoice,2025-07-24,2025-07-24,2025-07-24,726.0,0.0,EUR,EUR,1.0,paid,N.Fra TB2025F/105 [COMPANY] Ef 1,COUNTERPARTY_03903
90c2c23f0450b214c9eab9f0ab5722c8,COMP_0001,invoice,2025-08-12,2025-09-11,2025-08-12,968.12,0.0,EUR,EUR,1.0,paid,S.Fra /165 COUNTERPARTY_23347 Ef 1A/250.030,COUNTERPARTY_23347
ad17f8dfdd6e07feb2e2f0ea28e9c1de,COMP_0001,invoice,2025-06-08,2025-06-08,2025-06-10,-65.0,0.0,EUR,EUR,1.0,paid,S.Fra /117 COUNTERPARTY_01678 Ef 1ES51LL32AEUI,COUNTERPARTY_48241
b3837a3ff465a8d970901ec0745db37c,COMP_0001,invoice,2025-09-30,2025-10-30,2025-09-30,-193.26,0.0,EUR,EUR,1.0,paid,S.Fra /188 COUNTERPARTY_07183 Ef 1L/25/[NUM],COUNTERPARTY_50543
fe32e1ba3eee4ab2d5e406c481d33d8a,COMP_0001,invoice,2025-04-07,2025-05-07,2025-04-07,-272.98,0.0,EUR,EUR,1.0,paid,S.Fra /71 COUNTERPARTY_42922 Ef 1A/02458,COUNTERPARTY_58744
37060e620d743d714b73d2b093297bae,COMP_0001,invoice,2025-10-22,2025-10-22,2025-11-10,9075.0,0.0,EUR,EUR,1.0,paid,N.Fra TB2025F/187 [COMPANY] Ef 1,COUNTERPARTY_03903
8051044a66c81bfac6bd86b29eec56b7,COMP_0001,invoice,2025-09-25,2025-10-25,2025-09-25,-15.0,0.0,EUR,EUR,1.0,paid,S.Fra /183 COUNTERPARTY_59796 Ef [REF],COUNTERPARTY_59796
9883a8a961352bde47719be6dd378327,COMP_0001,invoice,2025-06-30,2025-07-30,2025-06-30,-187.99,0.0,EUR,EUR,1.0,paid,S.Fra /[COMPANY] Ef 1016-0006-948012,COUNTERPARTY_59808
e846bd7d2555cd598267d10dd9eacfe0,COMP_0001,invoice,2025-02-11,2025-03-20,2025-02-11,-4991.25,0.0,EUR,EUR,1.0,paid,S.Fra /21 COUNTERPARTY_08037 Ef 14,COUNTERPARTY_08037
f6dbc2fa8f8fbd280c4d333cc786e1eb,COMP_0001,invoice,2025-07-31,2025-07-31,2025-07-31,-72.39,0.0,EUR,EUR,1.0,paid,S.Fra /180 COUNTERPARTY_51811 Ef 1C[NUM]-0725,COUNTERPARTY_51811
2f271e158b518b2f6aebf202d711dd08,COMP_0001,invoice,2025-06-30,2025-06-30,2025-06-30,-405.96,0.0,EUR,EUR,1.0,paid,S.Fra /142 COUNTERPARTY_07183 Ef 1L/25/[NUM],COUNTERPARTY_50543
5076733901632bbaa86b1a6f7ded7b76,COMP_0001,invoice,2025-08-17,2025-08-17,2025-08-26,-7260.0,0.0,EUR,EUR,1.0,paid,S.Fra /170 COUNTERPARTY_26899 Ef 115,COUNTERPARTY_26899
603e948fa8e8306e404c8e8b8a326b56,COMP_0001,invoice,2025-04-30,2025-04-30,2025-05-07,1815.0,0.0,EUR,EUR,1.0,paid,N.Fra TB2025F/39 [COMPANY] Ef 1,COUNTERPARTY_03903
78f854456814bccc901b8b295574196d,COMP_0001,invoice,2025-07-24,2025-07-24,2025-07-24,3630.0,0.0,EUR,EUR,1.0,paid,N.Fra TB2025F/128 [COMPANY] Ef 1,COUNTERPARTY_03903
813c4161c268bc7b2403e93893630f6b,COMP_0001,invoice,2025-07-24,2025-07-24,2025-07-24,4840.0,0.0,EUR,EUR,1.0,paid,N.Fra TB2025F/121 [COMPANY] Ef 1,COUNTERPARTY_03903
bdb0a44f0c110611b9ed1c542340c7d6,COMP_0001,invoice,2025-08-17,2025-08-16,2025-09-11,9680.0,0.0,EUR,EUR,1.0,paid,N.Fra TB2025F/139 [COMPANY] Ef 1,COUNTERPARTY_03903
b1caea4367414cce38dfc5c48bfd1d26,COMP_0001,invoice,2025-07-24,2025-07-24,2025-07-24,15125.0,0.0,EUR,EUR,1.0,paid,N.Fra TB2025F/135 [COMPANY] Ef 1,COUNTERPARTY_03903
b41a3e00204ff6a746e358f3d9a0fe85,COMP_0001,invoice,2025-03-31,2025-04-21,2025-04-01,-43.52,0.0,EUR,EUR,1.0,paid,S.Fra /79 COUNTERPARTY_51811 Ef 1CI[NUM]-0325,COUNTERPARTY_51811
016aa92b3c828450ac81f26a42206715,COMP_0001,invoice,2025-07-24,2025-07-24,2025-07-24,10012.54,0.0,EUR,EUR,1.0,paid,N.Fra TB2025F/88 [COMPANY] Ef 1,COUNTERPARTY_03903
2ad280e68f971940f1cef319e0629a79,COMP_0001,invoice,2025-08-17,2025-08-16,2025-10-14,4235.0,0.0,EUR,EUR,1.0,paid,N.Fra TB2025F/147 [COMPANY] Ef 1,COUNTERPARTY_03903
4c1df9c455e9d301f90d891bfe64bf90,COMP_0001,invoice,2025-06-10,2025-06-10,2025-07-11,145.19,0.0,EUR,EUR,1.0,paid,N.Fra TB2025F/63 [COMPANY] Ef 1,COUNTERPARTY_03903
5a8734705a27d67b3c04f7d3421078bd,COMP_0001,invoice,2025-07-24,2025-07-24,2025-07-24,725.99,0.0,EUR,EUR,1.0,paid,N.Fra TB2025F/115 [COMPANY] Ef 1,COUNTERPARTY_03903
920e777db79bb6176ead376298491a33,COMP_0001,invoice,2025-12-23,2026-01-22,2026-01-05,-2420.0,0.0,EUR,EUR,1.0,paid,S.Fra /234 COUNTERPARTY_15356 Ef 129,COUNTERPARTY_15356
b307abad9fd7661d039f8c23dac97262,COMP_0001,invoice,2025-05-22,2025-06-20,2025-05-23,-115.92,0.0,EUR,EUR,1.0,paid,S.Fra /92 COUNTERPARTY_51086 Ef 1ES51F9[X],COUNTERPARTY_51086
006a79e5c4a739555b4fedf9564a7e33,COMP_0001,invoice,2025-03-18,2025-04-17,2025-03-18,-105.0,0.0,EUR,EUR,1.0,paid,S.Fra /50 COUNTERPARTY_49050 Ef 1HY0475,COUNTERPARTY_49050
7a1ad225a1c76dc95389f10a3e7d246e,COMP_0001,invoice,2025-05-19,2025-05-19,2025-06-09,4840.0,0.0,EUR,EUR,1.0,paid,N.Fra TB2025F/43 [COMPANY] Ef 1,COUNTERPARTY_03903
9e4c5ba8a426ca81dae59f4436f7d7f3,COMP_0001,invoice,2025-04-03,2025-05-20,2025-04-03,-28.72,0.0,EUR,EUR,1.0,paid,S.Fra /65 COUNTERPARTY_27905 Ef 1[X]/2025/1921,COUNTERPARTY_60397
44f9c4c3ceab1f1d5596eeb8bd4d5501,COMP_0001,invoice,2025-05-31,2025-06-20,2025-05-31,-62.23,0.0,EUR,EUR,1.0,paid,S.Fra /109 COUNTERPARTY_51811 Ef 1CI[NUM]-0525,COUNTERPARTY_51811
9d909d0b317f5e9d5c69d4b4c1ee8c9b,COMP_0001,invoice,2025-06-10,2025-06-10,2025-06-10,290.38,0.0,EUR,EUR,1.0,paid,N.Fra TB2025F/65 [COMPANY] Ef 1,COUNTERPARTY_03903
c0e8f3e23d42afa286774ef67ebbc349,COMP_0001,invoice,2025-07-11,2025-07-11,2025-07-17,-7260.0,0.0,EUR,EUR,1.0,paid,S.Fra /155 COUNTERPARTY_26899 Ef 113,COUNTERPARTY_26899
e912053137552a0653c16577f1dfff01,COMP_0001,invoice,2025-09-29,2025-09-29,2025-10-14,4598.0,0.0,EUR,EUR,1.0,paid,N.Fra TB2025F/162 [COMPANY] Ef 1,COUNTERPARTY_03903
217df5d96e17eb1020645f1b54304475,COMP_0001,invoice,2025-03-03,2025-04-19,2025-03-03,-20.99,0.0,EUR,EUR,1.0,paid,S.Fra /42 COUNTERPARTY_51086 Ef 1DS-AEU-INV-ES-2025-[NUM],COUNTERPARTY_51086
228c4964766812d1f5fa257c6df8642a,COMP_0001,invoice,2025-04-24,2025-05-24,2025-04-24,-77.49,0.0,EUR,EUR,1.0,paid,S.Fra /74 COUNTERPARTY_01023 Ef [REF],COUNTERPARTY_49480
537a189b2469d1a599529eadce10c6c6,COMP_0001,invoice,2025-09-29,2025-09-29,2025-10-14,3932.5,0.0,EUR,EUR,1.0,paid,N.Fra TB2025F/161 [COMPANY] Ef 1,COUNTERPARTY_03903
94fb27433fc80073a2f827ee02f55add,COMP_0001,invoice,2025-06-11,2025-06-11,2025-06-11,-119.0,0.0,EUR,EUR,1.0,paid,S.Fra /147 COUNTERPARTY_01678 Ef 1ES51[X],COUNTERPARTY_48241
ae562f8bdfba968445c461a86bc0a01d,COMP_0001,invoice,2026-01-31,2026-01-31,2026-02-01,-201.78,0.0,EUR,EUR,1.0,paid,S.Fra /13 COUNTERPARTY_51811 Ef 1CI[NUM]-0126,COUNTERPARTY_51811
7dad8ef7549eccce74298d6b80390dd7,COMP_0001,invoice,2025-05-19,2025-05-19,2025-06-09,1815.0,0.0,EUR,EUR,1.0,paid,N.Fra TB2025F/49 [COMPANY] Ef 1,COUNTERPARTY_03903
e5876e5870b4652fed49e05430249e1a,COMP_0001,invoice,2025-12-23,2026-01-22,2025-12-23,-149.46,0.0,EUR,EUR,1.0,paid,S.Fra /235 COUNTERPARTY_01023 Ef [REF],COUNTERPARTY_49480
429ea37c031739037824baa82df8da62,COMP_0001,invoice,2025-08-17,2025-08-16,2025-10-14,4840.0,0.0,EUR,EUR,1.0,paid,N.Fra TB2025F/149 [COMPANY] Ef 1,COUNTERPARTY_03903
6896aaf818e4d61c5e537b9ad29c4d17,COMP_0001,invoice,2025-06-08,2025-06-08,2025-07-17,-7260.0,0.0,EUR,EUR,1.0,paid,S.Fra /115 COUNTERPARTY_08037 Ef 113,COUNTERPARTY_08037
73112730c8c5dd179b8657cdabdaa0eb,COMP_0001,invoice,2025-12-31,2025-12-31,2026-01-01,-123.83,0.0,EUR,EUR,1.0,paid,S.Fra /10 COUNTERPARTY_51811 Ef 1CI[NUM]-1225,COUNTERPARTY_51811
8efbd4fb6df0fa47b737e1104ab9075a,COMP_0001,invoice,2025-09-29,2025-09-29,2025-10-14,6050.0,0.0,EUR,EUR,1.0,paid,N.Fra TB2025F/160 [COMPANY] Ef 1,COUNTERPARTY_03903
f99117c53cbba7e85163b8048df81774,COMP_0001,invoice,2025-01-31,2025-02-20,2025-01-31,-100.05,0.0,EUR,EUR,1.0,paid,S.Fra /33 COUNTERPARTY_51811 Ef 1CI[NUM]-0125,COUNTERPARTY_51811
6b4adca01f9698dc1422e9365bd09851,COMP_0001,invoice,2024-12-19,2024-12-19,2024-12-19,-54.45,0.0,EUR,EUR,1.0,paid,S.Fra /112 COUNTERPARTY_27064 Ef 1F24/0437,COUNTERPARTY_27064
f2e3964572e681542515c8f28bc247b8,COMP_0001,invoice,2025-06-20,2025-07-20,2025-06-20,-24.54,0.0,EUR,EUR,1.0,paid,S.Fra /133 COUNTERPARTY_61238 Ef [REF],COUNTERPARTY_61238
fad284cd26e7737250fe9a1c540bef0e,COMP_0001,invoice,2025-08-12,2025-09-11,2025-08-12,-840.95,0.0,EUR,EUR,1.0,paid,S.Fra /166 COUNTERPARTY_23347 Ef 1VP/250.037,COUNTERPARTY_23347
403fe48f18fbc8b1e28a7c6936251066,COMP_0001,invoice,2025-09-29,2025-09-29,2025-10-14,4840.0,0.0,EUR,EUR,1.0,paid,N.Fra TB2025F/157 [COMPANY] Ef 1,COUNTERPARTY_03903
739068cf5e3023c4190653a04e718ed6,COMP_0001,invoice,2026-01-15,2026-02-14,2026-01-23,-1375.27,0.0,EUR,EUR,1.0,paid,S.Fra /[COMPANY] Ef 1CI[NUM],COUNTERPARTY_28286
2c41de27fe208144b97249e72495ec7e,COMP_0001,invoice,2026-05-31,2026-06-30,2026-05-31,-305.64,0.0,EUR,EUR,1.0,paid,S.Fra /117 COUNTERPARTY_07183 Ef 156204,COUNTERPARTY_50543
3f7900a6636b4544eed19579f5fc74c0,COMP_0001,invoice,2025-04-03,2025-05-20,2025-04-03,-42.73,0.0,EUR,EUR,1.0,paid,S.Fra /66 COUNTERPARTY_35207 Ef 111/2025/2.552,COUNTERPARTY_35207
4cc63cacc150ecc03f55b404932f406b,COMP_0001,invoice,2025-02-28,2025-03-29,2025-02-28,-219.21,0.0,EUR,EUR,1.0,paid,S.Fra /38 COUNTERPARTY_07183 Ef 1L/25/[NUM],COUNTERPARTY_50543
9eafba39b330cd03add6e2fb7f6d4a86,COMP_0001,invoice,2025-07-24,2025-07-24,2025-07-24,162.01,0.0,EUR,EUR,1.0,paid,N.Fra TB2025F/98 [COMPANY] Ef 1,COUNTERPARTY_03903
ac06806c63877bb2a1e44830606d361e,COMP_0001,invoice,2025-05-19,2025-06-20,2025-05-21,-42.58,0.0,EUR,EUR,1.0,paid,S.Fra /87 COUNTERPARTY_51086 Ef 1ES51E688AEUI,COUNTERPARTY_51086
5f1d9a07d6f371d209003e3b424d30c4,COMP_0001,invoice,2025-10-31,2025-11-30,2025-11-05,-550.55,0.0,EUR,EUR,1.0,paid,S.Fra /206 COUNTERPARTY_23347 Ef 1SC/250.171,COUNTERPARTY_23347
87f2f570600b615c86ab5fe42e18a41b,COMP_0001,invoice,2025-09-24,2025-10-24,2025-09-24,-54.0,0.0,EUR,EUR,1.0,paid,S.Fra /182 COUNTERPARTY_53708 Ef 1F-6818,COUNTERPARTY_53708
8f64e50880d68858e9a7b87aa70bb01a,COMP_0001,invoice,2025-04-30,2025-04-30,2025-05-07,15730.0,0.0,EUR,EUR,1.0,paid,N.Fra TB2025F/35 [COMPANY] Ef 1,COUNTERPARTY_03903
af429843f969de1a5eb65da75a6331e8,COMP_0001,invoice,2025-07-24,2025-07-24,2025-07-24,3932.5,0.0,EUR,EUR,1.0,paid,N.Fra TB2025F/125 [COMPANY] Ef 1,COUNTERPARTY_03903
e23a9fc56daf93f8496ff9873d5db30f,COMP_0001,invoice,2025-06-22,2025-07-22,2025-06-30,-194.11,0.0,EUR,EUR,1.0,paid,S.Fra /[COMPANY] Ef 1ZB25-[NUM],COUNTERPARTY_28286
b2ca7b01c6dd241f45fe094f56c94a50,COMP_0001,invoice,2024-12-02,2025-01-01,2024-12-02,-756.25,0.0,EUR,EUR,1.0,paid,S.Fra /97 COUNTERPARTY_27064 Ef 1F24/0404,COUNTERPARTY_27064
5b04e99199865b617ceeca92bcf304ef,COMP_0001,invoice,2025-11-12,2025-11-12,2025-11-12,-7260.01,0.0,EUR,EUR,1.0,paid,S.Fra /214 COUNTERPARTY_08037 Ef 119,COUNTERPARTY_08037
5ca9b37ba847bf7d8439ccff8b6b2abd,COMP_0001,invoice,2025-10-22,2025-10-22,2025-11-10,4840.0,0.0,EUR,EUR,1.0,paid,N.Fra TB2025F/179 [COMPANY] Ef 1,COUNTERPARTY_03903
e056e7737f31a30dd7ae7762b45f27a9,COMP_0001,invoice,2025-04-22,2025-05-22,2025-04-22,-90.83,0.0,EUR,EUR,1.0,paid,S.Fra /[COMPANY] Ef 1ZB25-[NUM],COUNTERPARTY_28286
12c179bf88d4d38d47e71fa8ec5ed793,COMP_0001,invoice,2025-07-24,2025-07-24,2025-07-24,364.21,0.0,EUR,EUR,1.0,paid,N.Fra TB2025F/109 [COMPANY] Ef 1,COUNTERPARTY_03903
1670ba3204f6dbace92e300ebf7e8ef2,COMP_0001,invoice,2025-06-10,2025-06-10,2025-07-11,426.84,0.0,EUR,EUR,1.0,paid,N.Fra TB2025F/61 [COMPANY] Ef 1,COUNTERPARTY_03903
72ab1167f564aa62346c1858963a6a26,COMP_0001,invoice,2024-11-30,2024-11-30,2024-11-30,-80.59,0.0,EUR,EUR,1.0,paid,S.Fra /1 COUNTERPARTY_51811 Ef 1CI[NUM]-1124,COUNTERPARTY_51811
94413a196bfdaa1707647ab6c6107273,COMP_0001,invoice,2026-01-31,2026-03-20,2026-02-06,-9680.01,0.0,EUR,EUR,1.0,paid,S.Fra /9 COUNTERPARTY_08037 Ef 123,COUNTERPARTY_08037
47a8a70ee6f367c669ddab787057c6fd,COMP_0001,invoice,2025-11-30,2025-12-30,2025-11-30,-204.18,0.0,EUR,EUR,1.0,paid,S.Fra /222 COUNTERPARTY_07183 Ef [NUM],COUNTERPARTY_50543
526d53666f067b03931995f88b902f89,COMP_0001,invoice,2025-06-04,2025-07-04,2025-06-04,-52.82,0.0,EUR,EUR,1.0,paid,S.Fra /111 COUNTERPARTY_53449 Ef [REF],COUNTERPARTY_53449
a35cf6b3917e7b102bcfdb3ce45a7e5c,COMP_0001,invoice,2025-07-21,2025-07-21,2025-07-21,-4002.68,0.0,EUR,EUR,1.0,paid,S.Fra /158 COUNTERPARTY_27064 Ef 1F25/0232,COUNTERPARTY_27064
0c1dd135b1146c92824ae914b00c2792,COMP_0001,invoice,2025-09-15,2025-10-15,2025-09-15,-1930.4,0.0,EUR,EUR,1.0,paid,S.Fra /[COMPANY] Ef [NUM],COUNTERPARTY_28286
853f8d5975b97586590f5c70fb498550,COMP_0001,invoice,2025-06-27,2025-06-27,2025-06-27,1815.0,0.0,EUR,EUR,1.0,paid,N.Fra TB2025F/79 [COMPANY] Ef 1,COUNTERPARTY_03903
a9374520932b95887e0ebd260dfcbaeb,COMP_0001,invoice,2025-10-06,2025-11-05,2025-10-06,-85.8,0.0,EUR,EUR,1.0,paid,S.Fra /195 COUNTERPARTY_02168 Ef [REF],COUNTERPARTY_55961
bead60c1b9ae9def9473b63a87b7118f,COMP_0001,invoice,2025-04-07,2025-04-07,2025-04-07,-385.99,0.0,EUR,EUR,1.0,paid,S.Fra /68 COUNTERPARTY_23347 Ef 1RR/250.221,COUNTERPARTY_23347
d9babd161372fc012fac95ffd7d9f547,COMP_0001,invoice,2025-08-17,2025-08-16,2025-09-11,14520.0,0.0,EUR,EUR,1.0,paid,N.Fra TB2025F/148 [COMPANY] Ef 1,COUNTERPARTY_03903
fa2933dddf5b7ea7f6bfa496b1140ec0,COMP_0001,invoice,2025-05-19,2025-05-19,2025-07-11,15730.0,0.0,EUR,EUR,1.0,paid,N.Fra TB2025F/48 [COMPANY] Ef 1,COUNTERPARTY_03903
1924f8309bdfd3e49ee02bc8412087e7,COMP_0001,invoice,2025-07-02,2025-07-02,2025-07-02,-169.4,0.0,EUR,EUR,1.0,paid,S.Fra /137 COUNTERPARTY_23347 Ef 1SC/250.103,COUNTERPARTY_23347
6c19821e01ced5d2b1c3ac70040956be,COMP_0001,invoice,2025-07-24,2025-07-24,2025-07-24,464.64,0.0,EUR,EUR,1.0,paid,N.Fra TB2025F/110 [COMPANY] Ef 1,COUNTERPARTY_03903
b38e207fb36e19e9c50a41fd0e1737ff,COMP_0001,invoice,2026-01-22,2026-02-21,2026-01-30,-196.5,0.0,EUR,EUR,1.0,paid,S.Fra /[COMPANY] Ef 1ZB26-[NUM],COUNTERPARTY_28286
285dd30138bf6bb7313e986809aec0f4,COMP_0001,invoice,2025-01-14,2025-01-14,2025-01-14,-47.41,0.0,EUR,EUR,1.0,paid,S.Fra /8 COUNTERPARTY_51086 Ef 1ES54LK1AEUI,COUNTERPARTY_51086
9fbd8f132e546f4d1acd4780b30d2b4d,COMP_0001,invoice,2025-08-25,2025-09-24,2025-08-25,-14520.0,0.0,EUR,EUR,1.0,paid,S.Fra /173 COUNTERPARTY_09820 Ef 12,COUNTERPARTY_09820
51964a12816a6bb0fe1344680efb0678,COMP_0001,invoice,2025-10-22,2025-10-22,2025-10-22,-7260.01,0.0,EUR,EUR,1.0,paid,S.Fra /199 COUNTERPARTY_08037 Ef 117,COUNTERPARTY_08037
68aae9f13c0fe86622913b15bdfe8c2e,COMP_0001,invoice,2025-08-17,2025-08-16,2025-10-14,9075.0,0.0,EUR,EUR,1.0,paid,N.Fra TB2025F/140 [COMPANY] Ef 1,COUNTERPARTY_03903
864f2fdab093583006dc76a0ee2b77ab,COMP_0001,invoice,2025-09-29,2025-09-29,2025-10-14,5445.0,0.0,EUR,EUR,1.0,paid,N.Fra TB2025F/169 [COMPANY] Ef 1,COUNTERPARTY_03903
c75f27779dd469371fc34ac36bd41118,COMP_0001,invoice,2025-05-23,2025-06-21,2025-05-23,-149.46,0.0,EUR,EUR,1.0,paid,S.Fra /94 COUNTERPARTY_01023 Ef [REF],COUNTERPARTY_49480
f99190bede95f1e17ce6fcebcc550c6c,COMP_0001,invoice,2025-08-17,2025-08-16,2025-09-11,6050.0,0.0,EUR,EUR,1.0,paid,N.Fra TB2025F/146 [COMPANY] Ef 1,COUNTERPARTY_03903
4b6e8d0f1b7550a04d76a210a0a3a109,COMP_0001,invoice,2025-08-22,2025-09-21,2025-08-29,-194.11,0.0,EUR,EUR,1.0,paid,S.Fra /[COMPANY] Ef 1ZB25-[NUM],COUNTERPARTY_28286
90a615a7b377817ba75af43b93f9c90a,COMP_0001,invoice,2025-10-31,2025-11-30,2025-11-05,-212.63,0.0,EUR,EUR,1.0,paid,S.Fra /205 COUNTERPARTY_23347 Ef 1RR/250.674,COUNTERPARTY_23347
9169feddadccdc6cbc516e661b523614,COMP_0001,invoice,2025-04-30,2025-05-20,2025-04-30,-56.68,0.0,EUR,EUR,1.0,paid,S.Fra /107 COUNTERPARTY_51811 Ef 1CI[NUM]-0425,COUNTERPARTY_51811
92ab8b736ac5990f92bf9fd3e4239018,COMP_0001,invoice,2025-01-04,2025-02-20,2025-01-04,-13.3,0.0,EUR,EUR,1.0,paid,S.Fra /7 COUNTERPARTY_51086 Ef 1DS-AEU-INV-ES-2025-[NUM],COUNTERPARTY_51086
a97bd2f2009de1a8bedc37b9ebd89cbc,COMP_0001,invoice,2026-02-03,2026-02-03,2026-02-09,512.12,0.0,EUR,EUR,1.0,paid,N.Fra TB2026F/11 COUNTERPARTY_21959 Ef 1,COUNTERPARTY_62881
e23d1670a383311d068f3eec5173b868,COMP_0001,invoice,2025-02-04,2025-03-20,2025-02-04,-33.48,0.0,EUR,EUR,1.0,paid,S.Fra /19 COUNTERPARTY_51086 Ef 1DS-AEU-INV-ES-2025-[NUM],COUNTERPARTY_51086
29ef7f6e5d5db4eb2d201619ab3c09cf,COMP_0001,invoice,2025-07-24,2025-07-24,2025-07-24,1530.17,0.0,EUR,EUR,1.0,paid,N.Fra TB2025F/92 [COMPANY] Ef 1,COUNTERPARTY_03903
e8ada6b8ba86b1a35a82eca5ad2b9278,COMP_0001,invoice,2025-05-23,2025-05-23,2025-06-09,180.82,0.0,EUR,EUR,1.0,paid,N.Fra TB2025F/52 [COMPANY] Ef 1,COUNTERPARTY_03903
7750e9da530eda75c4c2357849d4b126,COMP_0001,invoice,2025-06-11,2025-06-11,2025-06-11,-119.0,0.0,EUR,EUR,1.0,paid,S.Fra /148 COUNTERPARTY_01678 Ef 1ES51MU7[X],COUNTERPARTY_48241
8bc2c7b399dac0e0821fa3fc3ada4260,COMP_0001,invoice,2025-06-27,2025-06-27,2025-07-11,4235.0,0.0,EUR,EUR,1.0,paid,N.Fra TB2025F/73 [COMPANY] Ef 1,COUNTERPARTY_03903
052c07a45917efb552c6962568c65b46,COMP_0001,invoice,2025-03-25,2025-03-25,2025-05-07,3630.0,0.0,EUR,EUR,1.0,paid,N.Fra TB2025F/27 [COMPANY] Ef 1,COUNTERPARTY_03903
32b8ada46424ade469fab103ec349727,COMP_0001,invoice,2026-02-17,2026-02-17,2026-02-17,-9680.01,0.0,EUR,EUR,1.0,paid,S.Fra /22 COUNTERPARTY_08037 Ef 13,COUNTERPARTY_08037
34c014685eb5adf1c1402ce339f2b605,COMP_0001,invoice,2025-04-08,2025-04-08,2025-04-08,-371.47,0.0,EUR,EUR,1.0,paid,S.Fra /72 COUNTERPARTY_23347 Ef 1RR/250.226,COUNTERPARTY_23347
3c51055f3a9e035321b4eedf39e78b5b,COMP_0001,invoice,2025-02-28,2025-04-19,2025-02-28,-43.17,0.0,EUR,EUR,1.0,paid,S.Fra /39 COUNTERPARTY_51086 Ef 1DS-AEU-INV-ES-2025-[NUM],COUNTERPARTY_51086
fdff38eec53d8b94592badb57b4a116f,COMP_0001,invoice,2025-07-24,2025-07-24,2025-07-24,725.98,0.0,EUR,EUR,1.0,paid,N.Fra TB2025F/116 [COMPANY] Ef 1,COUNTERPARTY_03903
51c1bf99050c59db791ee4680bf354ba,COMP_0001,invoice,2025-06-30,2025-06-30,2025-06-30,-80.36,0.0,EUR,EUR,1.0,paid,S.Fra /151 COUNTERPARTY_51811 Ef 1C[NUM]-0625,COUNTERPARTY_51811
c9597bd165efb7f2c9211d95b4ec546c,COMP_0001,invoice,2025-06-08,2025-06-08,2025-07-17,-7260.0,0.0,EUR,EUR,1.0,paid,S.Fra /119 COUNTERPARTY_26899 Ef 111,COUNTERPARTY_26899
6ff5ba086f776c6fedcf97d2b5bc54f9,COMP_0001,invoice,2025-10-22,2025-11-21,2025-10-30,-194.11,0.0,EUR,EUR,1.0,paid,S.Fra /[COMPANY] Ef 1ZB25-[NUM],COUNTERPARTY_28286
711bbf28f18004fa205b559bfece35b1,COMP_0001,invoice,2025-10-22,2025-11-20,2025-11-05,-7260.0,0.0,EUR,EUR,1.0,paid,S.Fra /200 COUNTERPARTY_26899 Ef 118,COUNTERPARTY_26899
efe42185ac05339473ef9a3ad10c3889,COMP_0001,invoice,2025-04-30,2025-04-30,2025-04-30,3630.0,0.0,EUR,EUR,1.0,paid,N.Fra TB2025F/37 [COMPANY] Ef 1,COUNTERPARTY_03903
1e2b4b711886550ff77fc709187ed5fd,COMP_0001,invoice,2025-07-24,2025-07-24,2025-07-24,1089.0,0.0,EUR,EUR,1.0,paid,N.Fra TB2025F/108 [COMPANY] Ef 1,COUNTERPARTY_03903
73178572750ba2ca6173be79624a24c6,COMP_0001,invoice,2025-06-05,2025-06-05,2025-06-09,-32.98,0.0,EUR,EUR,1.0,paid,S.Fra /113 COUNTERPARTY_01678 Ef 1ES51[X],COUNTERPARTY_48241
f10fe26e660ef175dd36938b84284a24,COMP_0001,invoice,2025-06-05,2025-07-05,2025-06-05,-170.48,0.0,EUR,EUR,1.0,paid,S.Fra /112 COUNTERPARTY_49050 Ef 1IA4769,COUNTERPARTY_49050
89ddd9e77020a1ded09a8f8c165a6ae0,COMP_0001,invoice,2026-02-15,2026-03-17,2026-02-15,-1492.96,0.0,EUR,EUR,1.0,paid,S.Fra /[COMPANY] Ef 1CI[NUM],COUNTERPARTY_28286
a3af3a3d17e11794a67c4faeadc57758,COMP_0001,invoice,2025-07-24,2025-07-24,2025-07-24,7260.0,0.0,EUR,EUR,1.0,paid,N.Fra TB2025F/127 [COMPANY] Ef 1,COUNTERPARTY_03903
b4f9c47fcbc35bf2fbe9255e06aac323,COMP_0001,invoice,2025-04-03,2025-05-20,2025-04-03,-28.72,0.0,EUR,EUR,1.0,paid,S.Fra /64 COUNTERPARTY_27905 Ef 1[X]/2025/1922,COUNTERPARTY_60397
d223e5f77699abb5f9af070aeb717405,COMP_0001,invoice,2026-02-23,2026-03-25,2026-02-23,-149.46,0.0,EUR,EUR,1.0,paid,S.Fra /27 COUNTERPARTY_01023 Ef [REF],COUNTERPARTY_49480
77010fa58d8f0b937980729e6c680096,COMP_0001,invoice,2025-06-30,2025-06-30,2025-07-11,1086.04,0.0,EUR,EUR,1.0,paid,N.Fra TB2025F/81 [COMPANY] Ef 1,COUNTERPARTY_03903
8d9f172419a6a91bb5212b2cdcbf084f,COMP_0001,invoice,2025-12-22,2026-01-21,2025-12-30,-194.11,0.0,EUR,EUR,1.0,paid,S.Fra /[COMPANY] Ef 1ZB25-[NUM],COUNTERPARTY_28286
bf7cf4f9ad2b8452cba0a9443a82758e,COMP_0001,invoice,2025-06-19,2025-06-19,2025-06-20,-619.05,0.0,EUR,EUR,1.0,paid,S.Fra /129 COUNTERPARTY_01678 Ef 1ES5T1[X],COUNTERPARTY_48241
405853bf160378078e9889a8420a3cb5,COMP_0001,invoice,2025-05-23,2025-05-23,2025-06-09,397.5,0.0,EUR,EUR,1.0,paid,N.Fra TB2025F/53 [COMPANY] Ef 1,COUNTERPARTY_03903
4be72a8ef2307bf30358a75f788a015d,COMP_0001,invoice,2025-06-15,2025-07-15,2025-06-23,-1176.14,0.0,EUR,EUR,1.0,paid,S.Fra /[COMPANY] Ef 1CI[NUM],COUNTERPARTY_28286
8b77ebfada248a036da017e30a6637d7,COMP_0001,invoice,2025-10-22,2025-10-22,2025-11-10,8470.0,0.0,EUR,EUR,1.0,paid,N.Fra TB2025F/188 [COMPANY] Ef 1,COUNTERPARTY_03903
345fc38fa5be1856126c6f4181ea1e6d,COMP_0001,invoice,2025-06-17,2025-06-17,2025-06-18,-16.14,0.0,EUR,EUR,1.0,paid,S.Fra /125 COUNTERPARTY_62308 Ef [REF],COUNTERPARTY_63937
46e46e0b834d22d7367255ba4ad32350,COMP_0001,invoice,2025-09-25,2025-10-25,2025-09-25,-47.5,0.0,EUR,EUR,1.0,paid,S.Fra /185 COUNTERPARTY_63942 Ef 1F000101-139,COUNTERPARTY_63942
5f5ff308f4f45a1d59459d6ca316ad48,COMP_0001,invoice,2025-07-24,2025-07-24,2025-07-24,2713.76,0.0,EUR,EUR,1.0,paid,N.Fra TB2025F/97 [COMPANY] Ef 1,COUNTERPARTY_03903
70d2c98116dde359e11a9dc8455645e0,COMP_0001,invoice,2025-06-27,2025-06-27,2025-07-11,3630.0,0.0,EUR,EUR,1.0,paid,N.Fra TB2025F/80 [COMPANY] Ef 1,COUNTERPARTY_03903
0ca8f9320af414d6c3e78b6a6027be04,COMP_0001,invoice,2025-08-17,2025-08-16,2025-09-11,6655.0,0.0,EUR,EUR,1.0,paid,N.Fra TB2025F/152 [COMPANY] Ef 1,COUNTERPARTY_03903
f7c478afdf9941c156030fdd948eb3e9,COMP_0001,invoice,2025-09-29,2025-09-29,2025-10-14,15125.0,0.0,EUR,EUR,1.0,paid,N.Fra TB2025F/171 [COMPANY] Ef 1,COUNTERPARTY_03903
4ed9ea91346ba682775631948f2ca6fc,COMP_0001,invoice,2025-03-03,2025-03-03,2025-03-03,-32.45,0.0,EUR,EUR,1.0,paid,S.Fra /40 COUNTERPARTY_51086 Ef 1ES5N66[X],COUNTERPARTY_51086
5e5f8f5e289ea0e70038cf94bc744049,COMP_0001,invoice,2025-03-25,2025-03-25,2025-03-25,3630.0,0.0,EUR,EUR,1.0,paid,N.Fra TB2025F/28 [COMPANY] Ef 1,COUNTERPARTY_03903
04d4387d6578776c831076a11289e349,COMP_0001,invoice,2026-02-12,2026-03-14,2026-02-12,-32.89,0.0,EUR,EUR,1.0,paid,S.Fra /16 COUNTERPARTY_24926 Ef [NUM]/5/26/000323,COUNTERPARTY_55414
083b340604dfaedf746a0571a3e3b49c,COMP_0001,invoice,2025-01-04,2025-01-04,2025-01-04,-18.7,0.0,EUR,EUR,1.0,paid,S.Fra /6 COUNTERPARTY_51086 Ef 1ES5[X]4[X],COUNTERPARTY_51086
2a0ab807abfaaee7a715d19d9de94447,COMP_0001,invoice,2025-07-24,2025-07-24,2025-07-24,4820.64,0.0,EUR,EUR,1.0,paid,N.Fra TB2025F/118 [COMPANY] Ef 1,COUNTERPARTY_03903
809df308febcac48b8b4e55e572f96c6,COMP_0001,invoice,2025-11-27,2025-11-27,2025-12-11,-7260.0,0.0,EUR,EUR,1.0,paid,S.Fra /220 COUNTERPARTY_26899 Ef 121,COUNTERPARTY_26899
8aa037c599ff8f147eadd54dcc2e678c,COMP_0001,invoice,2025-06-19,2025-06-19,2025-06-23,-23.11,0.0,EUR,EUR,1.0,paid,S.Fra /132 COUNTERPARTY_01678 Ef 1ES5[X],COUNTERPARTY_48241
c1f3a7cb243526083e5495dab7432215,COMP_0001,invoice,2025-06-08,2025-06-08,2025-06-08,-38.36,0.0,EUR,EUR,1.0,paid,S.Fra /150 COUNTERPARTY_01678 Ef 1ES51LF6[X],COUNTERPARTY_48241
cf453ca4c98c1924c94b8cb5995fd2f1,COMP_0001,invoice,2025-07-24,2025-07-24,2025-07-24,2845.92,0.0,EUR,EUR,1.0,paid,N.Fra TB2025F/117 [COMPANY] Ef 1,COUNTERPARTY_03903
c2de9227214ccd5117b80131392dbd6a,COMP_0001,invoice,2025-07-24,2025-07-24,2025-07-24,5445.0,0.0,EUR,EUR,1.0,paid,N.Fra TB2025F/133 [COMPANY] Ef 1,COUNTERPARTY_03903
2e3c380e875383a9d412c4a79f64c4c2,COMP_0001,invoice,2026-01-30,2026-03-01,2026-02-06,-14520.0,0.0,EUR,EUR,1.0,paid,S.Fra /8 COUNTERPARTY_09820 Ef 11,COUNTERPARTY_09820
e9760464a5c3b223518b9488e738f258,COMP_0001,invoice,2025-07-31,2025-08-30,2025-07-31,-3.15,0.0,EUR,EUR,1.0,paid,S.Fra /179 COUNTERPARTY_00532 Ef 12025/215936,COUNTERPARTY_47953
64e3bc9e503be727803b1344407e31c0,COMP_0001,invoice,2024-12-25,2025-01-24,2024-12-25,-145200.0,0.0,EUR,EUR,1.0,paid,S.Fra /115 COUNTERPARTY_08037 Ef 18,COUNTERPARTY_08037
70f8b5c09775e0b0f8272fb355ab0ab9,COMP_0001,invoice,2025-05-28,2025-06-20,2025-05-30,-53.14,0.0,EUR,EUR,1.0,paid,S.Fra /98 COUNTERPARTY_51086 Ef 1ES51HJ02AEUI,COUNTERPARTY_51086
ad1e38522abd093313b5133585713d77,COMP_0001,invoice,2025-12-18,2025-12-18,2026-01-05,-7260.01,0.0,EUR,EUR,1.0,paid,S.Fra /229 COUNTERPARTY_08037 Ef 122,COUNTERPARTY_08037
fdcab0284d06dc5cc13e3379210241e9,COMP_0001,invoice,2025-09-29,2025-09-29,2025-10-14,8470.0,0.0,EUR,EUR,1.0,paid,N.Fra TB2025F/165 [COMPANY] Ef 1,COUNTERPARTY_03903
142d38fcc78d8da4ed9c977e3861c5d9,COMP_0001,invoice,2025-08-17,2025-08-16,2025-09-11,3630.0,0.0,EUR,EUR,1.0,paid,N.Fra TB2025F/143 [COMPANY] Ef 1,COUNTERPARTY_03903
18461f8cfe1c4a81bafc7a96f917cf91,COMP_0001,invoice,2025-10-22,2025-10-22,2025-11-10,409.06,0.0,EUR,EUR,1.0,paid,N.Fra TB2025F/174 [COMPANY] Ef 1,COUNTERPARTY_03903
785d99f641922d0f534ccab7be32432a,COMP_0001,invoice,2025-05-22,2025-06-20,2025-05-22,-599.97,0.0,EUR,EUR,1.0,paid,S.Fra /90 COUNTERPARTY_51086 Ef 1ES51[X],COUNTERPARTY_51086
dd8184a4bc7b6c41a97f2253a9aea18f,COMP_0001,invoice,2025-09-22,2025-10-22,2025-09-22,-194.11,0.0,EUR,EUR,1.0,paid,S.Fra /[COMPANY] Ef [NUM],COUNTERPARTY_28286
387ae1c5bde2316bdbbd0914347b1f4e,COMP_0001,invoice,2026-02-06,2026-03-08,2026-02-06,-104.61,0.0,EUR,EUR,1.0,paid,S.Fra /15 COUNTERPARTY_24926 Ef [NUM]/5/26/000346,COUNTERPARTY_55414
b337b4d72d71ccd5bd689b2648a88931,COMP_0001,invoice,2025-06-05,2025-06-05,2025-06-09,242.0,0.0,EUR,EUR,1.0,paid,N.Fra TB2025F/60 [COMPANY] Ef 1,COUNTERPARTY_03903
f9910e9cbde155134b3ce4869d95610b,COMP_0001,invoice,2025-04-01,2025-05-01,2025-04-01,-231.34,0.0,EUR,EUR,1.0,paid,S.Fra /78 COUNTERPARTY_07183 Ef 12025L/25/[NUM],COUNTERPARTY_50543
0823cbab68643f4116a9e49e877293c4,COMP_0001,invoice,2025-05-20,2025-05-20,2025-06-04,-463.73,0.0,EUR,EUR,1.0,paid,S.Fra /88 COUNTERPARTY_50051 Ef 1S01/9919,COUNTERPARTY_64972
26d7136128f26301614b5e5adf585018,COMP_0001,invoice,2025-09-30,2025-09-30,2025-10-01,-69.08,0.0,EUR,EUR,1.0,paid,S.Fra /193 COUNTERPARTY_51811 Ef 1CI[NUM]-0925,COUNTERPARTY_51811
2ff66670fe042de90cdb0b5b8f9e1a83,COMP_0001,invoice,2025-08-17,2025-08-16,2025-09-11,8470.0,0.0,EUR,EUR,1.0,paid,N.Fra TB2025F/142 [COMPANY] Ef 1,COUNTERPARTY_03903
17a7a35178a8d8f179819b6834e367e2,COMP_0001,invoice,2025-06-11,2025-06-11,2025-06-11,-119.0,0.0,EUR,EUR,1.0,paid,S.Fra /146 COUNTERPARTY_01678 Ef 1ES51[X],COUNTERPARTY_48241
5434357c33b895d80a486a690c47e7c1,COMP_0001,invoice,2025-06-19,2025-06-19,2025-06-20,-99.95,0.0,EUR,EUR,1.0,paid,S.Fra /130 COUNTERPARTY_01678 Ef 1ES5T1[X],COUNTERPARTY_48241
7dd9e4888a71eab25075fd6322a31f60,COMP_0001,invoice,2025-05-23,2025-05-23,2025-06-09,61.38,0.0,EUR,EUR,1.0,paid,N.Fra TB2025F/51 [COMPANY] Ef 1,COUNTERPARTY_03903
916b14d060c1977b40e05acec93bfc2a,COMP_0001,invoice,2025-07-24,2025-07-24,2025-07-11,6050.0,0.0,EUR,EUR,1.0,paid,N.Fra TB2025F/124 [COMPANY] Ef 1,COUNTERPARTY_03903
a4965c2ee0341266ea95ef42cb5c080f,COMP_0001,invoice,2025-06-30,2025-06-30,2025-07-11,34.13,0.0,EUR,EUR,1.0,paid,N.Fra TB2025F/85 [COMPANY] Ef 1,COUNTERPARTY_03903
bd8762dc77296b3b1c0aaf71fd418eb1,COMP_0001,invoice,2025-08-15,2025-09-14,2025-08-22,-1829.33,0.0,EUR,EUR,1.0,paid,S.Fra /[COMPANY] Ef 1CI[NUM],COUNTERPARTY_28286
00e412c5bc13a38147989f65f575e508,COMP_0001,invoice,2025-08-01,2025-08-31,2025-08-14,-14520.0,0.0,EUR,EUR,1.0,paid,S.Fra /163 COUNTERPARTY_09820 Ef 11,COUNTERPARTY_09820
6bdcf3db4d0b220abe55478482000cd2,COMP_0001,invoice,2025-07-31,2025-08-30,2025-07-31,-289.86,0.0,EUR,EUR,1.0,paid,S.Fra /162 COUNTERPARTY_07183 Ef 189639,COUNTERPARTY_50543
74ebd6d224fbece41f448e5f8ba3fc61,COMP_0001,invoice,2025-05-19,2025-05-19,2025-06-09,4235.0,0.0,EUR,EUR,1.0,paid,N.Fra TB2025F/46 [COMPANY] Ef 1,COUNTERPARTY_03903
78f49748c1e0e1f95637da84dc165358,COMP_0001,invoice,2025-04-07,2025-05-07,2025-04-07,-12.79,0.0,EUR,EUR,1.0,paid,S.Fra /70 COUNTERPARTY_01023 Ef [REF],COUNTERPARTY_49480
ab3f35178a30e82bc168340a7f705d07,COMP_0001,invoice,2025-05-19,2025-05-19,2025-05-19,4235.0,0.0,EUR,EUR,1.0,paid,N.Fra TB2025F/47 [COMPANY] Ef 1,COUNTERPARTY_03903
b35821b62453a13a9b35b438d5e0f370,COMP_0001,invoice,2025-01-16,2025-01-16,2025-01-16,-104.0,0.0,EUR,EUR,1.0,paid,S.Fra /5 COUNTERPARTY_65222 Ef [REF],COUNTERPARTY_65222
f7d517aae6af71e4d89b9b8baaf1c036,COMP_0001,invoice,2025-11-28,2025-12-28,2025-12-11,-14520.0,0.0,EUR,EUR,1.0,paid,S.Fra /221 COUNTERPARTY_09820 Ef 15,COUNTERPARTY_09820
95d3e077ca6b8fe5e9c2f801c130408c,COMP_0001,invoice,2025-07-15,2025-08-14,2025-07-23,-1814.02,0.0,EUR,EUR,1.0,paid,S.Fra /[COMPANY] Ef 1CI[NUM],COUNTERPARTY_28286
ac375ec4f4f86494a48c8e85952d310f,COMP_0001,invoice,2025-06-18,2025-06-18,2025-06-19,-407.97,0.0,EUR,EUR,1.0,paid,S.Fra /127 COUNTERPARTY_59271 Ef [REF],COUNTERPARTY_59271
bdb79127912596953db243ee0f3b1327,COMP_0001,invoice,2025-10-22,2025-10-22,2025-10-14,4598.0,0.0,EUR,EUR,1.0,paid,N.Fra TB2025F/183 [COMPANY] Ef 1,COUNTERPARTY_03903
1e8c52fca3564ed428a16d4c79126f3a,COMP_0001,invoice,2026-07-01,2026-07-31,2026-08-04,-394.14,0.0,EUR,EUR,1.0,paid,S.Fra /141 COUNTERPARTY_06292 Ef [NUM],COUNTERPARTY_38023
735fa7bea7008716dd59c2b3e64d9fb5,COMP_0001,invoice,2026-07-31,2026-08-30,2026-09-04,-3.15,0.0,EUR,EUR,1.0,paid,S.Fra /174 COUNTERPARTY_00532 Ef 12026/221619,COUNTERPARTY_47953
da01548afe6eac428f1db300fd5580b1,COMP_0001,invoice,2026-06-23,2026-06-23,2026-07-03,155.4,0.0,EUR,EUR,1.0,paid,N.Fra TB2026F/51 [COMPANY] Ef 1,COUNTERPARTY_03903
4036ffc3519374181eec28d0100bab03,COMP_0001,invoice,2026-07-23,2026-08-22,2026-08-07,-70.26,0.0,EUR,EUR,1.0,paid,S.Fra /157 COUNTERPARTY_35207 Ef 12026/5177,COUNTERPARTY_35207
5685d9d9e72c003bb1028c6f146f901a,COMP_0001,invoice,2026-07-02,2026-08-01,2026-07-08,-127.6,0.0,EUR,EUR,1.0,paid,S.Fra /142 COUNTERPARTY_17285 Ef [NUM],COUNTERPARTY_17285
6602619541528b2bdda99719ab8b04c5,COMP_0001,invoice,2026-05-29,2026-05-29,2026-06-24,159.84,0.0,EUR,EUR,1.0,paid,N.Fra TB2026F/44 [COMPANY] Ef 1,COUNTERPARTY_03903
91ad6d93d70000c377b74c5779f006e8,COMP_0001,invoice,2026-07-23,2026-07-23,2026-08-28,-205.08,0.0,EUR,EUR,1.0,paid,S.Fra /160 COUNTERPARTY_07783 Ef [NUM],COUNTERPARTY_31771
e73738d4fee520fffbf04734d92a2862,COMP_0001,invoice,2026-06-23,2026-07-23,2026-06-29,-9680.01,0.0,EUR,EUR,1.0,paid,S.Fra /130 COUNTERPARTY_08037 Ef 111,COUNTERPARTY_08037
d0ec2379e4e1048c28c9736c10b4f5b0,COMP_0001,invoice,2026-06-23,2026-06-23,2026-07-03,6868.65,0.0,EUR,EUR,1.0,paid,N.Fra TB2026F/46 [COMPANY] Ef 1,COUNTERPARTY_03903
56249a087180fdccbc892171766e39db,COMP_0001,invoice,2026-06-22,2026-07-22,2026-06-30,-200.13,0.0,EUR,EUR,1.0,paid,S.Fra /[COMPANY] Ef 1ZB26-[NUM],COUNTERPARTY_28286
0e5c1d7490bcf673d55a85bd30e92d6c,COMP_0001,invoice,2026-05-29,2026-05-29,2026-06-24,125.96,0.0,EUR,EUR,1.0,paid,N.Fra TB2026F/43 [COMPANY] Ef 1,COUNTERPARTY_03903
a3a5b80d28e538d861d05839df8d0408,COMP_0001,invoice,2026-06-23,2026-06-23,2026-07-03,30394.06,0.0,EUR,EUR,1.0,paid,N.Fra TB2026F/47 [COMPANY] Ef 1,COUNTERPARTY_03903
fa4ce10b6a03d656d614e43302b79a6c,COMP_0001,invoice,2026-04-27,2026-05-27,2026-05-07,-394.14,0.0,EUR,EUR,1.0,paid,S.Fra /70 COUNTERPARTY_06292 Ef [NUM],COUNTERPARTY_38023
b0d4e9553461a16d315baed8e9e1d318,COMP_0001,invoice,2026-06-01,2026-07-01,2026-07-02,-394.14,0.0,EUR,EUR,1.0,paid,S.Fra /113 COUNTERPARTY_06292 Ef [NUM],COUNTERPARTY_38023
43c7a0db63cb166d83805ac3a5a3ab0a,COMP_0001,invoice,2026-06-23,2026-06-23,2026-07-03,38.19,0.0,EUR,EUR,1.0,paid,N.Fra TB2026F/49 [COMPANY] Ef 1,COUNTERPARTY_03903
b47a8285b2a7f13a4bb98d686b970d5e,COMP_0001,invoice,2026-06-23,2026-06-23,2026-07-03,103.84,0.0,EUR,EUR,1.0,paid,N.Fra TB2026F/50 [COMPANY] Ef 1,COUNTERPARTY_03903
810d5b8d049d01cc5ad97c454a735499,COMP_0001,invoice,2026-06-23,2026-06-23,2026-07-03,5662.87,0.0,EUR,EUR,1.0,paid,N.Fra TB2026F/45 [COMPANY] Ef 1,COUNTERPARTY_03903
87e407ccb24504f792cc7b8db63487fb,COMP_0001,invoice,2026-04-17,2026-04-17,2026-05-08,-1590.75,0.0,EUR,EUR,1.0,paid,S.Fra /64 COUNTERPARTY_27064 Ef 1F26/0107,COUNTERPARTY_27064
655fc7a0958ee3bf228d61a966d8b691,COMP_0001,invoice,2026-06-17,2026-07-17,2026-07-08,-13.45,0.0,EUR,EUR,1.0,paid,S.Fra /124 COUNTERPARTY_12457 Ef [NUM],COUNTERPARTY_94951
71aa82f67c73333397de38a0d0f54027,COMP_0001,invoice,2026-02-18,2026-03-20,2026-05-20,-72.18,0.0,EUR,EUR,1.0,paid,S.Fra /24 COUNTERPARTY_35207 Ef 111/2026/1.252,COUNTERPARTY_35207
8d5a32bf98c77b7b8d49b999215b5cde,COMP_0001,invoice,2026-07-23,2026-08-22,2026-08-22,-29.04,-29.04,EUR,EUR,1.0,overdue,S.Fra /178 COUNTERPARTY_08655 Ef [NUM],COUNTERPARTY_95140
8e0f109d78df1beeb1f7b6529847b2ae,COMP_0001,invoice,2025-12-23,2025-12-23,2026-05-20,-14520.0,0.0,EUR,EUR,1.0,paid,N.Fra [X]/1 [COMPANY] Ef 1,COUNTERPARTY_03903
e729c5a38c33b69a2652bfc58be745f8,COMP_0001,invoice,2026-04-28,2026-05-28,2026-05-13,-9680.01,0.0,EUR,EUR,1.0,paid,S.Fra /72 COUNTERPARTY_08037 Ef 16,COUNTERPARTY_08037
15c22a72e564fe8d507daecdd5047f92,COMP_0001,invoice,2025-09-29,2025-09-29,2026-05-20,4235.0,0.0,EUR,EUR,1.0,paid,N.Fra TB2025F/159 [COMPANY] Ef 1,COUNTERPARTY_03903
3877e1e934ce6b6bd986cd61679ea699,COMP_0001,invoice,2026-04-30,2026-05-30,2026-06-13,-433.95,0.0,EUR,EUR,1.0,paid,S.Fra /73 COUNTERPARTY_07183 Ef 1L/26/[NUM],COUNTERPARTY_50543
7d2be9c8a2b0cbd95e675b78e3c7657d,COMP_0001,invoice,2026-05-13,2026-05-13,2026-06-13,33402.53,0.0,EUR,EUR,1.0,paid,N.Fra TB2026F/35 [COMPANY] Ef 1,COUNTERPARTY_03903
2872f1d670109a9cd06ee466281c25ae,COMP_0001,invoice,2026-07-24,2026-08-23,2026-08-23,-83.59,-83.59,EUR,EUR,1.0,pending,S.Fra /163 COUNTERPARTY_24926 Ef [NUM]/5/26/000688,COUNTERPARTY_55414
f8d90f129f5ec984d9fbce2e9ea59140,COMP_0001,invoice,2026-05-20,2026-05-20,2026-05-20,-185.2,-185.2,EUR,EUR,1.0,overdue,S.Fra /102 COUNTERPARTY_01678 Ef 1ES6X1[X],COUNTERPARTY_48241
fd40f3b90cbba3abaaf037e171a1d5b7,COMP_0001,invoice,2026-07-09,2026-07-09,2026-09-07,6868.65,0.0,EUR,EUR,1.0,paid,N.Fra TB2026F/54 [COMPANY] Ef 1,COUNTERPARTY_03903
88fdc09adfea23d85957eb65541ae42d,COMP_0001,invoice,2026-05-05,2026-06-04,2026-06-13,-125.29,0.0,EUR,EUR,1.0,paid,S.Fra /82 COUNTERPARTY_24926 Ef [NUM]/5/26/001342,COUNTERPARTY_55414
bbf22fb31616cac4fa696e4470e44a06,COMP_0001,invoice,2026-03-18,2026-04-17,2026-05-20,-56.5,0.0,EUR,EUR,1.0,paid,S.Fra /83 COUNTERPARTY_97962 Ef 1F1-1062,COUNTERPARTY_97962
8ffa5193cfca57bb35c4fb4a17b1ef33,COMP_0001,invoice,2026-02-03,2026-02-03,2026-05-20,16639.92,0.0,EUR,EUR,1.0,paid,N.Fra TB2026F/12 [COMPANY] Ef 1,COUNTERPARTY_03903
98c98999f472a4663780589cfcbafbd9,COMP_0001,invoice,2026-01-31,2026-03-02,2026-06-13,-324.72,0.0,EUR,EUR,1.0,paid,S.Fra /11 COUNTERPARTY_07183 Ef 1L[NUM],COUNTERPARTY_50543
d2c599158c2b000fac652af25fc5268e,COMP_0001,invoice,2026-04-05,2026-05-05,2026-06-13,-123.48,0.0,EUR,EUR,1.0,paid,S.Fra /54 COUNTERPARTY_24926 Ef [NUM]/5/26/000157,COUNTERPARTY_55414
743511491b8082d05bd30582845de03e,COMP_0001,invoice,2026-06-15,2026-07-15,2026-07-08,-2028.99,0.0,EUR,EUR,1.0,paid,S.Fra /[COMPANY] Ef 1CI[NUM],COUNTERPARTY_28286
9df10a1c7bc58f02e5e7b25db89cb3ee,COMP_0001,invoice,2026-04-15,2026-04-15,2026-05-19,-362.56,0.0,EUR,EUR,1.0,paid,S.Fra /63 COUNTERPARTY_99316 Ef 11033/2026-A,COUNTERPARTY_99316
c84b175d88c6e36c046b0907aaa3dd1e,COMP_0001,invoice,2026-03-31,2026-04-30,2026-08-05,-2294.16,0.0,EUR,EUR,1.0,paid,S.Fra /52 COUNTERPARTY_23347 Ef 1RR/260.233,COUNTERPARTY_23347
e5d80db70e6de9fd596f95569d98e9dd,COMP_0001,invoice,2026-06-23,2026-07-23,2026-07-08,-158.52,0.0,EUR,EUR,1.0,paid,S.Fra /128 COUNTERPARTY_01023 Ef [REF],COUNTERPARTY_49480
ae9f4fae94671156aee5810d576926b6,COMP_0001,invoice,2026-04-28,2026-04-28,2026-06-13,4840.0,0.0,EUR,EUR,1.0,paid,N.Fra TB2026F/33 [COMPANY] Ef 1,COUNTERPARTY_03903
010808a46859ea63a645b38b4ef4955b,COMP_0001,invoice,2026-05-13,2026-05-13,2026-06-13,4840.0,0.0,EUR,EUR,1.0,paid,N.Fra TB2026F/38 [COMPANY] Ef 1,COUNTERPARTY_03903
51dd8400b0b0a828b570f3477c19ec36,COMP_0001,invoice,2026-06-18,2026-06-18,2026-08-05,-37.76,0.0,EUR,EUR,1.0,paid,S.Fra /148 COUNTERPARTY_01678 Ef 1ES614WN3ABEI,COUNTERPARTY_48241
51e823fb60e49bbebd1229968db03494,COMP_0001,invoice,2026-06-30,2026-06-30,2026-07-08,-949.18,0.0,EUR,EUR,1.0,paid,S.Fra /140 COUNTERPARTY_27064 Ef 1F26/0173,COUNTERPARTY_27064
c28185501d961e0f8996ba7c00e4201e,COMP_0001,invoice,2026-05-25,2026-05-25,2026-05-25,1120.46,1120.46,EUR,EUR,1.0,overdue,N.Fra TB2026F/42 COUNTERPARTY_29645 Ef 1,COUNTERPARTY_29645
326864a59cde947d871e391706f00f26,COMP_0001,invoice,2026-05-22,2026-05-22,2026-05-22,-205.08,-205.08,EUR,EUR,1.0,overdue,S.Fra /103 COUNTERPARTY_07783 Ef [NUM],COUNTERPARTY_31771
414ed9644c124cac06858083b106d38b,COMP_0001,invoice,2026-05-29,2026-06-28,2026-06-12,-14520.0,0.0,EUR,EUR,1.0,paid,S.Fra /111 COUNTERPARTY_09820 Ef 16,COUNTERPARTY_09820
733e919342640121f42a25fc0d0029a8,COMP_0001,invoice,2026-05-04,2026-06-03,2026-05-13,-8231.29,0.0,EUR,EUR,1.0,paid,S.Fra /80 COUNTERPARTY_09820 Ef 15,COUNTERPARTY_09820
83449b5865f5033d1cddceeb0e3eb952,COMP_0001,invoice,2025-12-15,2026-01-14,2026-05-20,87.89,0.0,EUR,EUR,1.0,paid,S.Fra /226 COUNTERPARTY_49050 Ef [NUM],COUNTERPARTY_49050
adccc866cb4c7aaf8ade3cc2a51a2b3f,COMP_0001,invoice,2026-03-26,2026-04-25,2026-05-20,-12.22,0.0,EUR,EUR,1.0,paid,S.Fra /46 COUNTERPARTY_35207 Ef 12026/1458,COUNTERPARTY_35207
e99b98d0d49656324e6ca222fd3b9537,COMP_0001,invoice,2026-07-23,2026-07-23,2026-09-07,139.62,0.0,EUR,EUR,1.0,paid,N.Fra TB2026F/59 [COMPANY] Ef 1,COUNTERPARTY_03903
29d43dd9256fc3ce3b5a08a4e8d5a652,COMP_0001,invoice,2026-03-19,2026-04-18,2026-05-20,-14.15,0.0,EUR,EUR,1.0,paid,S.Fra /41 COUNTERPARTY_12457 Ef [NUM],COUNTERPARTY_94951
3846f16ea394099d4cdc57f7c2c7ebfb,COMP_0001,invoice,2026-06-30,2026-07-30,2026-08-05,-51.59,0.0,EUR,EUR,1.0,paid,S.Fra /138 COUNTERPARTY_49050 Ef 1IM2150,COUNTERPARTY_49050
154281226bb298ae7967c6594d17eed6,COMP_0001,invoice,2026-06-18,2026-07-18,2026-07-08,-100.93,0.0,EUR,EUR,1.0,paid,S.Fra /125 COUNTERPARTY_24926 Ef [NUM]/5/26/001395,COUNTERPARTY_55414
294bdde6e58f2d460f54ec3978dee449,COMP_0001,invoice,2026-03-25,2026-03-25,2026-05-20,322.5,0.0,EUR,EUR,1.0,paid,N.Fra TB2026F/27 [COMPANY] Ef 1,COUNTERPARTY_03903
4afb9a74998e4067387ac14c4b4669fa,COMP_0001,invoice,2026-06-05,2026-07-05,2026-07-08,-130.69,0.0,EUR,EUR,1.0,paid,S.Fra /118 COUNTERPARTY_24926 Ef 1793,COUNTERPARTY_55414
5aae2aa2101a2b0d2ad9c115a5afa2c3,COMP_0001,invoice,2026-06-30,2026-06-30,2026-06-30,-304.77,-304.77,EUR,EUR,1.0,overdue,S.Fra /176 COUNTERPARTY_51811 Ef 1CI[NUM]-0626,COUNTERPARTY_51811
931f95ab66852f70cbad1dab15125301,COMP_0001,invoice,2026-04-22,2026-05-22,2026-08-05,-1573.0,0.0,EUR,EUR,1.0,paid,S.Fra /67 COUNTERPARTY_15356 Ef 18,COUNTERPARTY_15356
a57f0ccbe2405d67a28c9209f74930e6,COMP_0001,invoice,2025-11-11,2025-12-11,2026-05-20,-87.89,0.0,EUR,EUR,1.0,paid,S.Fra /213 COUNTERPARTY_49050 Ef 1IF1396,COUNTERPARTY_49050
b048f3ed7332254ec685f584d7341e3f,COMP_0001,invoice,2026-05-18,2026-06-17,2026-06-13,-268.17,0.0,EUR,EUR,1.0,paid,S.Fra /98 COUNTERPARTY_49050 Ef 1IK9912,COUNTERPARTY_49050
4e5825a541c286f945f64d520e251eeb,COMP_0001,invoice,2026-03-25,2026-03-25,2026-05-20,5906.14,0.0,EUR,EUR,1.0,paid,N.Fra TB2026F/21 [COMPANY] Ef 1,COUNTERPARTY_03903
e65e3f712e16199a2f0b0f23f32a0c62,COMP_0001,invoice,2026-03-31,2026-04-30,2026-06-13,-252.91,0.0,EUR,EUR,1.0,paid,S.Fra /61 COUNTERPARTY_07183 Ef 1L/26/[NUM],COUNTERPARTY_50543
14a195cc49b4fb71c52bc2fa66cacfa1,COMP_0001,invoice,2026-03-13,2026-04-12,2026-06-13,-120.95,0.0,EUR,EUR,1.0,paid,S.Fra /38 COUNTERPARTY_24926 Ef [NUM]/5/26/000530,COUNTERPARTY_55414
9148ff26cb1da716deacbb51a7292421,COMP_0001,invoice,2026-05-13,2026-05-13,2026-06-13,9075.0,0.0,EUR,EUR,1.0,paid,N.Fra TB2026F/40 [COMPANY] Ef 1,COUNTERPARTY_03903
33f5dccf0dfab29bf0ebfd42c42c0efe,COMP_0001,invoice,2026-06-01,2026-07-01,2026-07-08,-706.92,0.0,EUR,EUR,1.0,paid,S.Fra /144 COUNTERPARTY_07183 Ef 130DE,COUNTERPARTY_50543
7f915a24c6861e0f7b5aac73533df54e,COMP_0001,invoiceGroup,2026-04-09,2026-04-09,2026-04-09,-31460.01,-31460.01,EUR,EUR,1.0,overdue,Remesas Proveedor,
f39138b3dd55262601ab449412e35192,COMP_0001,invoice,2026-02-25,2026-02-25,2026-05-20,6567.87,0.0,EUR,EUR,1.0,paid,N.Fra TB2026F/19 [COMPANY] Ef 1,COUNTERPARTY_03903
119ea3b8a53f1e78a51a3c971c18a5bc,COMP_0001,invoice,2025-12-31,2025-12-31,2026-05-20,21780.0,0.0,EUR,EUR,1.0,paid,N.Fra TB2025F/198 [COMPANY] Ef 1,COUNTERPARTY_03903
f07b56f0b9df2e12c1f2695790e30c4e,COMP_0001,invoice,2026-07-31,2026-08-30,2026-08-05,-617.27,0.0,EUR,EUR,1.0,paid,S.Fra /170 COUNTERPARTY_23347 Ef 1RR/260.574,COUNTERPARTY_23347
7ec9cbbac49e8f0b50a05ad07794ec5a,COMP_0001,invoice,2026-07-23,2026-08-22,2026-08-05,-158.52,0.0,EUR,EUR,1.0,paid,S.Fra /162 COUNTERPARTY_01023 Ef [REF],COUNTERPARTY_49480
8cf2dc2235a4aa79fe63d33daf48d33d,COMP_0001,invoiceGroup,2026-06-12,2026-06-12,2026-06-12,-23649.05,-23649.05,EUR,EUR,1.0,overdue,Remesas Proveedor,
65140fa5b14d724ec9778526d344d86d,COMP_0001,invoice,2026-07-09,2026-07-09,2026-09-07,30394.06,0.0,EUR,EUR,1.0,paid,N.Fra TB2026F/53 [COMPANY] Ef 1,COUNTERPARTY_03903
6c70960f5da70fc2d704e8b50118aac0,COMP_0001,invoice,2026-07-23,2026-08-22,2026-08-05,-7260.0,0.0,EUR,EUR,1.0,paid,S.Fra /159 COUNTERPARTY_26899 Ef 113,COUNTERPARTY_26899
bc27024aae96fedf552313f51f13a1fe,COMP_0001,invoice,2026-04-28,2026-04-28,2026-06-13,1834.25,0.0,EUR,EUR,1.0,paid,N.Fra TB2026F/34 [COMPANY] Ef 1,COUNTERPARTY_03903
d215244141beaf4a641f5337e3d40dff,COMP_0001,invoice,2026-03-25,2026-03-25,2026-05-20,108.3,0.0,EUR,EUR,1.0,paid,N.Fra TB2026F/26 [COMPANY] Ef 1,COUNTERPARTY_03903
3cfb8202a6cfcb124e7999d19909e564,COMP_0001,invoice,2025-12-23,2025-12-23,2026-05-20,-9680.0,0.0,EUR,EUR,1.0,paid,N.Fra [X]/2 [COMPANY] Ef 1,COUNTERPARTY_03903
9e49a9cc8c60aa00af545c6e631c2ac3,COMP_0001,invoice,2026-05-03,2026-06-02,2026-05-20,-123.18,0.0,EUR,EUR,1.0,paid,S.Fra /86 COUNTERPARTY_107415 Ef 1I-2601,COUNTERPARTY_107415
a5b9fc1a7906f1f8ad5c8a12fe543fbc,COMP_0001,invoice,2026-05-25,2026-06-24,2026-08-05,-3016.53,0.0,EUR,EUR,1.0,paid,S.Fra /106 COUNTERPARTY_23347 Ef 1RR/260.367,COUNTERPARTY_23347
cfaf43aea7d5ef5ec66cb602f28c22fe,COMP_0001,invoice,2026-07-29,2026-07-29,2026-08-05,-151.6,0.0,EUR,EUR,1.0,paid,S.Fra /164 COUNTERPARTY_01678 Ef 1ES61F9[X],COUNTERPARTY_48241
3b9f7ea2d29758cfad92c4706addef30,COMP_0001,invoice,2026-07-23,2026-07-23,2026-09-07,316.31,0.0,EUR,EUR,1.0,paid,N.Fra TB2026F/57 [COMPANY] Ef 1,COUNTERPARTY_03903
4e80b519b2003a2c1a5e1d9c76b538ad,COMP_0001,invoice,2026-05-15,2026-06-14,2026-06-13,-125.69,0.0,EUR,EUR,1.0,paid,S.Fra /92 COUNTERPARTY_24926 Ef [NUM]/5/26/000387,COUNTERPARTY_55414
9aa44b809f57eb8c267667d5ed6460a4,COMP_0001,invoice,2026-06-23,2026-07-23,2026-07-08,-7260.0,0.0,EUR,EUR,1.0,paid,S.Fra /129 COUNTERPARTY_26899 Ef 112,COUNTERPARTY_26899
c21cfc1d491f628e21211ece1ba7a140,COMP_0001,invoice,2026-04-30,2026-05-30,2026-06-13,-105.22,0.0,EUR,EUR,1.0,paid,S.Fra /74 COUNTERPARTY_07183 Ef 1L/26/[NUM],COUNTERPARTY_50543
d0df96ffe7d0811c88262d19088634c6,COMP_0001,invoice,2026-01-02,2026-01-02,2026-05-20,550.55,0.0,EUR,EUR,1.0,paid,N.Fra TB2026F/3 [COMPANY] Ef 1,COUNTERPARTY_03903
64da23d1cae0c7da93c10772781278c3,COMP_0001,invoice,2026-04-30,2026-05-30,2026-09-07,-35.0,0.0,EUR,EUR,1.0,paid,S.Fra /189 COUNTERPARTY_97962 Ef 1F1-1144,COUNTERPARTY_97962
91f9c4aba13f90cba6de6f2caf3e7e96,COMP_0001,invoice,2026-07-09,2026-07-09,2026-09-07,5662.87,0.0,EUR,EUR,1.0,paid,N.Fra TB2026F/55 [COMPANY] Ef 1,COUNTERPARTY_03903
efc54df36a4e1fa53a3545fe30fe370e,COMP_0001,invoice,2026-05-04,2026-06-03,2026-05-20,-75.0,0.0,EUR,EUR,1.0,paid,S.Fra /79 COUNTERPARTY_17285 Ef [NUM],COUNTERPARTY_17285
d805fb19691b3cc6b3f465ea37fee6c7,COMP_0001,invoice,2026-01-26,2026-01-26,2026-05-20,4537.5,0.0,EUR,EUR,1.0,paid,N.Fra TB2026F/7 [COMPANY] Ef 1,COUNTERPARTY_03903
0a2cf661fe6fb501c65adfca790e0b13,COMP_0001,invoice,2026-02-28,2026-03-30,2026-06-13,-212.31,0.0,EUR,EUR,1.0,paid,S.Fra /35 COUNTERPARTY_07183 Ef 116559,COUNTERPARTY_50543
35680237b9451d9724e44d3d400b32a4,COMP_0001,invoice,2026-07-09,2026-07-09,2026-09-07,6868.65,0.0,EUR,EUR,1.0,paid,N.Fra TB2026F/56 [COMPANY] Ef 1,COUNTERPARTY_03903
2560fb423c58be5db3331bdc21da77c0,COMP_0001,invoice,2026-06-30,2026-07-30,2026-08-05,-87.73,0.0,EUR,EUR,1.0,paid,S.Fra /139 COUNTERPARTY_23347 Ef 1SC/260.140,COUNTERPARTY_23347
960baeea2307a4e5634bbf578de6231f,COMP_0001,invoice,2026-06-25,2026-07-25,2026-08-05,3662.67,0.0,EUR,EUR,1.0,paid,S.Fra /134 COUNTERPARTY_23347 Ef 1A/260.047,COUNTERPARTY_23347
2b1518f4040514a6ae1825c3fab96437,COMP_0001,invoice,2026-05-29,2026-06-28,2026-06-12,-7260.0,0.0,EUR,EUR,1.0,paid,S.Fra /108 COUNTERPARTY_26899 Ef 110,COUNTERPARTY_26899
5248eaba33349683cfc0b90a166f0e96,COMP_0001,invoice,2026-04-05,2026-05-05,2026-06-13,-102.06,0.0,EUR,EUR,1.0,paid,S.Fra /55 COUNTERPARTY_24926 Ef [NUM]/5/26/000218,COUNTERPARTY_55414
ba03cbe606efbe9e418c3c7cd10d4c03,COMP_0001,invoice,2026-08-06,2026-08-06,2026-08-06,62920.0,62920.0,EUR,EUR,1.0,overdue,N.Fra TB2026F/64 COUNTERPARTY_29645 Ef 1,COUNTERPARTY_29645
c89b4dcdcad2037e175ab2084b09e7f9,COMP_0001,invoice,2026-05-12,2026-05-12,2026-06-12,-1869.05,0.0,EUR,EUR,1.0,paid,S.Fra /90 COUNTERPARTY_27064 Ef 1F26/0142,COUNTERPARTY_27064
4e30e197b25338c7f58b28391702edc1,COMP_0001,invoice,2026-03-24,2026-04-23,2026-04-09,-7260.0,0.0,EUR,EUR,1.0,paid,S.Fra /44 COUNTERPARTY_26899 Ef 15,COUNTERPARTY_26899
5ee2d42bd0aaf1ca817a071bdded2e0a,COMP_0001,invoice,2026-05-01,2026-05-31,2026-06-13,-131.21,0.0,EUR,EUR,1.0,paid,S.Fra /115 COUNTERPARTY_07183 Ef 155039,COUNTERPARTY_50543
7cca05ad5f0752da0d5581ad84db50be,COMP_0001,invoice,2026-07-16,2026-08-15,2026-08-05,-8.25,0.0,EUR,EUR,1.0,paid,S.Fra /153 COUNTERPARTY_12457 Ef [NUM],COUNTERPARTY_94951
bb845adf3cb833237e0223559fe33611,COMP_0001,invoice,2026-07-05,2026-08-04,2026-07-08,-132.33,0.0,EUR,EUR,1.0,paid,S.Fra /146 COUNTERPARTY_24926 Ef [NUM]/5/26/000888,COUNTERPARTY_55414
dade999c69429947fcf196e921bf9969,COMP_0001,invoice,2026-01-26,2026-01-26,2026-05-20,9680.0,0.0,EUR,EUR,1.0,paid,N.Fra TB2026F/10 [COMPANY] Ef 1,COUNTERPARTY_03903
418cc5139400d8105642362c44466daa,COMP_0001,invoice,2025-12-11,2026-01-10,2026-05-20,-87.89,0.0,EUR,EUR,1.0,paid,S.Fra /240 COUNTERPARTY_49050 Ef 1IF1396,COUNTERPARTY_49050
6979ec24ff2f86b1dd97c9ac81922253,COMP_0001,invoice,2026-07-29,2026-08-28,2026-08-05,-14520.0,0.0,EUR,EUR,1.0,paid,S.Fra /166 COUNTERPARTY_09820 Ef 18,COUNTERPARTY_09820
9c278899012aeed11b3042e8c797204b,COMP_0001,invoice,2026-03-07,2026-04-06,2026-06-13,-137.48,0.0,EUR,EUR,1.0,paid,S.Fra /37 COUNTERPARTY_24926 Ef [NUM]/5/26/000529,COUNTERPARTY_55414
b7abe3f821bd85a4b3f02c34578a7c26,COMP_0001,invoice,2025-11-25,2025-12-25,2026-08-05,-147.62,0.0,EUR,EUR,1.0,paid,S.Fra /219 COUNTERPARTY_23347 Ef 1RR/250.711,COUNTERPARTY_23347
d92fa78995d89cb8413be1954b7206a8,COMP_0001,invoice,2026-05-25,2026-06-24,2026-09-07,-158.91,0.0,EUR,EUR,1.0,paid,S.Fra /109 COUNTERPARTY_112658 Ef 1F1-13389,COUNTERPARTY_112658
ebcf97267aae863040125d45ce3cf24e,COMP_0001,invoice,2026-04-24,2026-05-24,2026-06-13,-108.88,0.0,EUR,EUR,1.0,paid,S.Fra /69 COUNTERPARTY_24926 Ef [NUM]/5/26/001222,COUNTERPARTY_55414
9533217a035524207cc4cdde99f82410,COMP_0001,invoice,2026-07-09,2026-07-09,2026-08-05,-5445.0,0.0,EUR,EUR,1.0,paid,S.Fra /149 COUNTERPARTY_56127 Ef 11,COUNTERPARTY_56127
afb2d776d9657da934b9b855f11dea6b,COMP_0001,invoice,2026-02-28,2026-03-30,2026-06-13,-248.62,0.0,EUR,EUR,1.0,paid,S.Fra /33 COUNTERPARTY_07183 Ef 114117,COUNTERPARTY_50543
e876aa3fb7eb50a95eda387a89742452,COMP_0001,invoiceGroup,2026-03-05,2026-03-05,2026-03-05,-21869.54,-21869.54,EUR,EUR,1.0,overdue,Remesas Proveedor,
ff6afc4243eb7755ce5a6e03d6ef5936,COMP_0001,invoice,2026-05-23,2026-06-22,2026-06-13,-158.52,0.0,EUR,EUR,1.0,paid,S.Fra /105 COUNTERPARTY_01023 Ef [REF],COUNTERPARTY_49480
387bf319cf4fe931711ba7c50baa549b,COMP_0001,invoice,2026-05-26,2026-06-25,2026-06-13,-50.5,0.0,EUR,EUR,1.0,paid,S.Fra /110 COUNTERPARTY_97962 Ef 1F1-1209,COUNTERPARTY_97962
5b1ea468a7135043b15053ab2fa96136,COMP_0001,invoice,2026-05-22,2026-06-21,2026-06-13,-200.13,0.0,EUR,EUR,1.0,paid,S.Fra /[COMPANY] Ef 1ZB26-[NUM],COUNTERPARTY_28286
e6cbaef1aa466e38e50221a0cfcbfb73,COMP_0001,invoice,2026-05-01,2026-05-31,2026-05-20,-394.14,0.0,EUR,EUR,1.0,paid,S.Fra /78 COUNTERPARTY_06292 Ef [NUM],COUNTERPARTY_38023
fda9a32d9df9e270479f5ee6bc304b29,COMP_0001,invoiceGroup,2026-07-08,2026-07-08,2026-07-08,-22729.18,-22729.18,EUR,EUR,1.0,overdue,Remesas Proveedor,
12870a97254870d2ea647812853f4adc,COMP_0001,invoice,2026-05-20,2026-05-20,2026-05-20,-185.2,-185.2,EUR,EUR,1.0,overdue,S.Fra /101 COUNTERPARTY_01678 Ef 1ES6X1[X],COUNTERPARTY_48241
188aac676d0c2227cf35d39d708a1035,COMP_0001,invoice,2026-03-03,2026-04-02,2026-06-13,-94.89,0.0,EUR,EUR,1.0,paid,S.Fra /31 COUNTERPARTY_24926 Ef [NUM]/5/26/000848,COUNTERPARTY_55414
76d43af444749db54ea7e7c5ece2f3c2,COMP_0001,invoice,2026-05-27,2026-06-26,2026-06-13,-79.1,0.0,EUR,EUR,1.0,paid,S.Fra /107 COUNTERPARTY_24926 Ef [NUM]/5/26/001554,COUNTERPARTY_55414
c16464b464b7caaea0998083d93ff403,COMP_0001,invoice,2026-01-26,2026-01-26,2026-05-20,14520.0,0.0,EUR,EUR,1.0,paid,N.Fra TB2026F/8 [COMPANY] Ef 1,COUNTERPARTY_03903
2b19e7b67832abd0dd7e800e2f0b2322,COMP_0001,invoice,2026-05-31,2026-05-31,2026-07-08,-176.5,0.0,EUR,EUR,1.0,paid,S.Fra /132 COUNTERPARTY_51811 Ef 1CI[NUM]-0526,COUNTERPARTY_51811
39e9d7198bb46cba0b9ca110cf22f03a,COMP_0001,invoice,2026-01-29,2026-02-28,2026-08-05,-371.47,0.0,EUR,EUR,1.0,paid,S.Fra /6 COUNTERPARTY_23347 Ef 1RR/260.047,COUNTERPARTY_23347
55b1b39aa187dcfcb0516f8f2e6201ab,COMP_0001,invoice,2026-03-27,2026-04-26,2026-05-20,-3.13,0.0,EUR,EUR,1.0,paid,S.Fra /50 COUNTERPARTY_35207 Ef 12026/1583,COUNTERPARTY_35207
3d5bb22d3c41723421e00cad03a1c543,COMP_0001,invoice,2026-05-30,2026-06-29,2026-06-13,-5.45,0.0,EUR,EUR,1.0,paid,S.Fra /112 COUNTERPARTY_12457 Ef [NUM],COUNTERPARTY_94951
c3d5e02542f8c9c9ed91450c472feb16,COMP_0001,invoice,2026-01-26,2026-01-26,2026-05-20,273.73,0.0,EUR,EUR,1.0,paid,N.Fra TB2026F/5 [COMPANY] Ef 1,COUNTERPARTY_03903
899cf18abce42f588924b90654e76239,COMP_0001,invoice,2026-08-06,2026-08-06,2026-09-07,30394.06,0.0,EUR,EUR,1.0,paid,N.Fra TB2026F/61 [COMPANY] Ef 1,COUNTERPARTY_03903
d5647164d858cc9fa0d76baebf617e12,COMP_0001,invoice,2026-04-30,2026-04-30,2026-06-13,-135.06,0.0,EUR,EUR,1.0,paid,S.Fra /94 COUNTERPARTY_51811 Ef 1CI[NUM]-0426,COUNTERPARTY_51811
65cd1317738e2a373ee64c8a00f73203,COMP_0001,invoice,2026-07-23,2026-08-22,2026-08-22,-130.02,-130.02,EUR,EUR,1.0,overdue,S.Fra /161 COUNTERPARTY_24926 Ef [NUM]/5/26/001119,COUNTERPARTY_55414
b846101e63d7bf59dd5bfa03f83f6217,COMP_0001,invoice,2026-06-25,2026-07-25,2026-07-08,-58.09,0.0,EUR,EUR,1.0,paid,S.Fra /133 COUNTERPARTY_24926 Ef [NUM]/5/26/000314,COUNTERPARTY_55414
3bc30cbea7698f88bad966bb021f6b88,COMP_0001,invoice,2026-04-30,2026-05-30,2026-06-13,-77.65,0.0,EUR,EUR,1.0,paid,S.Fra /76 COUNTERPARTY_24926 Ef [NUM]/5/26/001002,COUNTERPARTY_55414
5ac18526daaf1d59a6794d2b68bb3a74,COMP_0001,invoiceGroup,2026-05-13,2026-05-13,2026-05-14,-49371.31,-49371.31,EUR,EUR,1.0,overdue,Remesas Proveedor,
de48ceb51c588b5a4bc3dbe2d11d1d2b,COMP_0001,invoice,2025-08-17,2025-08-16,2026-05-20,4598.0,0.0,EUR,EUR,1.0,paid,N.Fra TB2025F/153 [COMPANY] Ef 1,COUNTERPARTY_03903
94dab6b071193df76c23de460a6af847,COMP_0001,invoice,2025-12-03,2025-12-03,2026-05-20,617.73,0.0,EUR,EUR,1.0,paid,N.Fra TB2025F/195 [COMPANY] Ef 1,COUNTERPARTY_03903
585d7fda0d2fc4ee714ab3c018a9e22a,COMP_0001,invoice,2026-04-28,2026-04-28,2026-06-13,9680.0,0.0,EUR,EUR,1.0,paid,N.Fra TB2026F/32 [COMPANY] Ef 1,COUNTERPARTY_03903
735bc26fb803da9aba35a680eb5290c1,COMP_0001,invoice,2026-01-26,2026-01-26,2026-05-20,6050.0,0.0,EUR,EUR,1.0,paid,N.Fra TB2026F/9 [COMPANY] Ef 1,COUNTERPARTY_03903
e06bcd1cfdbbb67a1cc0c60f19176efc,COMP_0001,invoice,2026-02-28,2026-02-28,2026-05-19,-131.45,0.0,EUR,EUR,1.0,paid,S.Fra /56 COUNTERPARTY_51811 Ef 1CI[NUM]-0226,COUNTERPARTY_51811
ecd2b1baeaa5349c5907d4a683540577,COMP_0001,invoice,2026-01-02,2026-01-02,2026-05-20,220.22,0.0,EUR,EUR,1.0,paid,N.Fra TB2026F/2 [COMPANY] Ef 1,COUNTERPARTY_03903
0ab0dc824346a55da92320d3a218ccda,COMP_0001,invoice,2026-01-26,2026-01-26,2026-05-20,137.27,0.0,EUR,EUR,1.0,paid,N.Fra TB2026F/4 [COMPANY] Ef 1,COUNTERPARTY_03903
10b48a4357f1f8d9b42ade3f9316f540,COMP_0001,invoice,2026-07-15,2026-08-14,2026-08-14,-130.89,-130.89,EUR,EUR,1.0,overdue,S.Fra /152 COUNTERPARTY_24926 Ef [NUM]/5/26/000755,COUNTERPARTY_55414
e7a4c5540813a6e4663d9beaf32441de,COMP_0001,invoice,2025-11-18,2025-11-18,2026-05-20,30250.0,0.0,EUR,EUR,1.0,paid,N.Fra TB2025F/191 [COMPANY] Ef 1,COUNTERPARTY_03903
7c173a4ea0b4c08cb2e93f050047a494,COMP_0001,invoice,2026-02-18,2026-03-20,2026-08-05,-86.9,0.0,EUR,EUR,1.0,paid,S.Fra /119 COUNTERPARTY_119616 Ef [NUM],COUNTERPARTY_119616
ab19795839ccb9fc3a39008ddba54204,COMP_0001,invoice,2026-07-31,2026-08-30,2026-08-30,-242.6,-242.6,EUR,EUR,1.0,overdue,S.Fra /171 COUNTERPARTY_07183 Ef 1L/26/[NUM],COUNTERPARTY_50543
c16af075e813c02f32771b07e39bc035,COMP_0001,invoice,2026-02-25,2026-02-25,2026-05-20,32085.0,0.0,EUR,EUR,1.0,paid,N.Fra TB2026F/18 [COMPANY] Ef 1,COUNTERPARTY_03903
0b93424e857e85c75a9fa910235d1d5a,COMP_0001,invoice,2026-03-25,2026-03-25,2026-05-20,140.07,0.0,EUR,EUR,1.0,paid,N.Fra TB2026F/25 [COMPANY] Ef 1,COUNTERPARTY_03903
0219c919ea87139fbd0c83a0654b999c,COMP_0001,invoice,2026-02-03,2026-02-03,2026-05-20,-4529.03,0.0,EUR,EUR,1.0,paid,N.Fra TB2026F/13 [COMPANY] Ef 1,COUNTERPARTY_03903
1b35eb06f333a92c84b243e878281ec4,COMP_0001,invoice,2026-03-23,2026-04-22,2026-05-19,-149.46,0.0,EUR,EUR,1.0,paid,S.Fra /43 COUNTERPARTY_01023 Ef [REF],COUNTERPARTY_49480
4c2bc771a7bd3df4c52a3d504972e2a1,COMP_0001,invoice,2026-05-13,2026-05-13,2026-06-13,14520.0,0.0,EUR,EUR,1.0,paid,N.Fra TB2026F/36 [COMPANY] Ef 1,COUNTERPARTY_03903
6b3e847c371682ad5d6142642614c136,COMP_0001,invoice,2026-03-24,2026-04-23,2026-04-09,-9680.01,0.0,EUR,EUR,1.0,paid,S.Fra /45 COUNTERPARTY_08037 Ef 14,COUNTERPARTY_08037
a961e7a47482b396b83ba04a2fae619a,COMP_0001,invoice,2026-06-16,2026-07-16,2026-07-08,-14.15,0.0,EUR,EUR,1.0,paid,S.Fra /122 COUNTERPARTY_12457 Ef [NUM],COUNTERPARTY_94951
c56345e5162b7d91a7a25585ba21ba8a,COMP_0001,invoice,2026-03-25,2026-03-25,2026-05-20,9680.0,0.0,EUR,EUR,1.0,paid,N.Fra TB2026F/23 [COMPANY] Ef 1,COUNTERPARTY_03903
e333cdc51cb51344c1eb4478ebd96052,COMP_0001,invoice,2026-03-31,2026-04-30,2026-06-13,-118.69,0.0,EUR,EUR,1.0,paid,S.Fra /60 COUNTERPARTY_07183 Ef 1L/26/[NUM],COUNTERPARTY_50543
a1a3d19fffc305aa9314440b4dd1823e,COMP_0001,invoice,2026-05-08,2026-06-07,2026-06-13,-18.2,0.0,EUR,EUR,1.0,paid,S.Fra /88 COUNTERPARTY_12457 Ef [NUM],COUNTERPARTY_94951
b1ab29688d585dec761ce039c231095c,COMP_0001,invoice,2026-06-04,2026-07-04,2026-08-05,-74.95,0.0,EUR,EUR,1.0,paid,S.Fra /136 COUNTERPARTY_55558 Ef [NUM]/[NUM],COUNTERPARTY_120496
fdb8386149f5c43a1775a44dc53853f5,COMP_0001,invoice,2026-02-23,2026-02-23,2026-05-20,245.76,0.0,EUR,EUR,1.0,paid,N.Fra TB2026F/14 [COMPANY] Ef 1,COUNTERPARTY_03903
26ff9a9ef34e9fae6ecaa40e59960097,COMP_0001,invoice,2026-07-23,2026-08-22,2026-08-05,-9680.01,0.0,EUR,EUR,1.0,paid,S.Fra /158 COUNTERPARTY_08037 Ef 113,COUNTERPARTY_08037
9b275717299203a4e56dd22a56537643,COMP_0001,invoice,2026-04-13,2026-05-13,2026-06-13,-105.35,0.0,EUR,EUR,1.0,paid,S.Fra /62 COUNTERPARTY_24926 Ef [NUM]/5/26/000841,COUNTERPARTY_55414
0f7c604afb1a055bbd35cfbe53419231,COMP_0001,invoice,2026-07-30,2026-08-29,2026-08-05,-12.7,0.0,EUR,EUR,1.0,paid,S.Fra /167 COUNTERPARTY_12457 Ef [NUM],COUNTERPARTY_94951
366bf532dfcbe1f6ae0c33ddb508addf,COMP_0001,invoice,2026-07-17,2026-08-16,2026-09-07,-117.75,0.0,EUR,EUR,1.0,paid,S.Fra /154 COUNTERPARTY_120897 Ef 1I6-10236,COUNTERPARTY_120897
6681010dffb2bf10efd02f1b48bcbc2e,COMP_0001,invoice,2025-11-05,2025-11-05,2025-11-05,-1727.88,-1727.88,EUR,EUR,1.0,overdue,S.Fra /211 COUNTERPARTY_10587 Ef 12025-VN/FV[NUM],COUNTERPARTY_10587
468179fd0f93899ff6de9fbb3feaa8f1,COMP_0001,invoice,2025-12-29,2026-01-28,2026-08-05,-170.1,0.0,EUR,EUR,1.0,paid,S.Fra /237 COUNTERPARTY_23347 Ef 1RR/250.808,COUNTERPARTY_23347
245feb4c7fb5a71d7bf1767cc35694ed,COMP_0001,invoice,2026-07-12,2026-08-11,2026-08-05,-97.25,0.0,EUR,EUR,1.0,paid,S.Fra /151 COUNTERPARTY_121420. Ef [NUM],COUNTERPARTY_121420
ae977b21c1acb97ed79b0bd92f16422b,COMP_0001,invoice,2026-04-22,2026-05-22,2026-05-13,-7260.0,0.0,EUR,EUR,1.0,paid,S.Fra /66 COUNTERPARTY_26899 Ef 17,COUNTERPARTY_26899
cdbf8369f05e71c21233dd2ee9f9f9dd,COMP_0001,invoice,2026-03-15,2026-04-14,2026-04-09,-1419.96,0.0,EUR,EUR,1.0,paid,S.Fra /[COMPANY] Ef 1CI[NUM],COUNTERPARTY_28286
e7c25aa5fa8c662129fa9ce3d83adf6b,COMP_0001,invoice,2026-03-31,2026-04-30,2026-06-13,-527.24,0.0,EUR,EUR,1.0,paid,S.Fra /57 COUNTERPARTY_07183 Ef 1L/26/[NUM],COUNTERPARTY_50543
d9353a3f595de124af9b5e659eabc881,COMP_0001,invoice,2026-02-16,2026-02-16,2026-03-05,-89.54,0.0,EUR,EUR,1.0,paid,S.Fra /17 COUNTERPARTY_27064 Ef 1F26/0043,COUNTERPARTY_27064
da509421be37502f6dbcd22c47fd242e,COMP_0001,invoice,2025-12-03,2025-12-03,2026-05-20,409.06,0.0,EUR,EUR,1.0,paid,N.Fra TB2025F/196 [COMPANY] Ef 1,COUNTERPARTY_03903
2151ecad9986418b262d9beeceb8b2c3,COMP_0001,invoice,2026-07-31,2026-08-30,2026-08-30,-205.86,-205.86,EUR,EUR,1.0,overdue,S.Fra /168 COUNTERPARTY_07183 Ef 1L/26/[NUM],COUNTERPARTY_50543
8c24774ac16d21c6b45eca10dadea9c3,COMP_0001,invoice,2026-08-06,2026-08-06,2026-09-07,5662.87,0.0,EUR,EUR,1.0,paid,N.Fra TB2026F/62 [COMPANY] Ef 1,COUNTERPARTY_03903
6ea10902966f4c22d05377e5ecedb93f,COMP_0001,invoice,2026-03-27,2026-04-26,2026-05-20,-96.35,0.0,EUR,EUR,1.0,paid,S.Fra /51 COUNTERPARTY_35207 Ef 12026/1668,COUNTERPARTY_35207
a95c835c86128dd2af7b359eb250ecc8,COMP_0001,invoice,2026-01-27,2026-02-26,2026-08-05,-1119.84,0.0,EUR,EUR,1.0,paid,S.Fra /1 COUNTERPARTY_23347 Ef 1260.041,COUNTERPARTY_23347
028623cfbddad5c8d52d6566d9507ce6,COMP_0001,invoice,2026-05-08,2026-06-07,2026-06-13,-75.23,0.0,EUR,EUR,1.0,paid,S.Fra /89 COUNTERPARTY_24926 Ef [NUM]/5/26/001377,COUNTERPARTY_55414
51f105a52eae6f70ebb102e61b967666,COMP_0001,invoice,2026-07-31,2026-08-30,2026-08-30,-135.65,-135.65,EUR,EUR,1.0,overdue,S.Fra /169 COUNTERPARTY_07183 Ef 1L/26/[NUM],COUNTERPARTY_50543
c6f10d40c69820da592964991ebe202e,COMP_0001,invoice,2026-07-29,2026-08-28,2026-08-28,-52.04,-52.04,EUR,EUR,1.0,overdue,S.Fra /165 COUNTERPARTY_24926 Ef [NUM]/5/26/005170,COUNTERPARTY_55414
f606b651f81e7d2b49985a282215c2b4,COMP_0001,invoice,2026-03-25,2026-03-25,2026-05-20,480.09,0.0,EUR,EUR,1.0,paid,N.Fra TB2026F/24 [COMPANY] Ef 1,COUNTERPARTY_03903
22d501724eaee02f3aec661b204fc259,COMP_0001,invoice,2026-05-16,2026-06-15,2026-06-13,-65.2,0.0,EUR,EUR,1.0,paid,S.Fra /96 COUNTERPARTY_24926 Ef [NUM]/5/26/001145,COUNTERPARTY_55414
27dc1accb9c1eafdc6b64b89074eb445,COMP_0001,invoice,2026-04-22,2026-05-22,2026-05-19,-200.13,0.0,EUR,EUR,1.0,paid,S.Fra /[COMPANY] Ef 1ZB26-[NUM],COUNTERPARTY_28286
d73f7cd8d6848ceba695ae28061e1ad4,COMP_0001,invoice,2026-05-31,2026-06-30,2026-06-13,-285.63,0.0,EUR,EUR,1.0,paid,S.Fra /116 COUNTERPARTY_07183 Ef 153771,COUNTERPARTY_50543
d76b4f758f6ee7ccf3d1321caf299450,COMP_0001,invoice,2026-03-31,2026-03-31,2026-05-19,-84.52,0.0,EUR,EUR,1.0,paid,S.Fra /58 COUNTERPARTY_51811 Ef 1CI[NUM]-0326,COUNTERPARTY_51811
3e4b46c4edb272870e148211683fa53e,COMP_0001,invoice,2026-04-30,2026-05-30,2026-06-13,-165.14,0.0,EUR,EUR,1.0,paid,S.Fra /75 COUNTERPARTY_07183 Ef 1L/26/[NUM],COUNTERPARTY_50543
591923ab581c97b66e48ebcd851dde2b,COMP_0001,invoice,2026-08-01,2026-08-31,2026-08-05,-394.14,0.0,EUR,EUR,1.0,paid,S.Fra /172 COUNTERPARTY_06292 Ef [NUM],COUNTERPARTY_38023
88e6a2461fc9a79e92ac9a9041b0498d,COMP_0001,invoice,2026-04-28,2026-04-28,2026-06-13,33402.53,0.0,EUR,EUR,1.0,paid,N.Fra TB2026F/29 [COMPANY] Ef 1,COUNTERPARTY_03903
2b9059e61e468174c2e6cf93628877d6,COMP_0001,invoice,2026-04-23,2026-05-23,2026-05-19,-158.52,0.0,EUR,EUR,1.0,paid,S.Fra /68 COUNTERPARTY_01023 Ef [REF],COUNTERPARTY_49480
319fc80f0c98624282c0e021bfc9590f,COMP_0001,invoice,2024-11-22,2024-12-22,2024-12-22,-124.99,-124.99,EUR,EUR,1.0,overdue,S.Fra /90 COUNTERPARTY_124001 Ef [REF],COUNTERPARTY_124001
31ffdc07bf601ab31b38b862f2b5fc40,COMP_0001,invoice,2026-03-22,2026-04-21,2026-04-09,-200.13,0.0,EUR,EUR,1.0,paid,S.Fra /[COMPANY] Ef 1ZB26-[NUM],COUNTERPARTY_28286
4394c393d82e461c3d526dd7d2402740,COMP_0001,invoice,2026-07-09,2026-07-09,2026-07-09,62920.0,62920.0,EUR,EUR,1.0,overdue,N.Fra TB2026F/52 COUNTERPARTY_29645 Ef 1,COUNTERPARTY_29645
6cae6367e5c8d9afdcb38b9247627f8b,COMP_0001,invoice,2026-03-27,2026-04-26,2026-05-20,-55.3,0.0,EUR,EUR,1.0,paid,S.Fra /49 COUNTERPARTY_49050 Ef 1IJ5284,COUNTERPARTY_49050
984c42612cf58b8860d9992f4822f46b,COMP_0001,invoice,2026-06-25,2026-07-25,2026-07-08,-100.87,0.0,EUR,EUR,1.0,paid,S.Fra /135 COUNTERPARTY_24926 Ef [NUM]/5/26/000641,COUNTERPARTY_55414
cda26d164e9f463335b35eb5f9c58171,COMP_0001,invoice,2026-05-13,2026-05-13,2026-06-13,6050.0,0.0,EUR,EUR,1.0,paid,N.Fra TB2026F/39 [COMPANY] Ef 1,COUNTERPARTY_03903
0adeb39de56f44fe4da49b198f278bcd,COMP_0001,invoice,2025-12-03,2025-12-03,2026-05-20,475.92,0.0,EUR,EUR,1.0,paid,N.Fra TB2025F/197 [COMPANY] Ef 1,COUNTERPARTY_03903
1e8b6744883092cf0dd2a7ed3c0c5829,COMP_0001,invoice,2026-03-31,2026-04-30,2026-06-13,-115.62,0.0,EUR,EUR,1.0,paid,S.Fra /59 COUNTERPARTY_07183 Ef 1L/26/[NUM],COUNTERPARTY_50543
ccc65ef0ef6ab3cdd7c02fa664415fb8,COMP_0001,invoice,2026-06-15,2026-07-15,2026-08-05,-77.75,0.0,EUR,EUR,1.0,paid,S.Fra /120 COUNTERPARTY_124854 Ef [NUM],COUNTERPARTY_124854
d5756af4070c8cca425ec7d452e4e175,COMP_0001,invoice,2026-06-02,2026-07-02,2026-07-08,-123.99,0.0,EUR,EUR,1.0,paid,S.Fra /114 COUNTERPARTY_24926 Ef [NUM]/5/26/001634,COUNTERPARTY_55414
17b535b38509b3c01818e52a69c58e58,COMP_0001,invoice,2026-05-13,2026-05-13,2026-06-13,6047.28,0.0,EUR,EUR,1.0,paid,N.Fra TB2026F/41 [COMPANY] Ef 1,COUNTERPARTY_03903
a02112f6594e425bf9a2fdc6efdbfe53,COMP_0001,invoice,2026-02-26,2026-03-28,2026-08-05,-411.09,0.0,EUR,EUR,1.0,paid,S.Fra /28 COUNTERPARTY_23347 Ef 1RR/260.117,COUNTERPARTY_23347
a6e35c24edaba16380c653e8d68a3d0d,COMP_0001,invoice,2026-06-29,2026-07-29,2026-07-08,-14520.0,0.0,EUR,EUR,1.0,paid,S.Fra /137 COUNTERPARTY_09820 Ef 17,COUNTERPARTY_09820
4a1d5776d322b66b1f7860d9d7eea2c2,COMP_0001,invoice,2026-05-13,2026-06-12,2026-05-13,-9680.01,0.0,EUR,EUR,1.0,paid,S.Fra /87 COUNTERPARTY_08037 Ef 17,COUNTERPARTY_08037
72ecce5597df99a475bedfa0996baaa5,COMP_0001,invoice,2026-05-04,2026-06-03,2026-05-20,-100.0,0.0,EUR,EUR,1.0,paid,S.Fra /81 COUNTERPARTY_17285 Ef [NUM],COUNTERPARTY_17285
04bfa7778e1d83106529b8206a05bbdf,COMP_0001,invoice,2026-01-02,2026-01-02,2026-05-20,2013.44,0.0,EUR,EUR,1.0,paid,N.Fra TB2026F/1 [COMPANY] Ef 1,COUNTERPARTY_03903
1e84aa8748ec1347874d197892b9449d,COMP_0001,invoice,2026-04-28,2026-04-28,2026-06-13,14520.0,0.0,EUR,EUR,1.0,paid,N.Fra TB2026F/31 [COMPANY] Ef 1,COUNTERPARTY_03903
9864f8f156a63b61f376e01f02b2d107,COMP_0001,invoice,2026-04-28,2026-05-28,2026-05-13,-14520.0,0.0,EUR,EUR,1.0,paid,S.Fra /71 COUNTERPARTY_09820 Ef 14,COUNTERPARTY_09820
da18c92f9b0b3a6c18fd4d4d5d88dffc,COMP_0001,invoice,2026-02-23,2026-02-23,2026-05-20,9680.0,0.0,EUR,EUR,1.0,paid,N.Fra TB2026F/17 [COMPANY] Ef 1,COUNTERPARTY_03903
e432b72bdba03e7f1d85a04f72080f4c,COMP_0001,invoice,2026-02-17,2026-03-19,2026-08-05,-84.7,0.0,EUR,EUR,1.0,paid,S.Fra /19 COUNTERPARTY_23347 Ef 1SC/260.040,COUNTERPARTY_23347
ed4599fa4127978b9399d32b322cba0e,COMP_0001,invoice,2026-03-25,2026-03-25,2026-05-20,14520.0,0.0,EUR,EUR,1.0,paid,N.Fra TB2026F/22 [COMPANY] Ef 1,COUNTERPARTY_03903
0469f3d4c823f009fba6377c03217ac0,COMP_0001,invoice,2026-04-28,2026-04-28,2026-06-13,6047.28,0.0,EUR,EUR,1.0,paid,N.Fra TB2026F/30 [COMPANY] Ef 1,COUNTERPARTY_03903
52971aa3284270cd5f8ee2c800dab626,COMP_0001,invoice,2026-02-23,2026-02-23,2026-05-20,14520.0,0.0,EUR,EUR,1.0,paid,N.Fra TB2026F/15 [COMPANY] Ef 1,COUNTERPARTY_03903
63c94afe3dced4e89fa26b81e6da2a9e,COMP_0001,invoice,2026-03-25,2026-03-25,2026-05-20,30555.71,0.0,EUR,EUR,1.0,paid,N.Fra TB2026F/20 [COMPANY] Ef 1,COUNTERPARTY_03903
d13630be81e112e507cfbdadb14af101,COMP_0001,invoice,2026-07-22,2026-08-21,2026-08-05,-200.13,0.0,EUR,EUR,1.0,paid,S.Fra /[COMPANY] Ef 1ZB26-[NUM],COUNTERPARTY_28286
f5f5d56c98a369f7cc5371ac79f9d1e7,COMP_0001,invoice,2026-05-18,2026-05-18,2026-05-18,-185.2,-185.2,EUR,EUR,1.0,overdue,S.Fra /99 COUNTERPARTY_01678 Ef 1ES6W8M6ABEI,COUNTERPARTY_48241
998a4cb52baa19558c80107ebbf6052f,COMP_0001,invoice,2025-10-22,2025-10-22,2026-05-20,12100.0,0.0,EUR,EUR,1.0,paid,N.Fra TB2025F/177 [COMPANY] Ef 1,COUNTERPARTY_03903
a0e7afc1a958391cfa75bacd4d9cb36a,COMP_0001,invoice,2026-05-18,2026-05-18,2026-05-18,-185.2,-185.2,EUR,EUR,1.0,overdue,S.Fra /100 COUNTERPARTY_01678 Ef 1ES6W8M3ABEI,COUNTERPARTY_48241
be2bd9de7171f736ad426760233504bc,COMP_0001,invoice,2026-03-02,2026-04-01,2026-08-05,-42.35,0.0,EUR,EUR,1.0,paid,S.Fra /30 COUNTERPARTY_23347 Ef 1SC/260.053,COUNTERPARTY_23347
588401e2e39ba0fa001a52b02faf9c02,COMP_0001,invoice,2026-03-26,2026-04-25,2026-08-05,-169.4,0.0,EUR,EUR,1.0,paid,S.Fra /47 COUNTERPARTY_23347 Ef 1SC/260.073,COUNTERPARTY_23347
74dd687103990aa175c5c8e895a4a6e3,COMP_0001,invoice,2026-06-19,2026-07-19,2026-07-08,-78.04,0.0,EUR,EUR,1.0,paid,S.Fra /126 COUNTERPARTY_24926 Ef [NUM]/5/26/001705,COUNTERPARTY_55414
9f9ff9682f3b2f73c1fabbe81c672d27,COMP_0001,invoice,2026-07-23,2026-07-23,2026-09-07,32.46,0.0,EUR,EUR,1.0,paid,N.Fra TB2026F/58 [COMPANY] Ef 1,COUNTERPARTY_03903
bfc63e3b4b62b5ccff9c39911a07ada5,COMP_0001,invoice,2026-06-01,2026-07-01,2026-07-08,-318.15,0.0,EUR,EUR,1.0,paid,S.Fra /145 COUNTERPARTY_07183 Ef 130DE,COUNTERPARTY_50543
6e5af19723838556951315850c1a068f,COMP_0001,invoice,2026-02-27,2026-03-29,2026-03-05,-14520.0,0.0,EUR,EUR,1.0,paid,S.Fra /29 COUNTERPARTY_09820 Ef 12,COUNTERPARTY_09820
eec943fdfc33525746fca60c292c27d0,COMP_0001,invoice,2026-06-01,2026-07-01,2026-07-08,-126.63,0.0,EUR,EUR,1.0,paid,S.Fra /143 COUNTERPARTY_07183 Ef 130DE,COUNTERPARTY_50543
1460de4eb9647c628773afb945a7b1d0,COMP_0001,invoice,2025-11-19,2025-12-19,2026-08-05,-79.86,0.0,EUR,EUR,1.0,paid,S.Fra /216 COUNTERPARTY_23347 Ef 1VP/250.048,COUNTERPARTY_23347
1ee00a411a18d636ad0ce3fcaa21da5c,COMP_0001,invoice,2026-03-31,2026-04-30,2026-04-09,-14520.0,0.0,EUR,EUR,1.0,paid,S.Fra /53 COUNTERPARTY_09820 Ef 13,COUNTERPARTY_09820
339eb8dbe3e1e66162d9e5991cc17664,COMP_0001,invoice,2026-03-25,2026-03-25,2026-05-20,293.69,0.0,EUR,EUR,1.0,paid,N.Fra TB2026F/28 [COMPANY] Ef 1,COUNTERPARTY_03903
3e4483aa8c71f934e1bd48873f6cba37,COMP_0001,invoice,2026-05-13,2026-05-13,2026-06-13,9680.0,0.0,EUR,EUR,1.0,paid,N.Fra TB2026F/37 [COMPANY] Ef 1,COUNTERPARTY_03903
ed9155f1830e6c95a00e39647e11f7f8,COMP_0001,invoice,2026-07-11,2026-08-10,2026-08-05,-97.13,0.0,EUR,EUR,1.0,paid,S.Fra /150 COUNTERPARTY_127731 Ef [NUM],COUNTERPARTY_127731
3eb9baa66c9827db0f0ebcb092a0b5d4,COMP_0001,invoice,2026-02-23,2026-02-23,2026-03-05,-7260.0,0.0,EUR,EUR,1.0,paid,S.Fra /26 COUNTERPARTY_26899 Ef 13,COUNTERPARTY_26899
088f7e13d32131890112d0823e027b19,COMP_0001,invoice,2026-08-06,2026-08-06,2026-09-07,6868.65,0.0,EUR,EUR,1.0,paid,N.Fra TB2026F/63 [COMPANY] Ef 1,COUNTERPARTY_03903
ae004a1b946fde2a0239ccbefb58c54a,COMP_0001,invoice,2026-04-22,2026-05-22,2026-05-20,-146.25,0.0,EUR,EUR,1.0,paid,S.Fra /65 COUNTERPARTY_40912 Ef [NUM],COUNTERPARTY_128139
92d7437a2b9da90cc8bf310932696855,COMP_0001,invoiceGroup,2026-08-05,2026-08-05,2026-08-05,-22397.27,-22397.27,EUR,EUR,1.0,overdue,Remesas Proveedor,
d75cd456810bdb0ceb5ad66b7bb37d22,COMP_0001,invoice,2026-05-14,2026-06-13,2026-06-13,-104.46,0.0,EUR,EUR,1.0,paid,S.Fra /91 COUNTERPARTY_24926 Ef [NUM]/5/26/000215,COUNTERPARTY_55414
5de771cdcbac580c0eff5b6c2bb2b8a7,COMP_0001,invoice,2026-06-16,2026-06-16,2026-08-05,-34.47,0.0,EUR,EUR,1.0,paid,S.Fra /147 COUNTERPARTY_01678 Ef 1ES614[X],COUNTERPARTY_48241
528d5e2505cbdd2f078b6d9f027c3b1d,COMP_0001,invoice,2026-06-23,2026-06-23,2026-06-23,29040.0,29040.0,EUR,EUR,1.0,overdue,N.Fra TB2026F/48 COUNTERPARTY_29645 Ef 1,COUNTERPARTY_29645
8d293eff71f23b01b42d8f3b906cdb50,COMP_0001,invoice,2026-03-17,2026-04-16,2026-05-20,-85.76,0.0,EUR,EUR,1.0,paid,S.Fra /40 COUNTERPARTY_49050 Ef 1IJ1851,COUNTERPARTY_49050
a92b40e1fce94146bf5ca14528fbbb5d,COMP_0001,invoice,2025-11-18,2025-11-18,2026-05-20,6050.0,0.0,EUR,EUR,1.0,paid,N.Fra TB2025F/193 [COMPANY] Ef 1,COUNTERPARTY_03903
4eea115d67d4e417cc8c8749beb05cbf,COMP_0001,invoice,2026-05-18,2026-05-18,2026-05-18,-185.2,-185.2,EUR,EUR,1.0,overdue,S.Fra /97 COUNTERPARTY_01678 Ef 1ES6W8M7ABEI,COUNTERPARTY_48241
679121ee054cdafba62f984ed26c5e00,COMP_0001,invoice,2026-02-23,2026-02-23,2026-05-20,6050.0,0.0,EUR,EUR,1.0,paid,N.Fra TB2026F/16 [COMPANY] Ef 1,COUNTERPARTY_03903
3802d53dd780c67e52af182560df4b90,COMP_0001,invoice,2026-05-01,2026-05-31,2026-06-13,-88.57,0.0,EUR,EUR,1.0,paid,S.Fra /77 COUNTERPARTY_24926 Ef [NUM]/5/26/001213,COUNTERPARTY_55414
7a63d0913e10b60bec7189bef59ea2be,COMP_0001,invoice,2026-07-23,2026-07-23,2026-09-07,471.32,0.0,EUR,EUR,1.0,paid,N.Fra TB2026F/60 [COMPANY] Ef 1,COUNTERPARTY_03903
99261f0bd9b8ce22384db24315f83d4b,COMP_0001,invoice,2026-05-15,2026-06-14,2026-06-13,-1769.03,0.0,EUR,EUR,1.0,paid,S.Fra /[COMPANY] Ef 1CI[NUM],COUNTERPARTY_28286
90cb8ab612a6af838dbfef84bb80ada2,COMP_0001,invoice,2026-06-23,2026-07-23,2026-07-08,-115.47,0.0,EUR,EUR,1.0,paid,S.Fra /131 COUNTERPARTY_24926 Ef [NUM]/5/26/001874,COUNTERPARTY_55414
bb7f95e21b62ff5c552564f2a1728f37,COMP_0001,invoice,2026-07-31,2026-07-31,2026-07-31,-604.52,-604.52,EUR,EUR,1.0,overdue,S.Fra /175 COUNTERPARTY_51811 Ef 1CI[NUM]-0726,COUNTERPARTY_51811
532fd04ec1abbfbfcdefbf40a60c29bc,COMP_0001,invoice,2026-06-16,2026-07-16,2026-07-08,-13.5,0.0,EUR,EUR,1.0,paid,S.Fra /123 COUNTERPARTY_12457 Ef [NUM],COUNTERPARTY_94951
704190295456722f05dffe2a34cd468c,COMP_0001,invoice,2025-11-18,2025-11-18,2026-05-20,9680.0,0.0,EUR,EUR,1.0,paid,N.Fra TB2025F/194 [COMPANY] Ef 1,COUNTERPARTY_03903
e3d3915a47c393b915716febda76b852,COMP_0001,invoice,2026-03-27,2026-04-26,2026-05-20,3.13,0.0,EUR,EUR,1.0,paid,S.Fra /48 COUNTERPARTY_35207 Ef 12026/1584,COUNTERPARTY_35207
DEMO_INV_000,COMP_0001,invoice,2026-07-16,2026-08-15,2026-08-15,-25000.0,-25000.0,EUR,EUR,1.0,overdue,[DEMO] overdue supplier invoice 0,COUNTERPARTY_demo_sup_0
DEMO_INV_001,COMP_0001,invoice,2026-08-06,2026-09-05,2026-09-05,-30000.0,-30000.0,EUR,EUR,1.0,overdue,[DEMO] overdue supplier invoice 1,COUNTERPARTY_demo_sup_1
DEMO_INV_002,COMP_0001,invoice,2026-08-19,2026-09-18,2026-09-18,-35000.0,-35000.0,EUR,EUR,1.0,overdue,[DEMO] overdue supplier invoice 2,COUNTERPARTY_demo_sup_2
