operation_id,company_id,document_type,issuance_date,due_date,payment_date,amount,pending_amount,currency,accounting_currency,exchange_rate,status,concept,counterparty_id
02264a20d7d20b071a553920a4c6ee86,COMP_0793,invoice,2025-10-30,2025-11-29,2025-10-30 00:00:00,-1016.56,0.0,EUR,EUR,1.0,paid,S.Fra /1630 COUNTERPARTY_47799 Ef [NUM],COUNTERPARTY_47799
0ae7325637cffb7fb70151456170ff08,COMP_0001,invoice,2025-05-19,2025-05-19,2025-05-07 00:00:00,6050.0,0.0,EUR,EUR,1.0,paid,N.Fra TB2025F/42 [COMPANY] Ef 1,COUNTERPARTY_03903
0d6da7166684ea85c6354caf0e204b8c,COMP_0793,invoice,2026-01-20,2026-01-20,2026-01-13 00:00:00,-1.51,0.0,EUR,EUR,1.0,paid,S.Fra /107 COUNTERPARTY_00061 Ef [REF],COUNTERPARTY_22769
120db14d32b7f7b1f0ee4133ad2791bb,COMP_0793,invoice,2025-12-09,2025-12-09,2026-01-12 00:00:00,-242.0,0.0,EUR,EUR,1.0,paid,S.Fra /2025 COUNTERPARTY_47848 Ef 12025/1195,COUNTERPARTY_47848
1568f06c273147a3e3e767c631f7ad7c,COMP_0793,invoice,2026-01-26,2026-01-26,2026-02-11 00:00:00,151.12,0.0,EUR,EUR,1.0,paid,N.Fra TB2026F/13 COUNTERPARTY_47852 Ef 1,COUNTERPARTY_47852
1741b2dc2999a67da0401b5882de4158,COMP_0001,invoice,2025-12-07,2025-12-07,2026-01-05 00:00:00,-987.36,0.0,EUR,EUR,1.0,paid,S.Fra /225 COUNTERPARTY_27064 Ef 1F25/0380,COUNTERPARTY_27064
25bfb343c0d1cecef28845f8408ed809,COMP_0793,invoice,2026-01-31,2026-03-02,2026-03-02 00:00:00,-355.06,0.0,EUR,EUR,1.0,paid,S.Fra /278 COUNTERPARTY_23805 Ef [NUM],COUNTERPARTY_23805
342fea987c31a48429bdc8855820837e,COMP_0001,invoice,2025-05-19,2025-05-19,2025-05-19 00:00:00,2420.0,0.0,EUR,EUR,1.0,paid,N.Fra TB2025F/45 [COMPANY] Ef 1,COUNTERPARTY_03903
3f6bdb49ba30950c8574950d158967f3,COMP_0793,invoice,2025-04-17,2025-04-17,2025-05-30 00:00:00,-0.73,0.0,EUR,EUR,1.0,paid,S.Fra /[COMPANY] Ef 1FZ025106,COUNTERPARTY_47950
41d6a94cb53baa12696040c5822426fe,COMP_0001,invoice,2026-03-31,2026-04-30,2026-05-01 00:00:00,-6.29,0.0,EUR,EUR,1.0,paid,S.Fra /93 COUNTERPARTY_00532 Ef 151056,COUNTERPARTY_47953
51b232280ad23ee315f194ec5299bee8,COMP_0793,invoice,2025-04-30,2025-04-30,2025-05-19 00:00:00,183.06,0.0,EUR,EUR,1.0,paid,N.Fra TB2025F/151 COUNTERPARTY_38868 Ef 1,COUNTERPARTY_38868
5ac26846faf0302881d87715c0b8dd1f,COMP_0793,invoice,2025-10-27,2025-11-26,2025-10-28 00:00:00,-14.06,0.0,EUR,EUR,1.0,paid,S.Fra /1628 COUNTERPARTY_07226 Ef 1ES51[X],COUNTERPARTY_18040
6cbd078b1299d3d1a9c20f04f5a0baa2,COMP_0001,invoice,2025-07-11,2025-07-11,2025-07-17 00:00:00,-7260.0,0.0,EUR,EUR,1.0,paid,S.Fra /156 COUNTERPARTY_08037 Ef 114,COUNTERPARTY_08037
6d0a6c754468b2a85735359dc95e8f39,COMP_0793,invoice,2025-05-28,2025-06-27,2025-05-28 00:00:00,-9765.71,0.0,EUR,EUR,1.0,paid,S.Fra /478 COUNTERPARTY_34270 Ef 1INV/2025/07588,COUNTERPARTY_34270
761dbfa9a6a8068674fd2df64bc80dc7,COMP_0793,invoice,2025-09-15,2025-10-15,2025-09-15 00:00:00,-61.35,0.0,EUR,EUR,1.0,paid,S.Fra /1432 COUNTERPARTY_48052 Ef 1A350601,COUNTERPARTY_48052
850e5759bc65e496f1434fe07f8e77d6,COMP_0793,invoice,2025-11-18,2025-12-18,2026-01-12 00:00:00,-1312.4,0.0,EUR,EUR,1.0,paid,S.Fra /1869 COUNTERPARTY_48090 Ef 191028,COUNTERPARTY_48090
873b9e7db836465a8ac66e71dd644067,COMP_0793,invoice,2025-05-14,2025-05-14,2025-05-21 00:00:00,-85.46,0.0,EUR,EUR,1.0,paid,S.Fra /448 [COMPANY] Ef [REF],COUNTERPARTY_21065
883f2ee857992889ed14402e382ed958,COMP_0001,invoice,2025-11-18,2025-11-18,2026-02-06 00:00:00,14520.0,0.0,EUR,EUR,1.0,paid,N.Fra TB2025F/192 [COMPANY] Ef 1,COUNTERPARTY_03903
9ee63428b16061a94bc155431b239cce,COMP_0001,invoice,2025-08-17,2025-08-16,2025-10-14 00:00:00,15125.0,0.0,EUR,EUR,1.0,paid,N.Fra TB2025F/136 [COMPANY] Ef 1,COUNTERPARTY_03903
9eeb4372242edafdbe22ed85071fbc16,COMP_0793,invoice,2025-10-01,2025-10-01,2025-10-02 00:00:00,-246.84,0.0,EUR,EUR,1.0,paid,S.Fra /1423 COUNTERPARTY_18906 Ef 12025/7944,COUNTERPARTY_18906
aa3fdb2ddab6cac64c532e35d3d2522a,COMP_0793,invoice,2025-06-10,2025-06-10,2025-07-10 00:00:00,-983.73,0.0,EUR,EUR,1.0,paid,S.Fra /540 COUNTERPARTY_42909. Ef 125/1069,COUNTERPARTY_42909
ac8f889cde730d8c61729fb543bb669a,COMP_0793,invoice,2025-06-30,2025-07-30,2025-06-30 00:00:00,-5344.27,0.0,EUR,EUR,1.0,paid,S.Fra /571 COUNTERPARTY_10436 Ef 1FA122349,COUNTERPARTY_10436
b24461b1384def6a9c26631eecad1b09,COMP_0793,invoice,2026-01-01,2026-01-01,2026-01-01 00:00:00,-927.45,0.0,EUR,EUR,1.0,paid,S.Fra /79 COUNTERPARTY_18906 Ef 1[X]/2026/00394,COUNTERPARTY_18906
c3908ce4691d5a061a59744cd9108f54,COMP_0001,invoice,2025-04-30,2025-04-30,2025-05-07 00:00:00,302.23,0.0,EUR,EUR,1.0,paid,N.Fra TB2025F/34 [COMPANY] Ef 1,COUNTERPARTY_03903
c3f984d63381558ed39b5aea26e91552,COMP_0793,invoice,2025-11-20,2025-12-20,2026-01-12 00:00:00,-37.26,0.0,EUR,EUR,1.0,paid,S.Fra /1872 COUNTERPARTY_48090 Ef 191061,COUNTERPARTY_48090
c9c4a7b9e8ff6a2f496aacbc20b46ea1,COMP_0001,invoice,2025-06-08,2025-06-08,2025-06-08 00:00:00,-108.03,0.0,EUR,EUR,1.0,paid,S.Fra /118 COUNTERPARTY_01678 Ef 1ES51LEY1AEUI,COUNTERPARTY_48241
dac71bb1b10b2b2d2018d0bd45c49b51,COMP_0793,invoice,2025-12-23,2025-12-23,2026-02-03 00:00:00,135.96,0.0,EUR,EUR,1.0,paid,N.Fra TB2025F/613 COUNTERPARTY_10380 Ef 1,COUNTERPARTY_10380
e69fa01efcf3c68766156657f7ad84fd,COMP_0793,invoice,2025-09-30,2025-09-30,2025-12-04 00:00:00,1190.88,0.0,EUR,EUR,1.0,paid,N.Fra TB2025F/426 COUNTERPARTY_48298 Ef 1,COUNTERPARTY_48298
f7025de5bdab8fa1e575fd2020d5c840,COMP_0793,invoice,2025-12-15,2025-12-15,2025-12-30 00:00:00,1147.15,0.0,EUR,EUR,1.0,paid,N.Fra TB2025F/573 COUNTERPARTY_44045 Ef 1,COUNTERPARTY_44045
03eed99e447d15af4eb45366162a3864,COMP_0793,invoice,2025-04-03,2025-05-03,2025-06-06 00:00:00,-47.19,0.0,EUR,EUR,1.0,paid,S.Fra /321 COUNTERPARTY_48090 Ef 189352,COUNTERPARTY_48090
09b2d415dd00b5d2ab2c3931496d37d2,COMP_0793,invoice,2026-01-26,2026-01-26,2026-02-11 00:00:00,120.03,0.0,EUR,EUR,1.0,paid,N.Fra TB2026F/14 COUNTERPARTY_47852 Ef 1,COUNTERPARTY_47852
0a458626bfdb7f604ffcde911c8d444a,COMP_0001,invoice,2025-06-27,2025-06-27,2025-07-11 00:00:00,4235.0,0.0,EUR,EUR,1.0,paid,N.Fra TB2025F/74 [COMPANY] Ef 1,COUNTERPARTY_03903
1ce2bb65294962734f327258c63b6eb9,COMP_0793,invoice,2025-05-05,2025-05-05,2025-05-05 00:00:00,6900.0,0.0,EUR,EUR,1.0,paid,N.Fra TB2025F/172 COUNTERPARTY_20173 Ef 1,COUNTERPARTY_48413
253f5c2a8743127a3a52945c8f207597,COMP_0793,invoice,2026-02-04,2026-02-04,2026-02-10 00:00:00,-59.29,0.0,EUR,EUR,1.0,paid,S.Fra /284 COUNTERPARTY_01639 Ef [NUM],COUNTERPARTY_11626
2634da2a94e3ebe70a2a869db2c59a71,COMP_0793,invoice,2025-09-02,2025-09-02,2025-09-05 00:00:00,147.23,0.0,EUR,EUR,1.0,paid,N.Fra TB2025F/379 COUNTERPARTY_15425 Ef 1,COUNTERPARTY_15425
2d4049a247a46b9f8cfc9d7042828c8f,COMP_0793,invoice,2025-10-15,2025-11-14,2025-12-11 00:00:00,-128.87,0.0,EUR,EUR,1.0,paid,S.Fra /1681 COUNTERPARTY_48443 Ef [NUM],COUNTERPARTY_48443
3e1027688a1932b8af5de2c54bbbe921,COMP_0793,invoice,2025-12-12,2026-01-11,2026-02-10 00:00:00,-82.11,0.0,EUR,EUR,1.0,paid,S.Fra /2029 COUNTERPARTY_48090 Ef 191191,COUNTERPARTY_48090
44d31a382dc3a80e1dfac33caa7ad1fa,COMP_0793,invoice,2025-07-24,2025-07-24,2025-07-24 00:00:00,4841.0,0.0,EUR,EUR,1.0,paid,S.Fra /808 [COMPANY] Ef 189,COUNTERPARTY_22440
6b19083afcce4ca6819db55d0d08b8a9,COMP_0001,invoice,2025-07-24,2025-07-24,2025-07-24 00:00:00,8470.0,0.0,EUR,EUR,1.0,paid,N.Fra TB2025F/129 [COMPANY] Ef 1,COUNTERPARTY_03903
6c9f68942299d2ea42b6233800e4639d,COMP_0793,invoice,2025-11-28,2025-12-28,2026-01-12 00:00:00,-1109.29,0.0,EUR,EUR,1.0,paid,S.Fra /1883 COUNTERPARTY_48090 Ef 191125,COUNTERPARTY_48090
70f19ff1407d98be640ad8118aceace0,COMP_0793,invoice,2025-10-28,2025-11-27,2025-11-17 00:00:00,-403.96,0.0,EUR,EUR,1.0,paid,S.Fra /1693 COUNTERPARTY_18583 Ef [REF],COUNTERPARTY_18583
7142ad8d6d7d6734e891d4c00fc0985c,COMP_0793,invoice,2025-08-10,2025-09-09,2025-10-13 00:00:00,-3283.08,0.0,EUR,EUR,1.0,paid,S.Fra /1236 COUNTERPARTY_48575 Ef 197,COUNTERPARTY_48575
81770397eb6c54fe0676d6a96c9b72bb,COMP_0793,invoice,2025-10-28,2025-10-28,2025-11-27 00:00:00,313.51,0.0,EUR,EUR,1.0,paid,N.Fra TB2025F/487 COUNTERPARTY_42157 Ef 1,COUNTERPARTY_42157
86de5386f339a40ac626445b5f5805f3,COMP_0793,invoice,2026-01-27,2026-01-27,2026-02-10 00:00:00,36.18,0.0,EUR,EUR,1.0,paid,N.Fra TB2026F/44 COUNTERPARTY_15082 Ef 1,COUNTERPARTY_15082
883b5f9923f6f57763c75b23ffaea7d2,COMP_0001,invoice,2025-06-30,2025-06-30,2025-07-11 00:00:00,1070.9,0.0,EUR,EUR,1.0,paid,N.Fra TB2025F/86 [COMPANY] Ef 1,COUNTERPARTY_03903
95d49a02af55b549d65db74c644e9804,COMP_0793,invoice,2025-06-19,2025-06-19,2025-07-15 00:00:00,11047.58,0.0,EUR,EUR,1.0,paid,N.Fra TB2025F/226 COUNTERPARTY_48639 Ef 1,COUNTERPARTY_48639
a2d9aed316e247f553abd858e4423212,COMP_0001,invoice,2025-09-29,2025-09-29,2025-10-14 00:00:00,14520.0,0.0,EUR,EUR,1.0,paid,N.Fra TB2025F/158 [COMPANY] Ef 1,COUNTERPARTY_03903
dc7a99040f35224b7c3a5d4c23a5a71e,COMP_0793,invoice,2025-11-25,2025-11-25,2025-12-01 00:00:00,9999.99,0.0,EUR,EUR,1.0,paid,N.Fra TB2025F/511 COUNTERPARTY_20173 Ef 1,COUNTERPARTY_48413
e70b7d6e30ae9ba4869adf4d0f37105f,COMP_0793,invoice,2025-06-17,2025-06-17,2025-07-10 00:00:00,-5027.19,0.0,EUR,EUR,1.0,paid,S.Fra /524 COUNTERPARTY_33161 Ef 1S25/2666,COUNTERPARTY_47731
f712e95c6d46e603fb46007f555ae540,COMP_0793,invoice,2025-08-17,2025-08-17,2025-09-10 00:00:00,-6050.0,0.0,EUR,EUR,1.0,paid,S.Fra /1182 [COMPANY] Ef 1146,COUNTERPARTY_22440
f8eda316c817e543a11da2c86acf45e2,COMP_0793,invoice,2025-08-17,2025-08-17,2025-10-13 00:00:00,-4598.0,0.0,EUR,EUR,1.0,paid,S.Fra /1177 [COMPANY] Ef 1145,COUNTERPARTY_22440
fa54156dda217b7a2ab8bb1bea82a32f,COMP_0793,invoice,2026-03-01,2026-03-01,2026-03-01 00:00:00,-256.52,0.0,EUR,EUR,1.0,paid,S.Fra /413 COUNTERPARTY_18906 Ef 1[X]/2026/02887,COUNTERPARTY_18906
048d362eb5fcbea1bd20cdf7c5fae67e,COMP_0793,invoice,2025-06-13,2025-06-13,2025-06-13 00:00:00,-1846.75,0.0,EUR,EUR,1.0,paid,S.Fra /560 COUNTERPARTY_47799 Ef [NUM],COUNTERPARTY_47799
0c8a0919742443ab8c2bc2982badcc69,COMP_0793,invoice,2025-10-31,2025-11-30,2025-12-11 00:00:00,-24169.75,0.0,EUR,EUR,1.0,paid,S.Fra /1719 COUNTERPARTY_07215 Ef 1251,COUNTERPARTY_07215
0d88195f08ae462c92062f537c142cc4,COMP_0793,invoice,2025-11-05,2025-12-05,2025-11-05 00:00:00,-555.99,0.0,EUR,EUR,1.0,paid,S.Fra /1953 COUNTERPARTY_33224 Ef [NUM],COUNTERPARTY_35897
2046037bf8873f8979a4c64b44f330c0,COMP_0793,invoice,2025-06-26,2025-06-26,2025-06-26 00:00:00,244.55,0.0,EUR,EUR,1.0,paid,N.Fra TB2025F/263 COUNTERPARTY_48877 Ef 1,COUNTERPARTY_48877
22053dcb642e30e6e528735417c4a308,COMP_0793,invoice,2025-06-12,2025-06-12,2025-07-10 00:00:00,-272.25,0.0,EUR,EUR,1.0,paid,S.Fra /542 COUNTERPARTY_42909. Ef 125/1092,COUNTERPARTY_42909
2e6a44cabfb269b6e9328f63b9d1ada5,COMP_0793,invoice,2025-11-25,2025-11-25,2025-12-11 00:00:00,-373.89,0.0,EUR,EUR,1.0,paid,S.Fra /1877 [COMPANY] Ef 125FA183206,COUNTERPARTY_48896
364800eb2d70fff0d6ad0adf87b4089a,COMP_0793,invoice,2025-07-27,2025-07-27,2025-08-12 00:00:00,271331.03,0.0,EUR,EUR,1.0,paid,N.Fra TB2025F/301 COUNTERPARTY_44045 Ef 1,COUNTERPARTY_44045
38e95a2d1d55171ce5db8bc2bbfb2095,COMP_0001,invoice,2025-07-24,2025-07-24,2025-07-24 00:00:00,7022.33,0.0,EUR,EUR,1.0,paid,N.Fra TB2025F/96 [COMPANY] Ef 1,COUNTERPARTY_03903
5b63e523ede5c970763ca5a8e6b71187,COMP_0793,invoice,2024-12-26,2024-12-26,2024-12-26 00:00:00,2382.42,0.0,EUR,EUR,1.0,paid,N.Fra TB2024F/97 COUNTERPARTY_48970 Ef 1,COUNTERPARTY_48970
6948f4b1d44c3a61bc32964cf8cd2334,COMP_0793,invoice,2025-05-16,2025-06-15,2025-05-16 00:00:00,-33.57,0.0,EUR,EUR,1.0,paid,S.Fra /428 COUNTERPARTY_10160 Ef 1F[NUM],COUNTERPARTY_35185
696fc201e2e01af16bb634471b55b559,COMP_0793,invoice,2025-10-15,2025-11-14,2025-12-11 00:00:00,-306.0,0.0,EUR,EUR,1.0,paid,S.Fra /1755 COUNTERPARTY_48575 Ef 1491,COUNTERPARTY_48575
7c08132f00635d6d2ce698d0128f6330,COMP_0001,invoice,2025-11-06,2025-11-06,2025-11-18 00:00:00,-870.33,0.0,EUR,EUR,1.0,paid,S.Fra /212 COUNTERPARTY_49014 Ef 1F-251120,COUNTERPARTY_49014
9246d886f2e0d28645c2947c793b6be3,COMP_0001,invoice,2025-05-23,2025-07-21,2025-05-23 00:00:00,-103.67,0.0,EUR,EUR,1.0,paid,S.Fra /93 COUNTERPARTY_49050 Ef 1IA0367,COUNTERPARTY_49050
970513d07e8004f50b9ff6d938eff546,COMP_0793,invoice,2025-05-29,2025-05-29,2025-07-01 00:00:00,59.59,0.0,EUR,EUR,1.0,paid,N.Fra TB2025F/199 COUNTERPARTY_15082 Ef 1,COUNTERPARTY_15082
9ebaeacb7aea00457366708d5d4731ca,COMP_0793,invoice,2025-09-04,2025-09-04,2025-09-04 00:00:00,-545.59,0.0,EUR,EUR,1.0,paid,S.Fra /1201 COUNTERPARTY_07783 Ef [NUM],COUNTERPARTY_49066
a190c15638cad479df05f4b47c0a912a,COMP_0001,invoice,2025-06-05,2025-06-05,2025-06-09 00:00:00,186.45,0.0,EUR,EUR,1.0,paid,N.Fra TB2025F/56 [COMPANY] Ef 1,COUNTERPARTY_03903
a4f7baba9e3ac9d77beb0181de4dae4e,COMP_0793,invoice,2025-09-15,2025-10-15,2025-09-15 00:00:00,-61.35,0.0,EUR,EUR,1.0,paid,S.Fra /1431 COUNTERPARTY_48052 Ef 1A350602,COUNTERPARTY_48052
b70def2de5ed7c930efeb4a587416495,COMP_0793,invoice,2026-01-27,2026-01-27,2026-01-28 00:00:00,756.2,0.0,EUR,EUR,1.0,paid,N.Fra TB2026F/47 COUNTERPARTY_04351 Ef 1,COUNTERPARTY_04351
c5c06510783981f733701b2fb1a8780d,COMP_0793,invoice,2025-06-26,2025-06-26,2025-06-26 00:00:00,244907.55,0.0,EUR,EUR,1.0,paid,N.Fra TB2025F/253 COUNTERPARTY_44045 Ef 1,COUNTERPARTY_44045
d0fbd6fc1624888b3ee8eca9560f85ac,COMP_0793,invoice,2026-02-04,2026-02-04,2026-02-09 00:00:00,658.39,0.0,EUR,EUR,1.0,paid,N.Fra TB2026F/70 COUNTERPARTY_21959 Ef 1,COUNTERPARTY_21959
d42e5b8d8bc43672eb994d0d58e0a707,COMP_0793,invoice,2025-12-23,2025-12-23,2025-12-31 00:00:00,41597.5,0.0,EUR,EUR,1.0,paid,N.Fra TB2025F/595 COUNTERPARTY_19200 Ef 1,COUNTERPARTY_19200
f307e4f141bed45074f03d11a25c7b49,COMP_0793,invoice,2025-05-29,2025-05-29,2025-08-01 00:00:00,-0.36,0.0,EUR,EUR,1.0,paid,S.Fra /[COMPANY] Ef [REF],COUNTERPARTY_47950
fabb0c3e6edfb132927d20d0771df053,COMP_0793,invoice,2025-07-02,2025-08-01,2025-07-02 00:00:00,-38.16,0.0,EUR,EUR,1.0,paid,S.Fra /693 COUNTERPARTY_47799 Ef [NUM],COUNTERPARTY_47799
18c70559c4057f70c5acba94ad046d12,COMP_0793,invoice,2025-06-10,2025-06-10,2025-06-10 00:00:00,-19.99,0.0,EUR,EUR,1.0,paid,S.Fra /[COMPANY] Ef [NUM],COUNTERPARTY_43184
249001c8c3f3193f9f6d3965e6f1caf2,COMP_0793,invoice,2025-09-03,2025-11-02,2025-09-03 00:00:00,-209.45,0.0,EUR,EUR,1.0,paid,S.Fra /1371 COUNTERPARTY_42722 Ef 1F[NUM],COUNTERPARTY_42722
381efdc4c0ed8def95e6c56aa3a7b2de,COMP_0793,invoice,2025-08-17,2025-08-17,2025-09-10 00:00:00,-1210.0,0.0,EUR,EUR,1.0,paid,S.Fra /1179 [COMPANY] Ef 1137,COUNTERPARTY_22440
451a3abe4c3222e468f7ef0ff949f713,COMP_0793,invoice,2025-05-29,2025-05-29,2025-06-18 00:00:00,1131.83,0.0,EUR,EUR,1.0,paid,N.Fra TB2025F/184 COUNTERPARTY_14508 Ef 1,COUNTERPARTY_14508
59bce27e746f0f9f1394b6cd82bcf3f0,COMP_0793,invoice,2025-08-17,2025-08-17,2025-10-13 00:00:00,-9075.0,0.0,EUR,EUR,1.0,paid,S.Fra /1207 [COMPANY] Ef 1140,COUNTERPARTY_22440
680237c72d8d47a0dc5213b2b30f6b27,COMP_0793,invoice,2025-09-28,2025-09-27,2025-10-23 00:00:00,17236.33,0.0,EUR,EUR,1.0,paid,N.Fra TB2025F/401 COUNTERPARTY_49391 Ef 1,COUNTERPARTY_49391
70986e5740fabdf862ee5f93839a4491,COMP_0793,invoice,2025-11-04,2025-11-04,2026-02-03 00:00:00,30574.64,0.0,EUR,EUR,1.0,paid,N.Fra TB2025F/506 COUNTERPARTY_10380 Ef 1,COUNTERPARTY_10380
726ee0f411b660aa3f17de837c18b8bd,COMP_0793,invoice,2025-10-03,2025-11-02,2025-10-03 00:00:00,-272.25,0.0,EUR,EUR,1.0,paid,S.Fra /1746 COUNTERPARTY_16229. Ef 19331,COUNTERPARTY_35060
920d53150740d7119aaf6973617d142f,COMP_0793,invoice,2025-10-01,2025-10-01,2025-10-23 00:00:00,11222.15,0.0,EUR,EUR,1.0,paid,N.Fra TB2025F/430 COUNTERPARTY_48639 Ef 1,COUNTERPARTY_48639
a660ab3883aab2e98bdd3c2c97de822c,COMP_0001,invoice,2025-03-23,2025-04-22,2025-03-23 00:00:00,-125.47,0.0,EUR,EUR,1.0,paid,S.Fra /52 COUNTERPARTY_01023 Ef [REF],COUNTERPARTY_49480
a7d3de696fb28b4f80150f07de960b3c,COMP_0793,invoice,2025-07-04,2025-07-04,2025-07-04 00:00:00,-74.4,0.0,EUR,EUR,1.0,paid,S.Fra /723 COUNTERPARTY_01639 Ef [NUM],COUNTERPARTY_11626
c8de7810e18d4f138a5399e7153d8d55,COMP_0793,invoice,2025-09-29,2025-09-29,2025-10-13 00:00:00,-3630.0,0.0,EUR,EUR,1.0,paid,S.Fra /1445 [COMPANY] Ef 1164,COUNTERPARTY_22440
e07dee8141fa558ba26432d9d1b029e0,COMP_0793,invoice,2025-08-24,2025-09-23,2025-09-12 00:00:00,86963.86,0.0,EUR,EUR,1.0,paid,N.Fra TB2025F/358 COUNTERPARTY_49557 Ef 1,COUNTERPARTY_49557
e65480383732b1df0fafa7f404736c1c,COMP_0793,invoice,2025-06-06,2025-06-06,2025-06-06 00:00:00,-68.97,0.0,EUR,EUR,1.0,paid,S.Fra /590 COUNTERPARTY_07277. Ef 12025/624,COUNTERPARTY_07277
e83782f7dc7f8512574cfac11ca6afdb,COMP_0793,invoice,2025-05-29,2025-05-29,2025-06-03 00:00:00,280.5,0.0,EUR,EUR,1.0,paid,N.Fra TB2025F/205 COUNTERPARTY_42157 Ef 1,COUNTERPARTY_42157
e9a19a337c1084751324089ccae9f08e,COMP_0793,invoice,2025-05-29,2025-05-29,2025-05-30 00:00:00,476.07,0.0,EUR,EUR,1.0,paid,N.Fra TB2025F/188 COUNTERPARTY_33572 Ef 1,COUNTERPARTY_33572
f3cee277b08b00f7f8781b20bd1dbb94,COMP_0793,invoice,2025-05-06,2025-06-05,2025-05-06 00:00:00,-254.2,0.0,EUR,EUR,1.0,paid,S.Fra /410 COUNTERPARTY_42909. Ef 125/809,COUNTERPARTY_42909
11d69de89bff20c9da828d12f3264ebb,COMP_0793,invoice,2025-12-17,2025-12-17,2025-12-17 00:00:00,-193.54,0.0,EUR,EUR,1.0,paid,S.Fra /2045 COUNTERPARTY_07783 Ef [NUM],COUNTERPARTY_49066
1a406f0aa55fc081ee331194c8bac582,COMP_0793,invoice,2025-06-18,2025-08-17,2025-06-18 00:00:00,217.8,0.0,EUR,EUR,1.0,paid,S.Fra /609 COUNTERPARTY_42722 Ef 1AB[NUM],COUNTERPARTY_42722
236f5a2b31fe95d60c5d1034d1b764ac,COMP_0793,invoice,2026-01-27,2026-01-27,2026-02-09 00:00:00,752.25,0.0,EUR,EUR,1.0,paid,N.Fra TB2026F/33 COUNTERPARTY_15509. Ef 1,COUNTERPARTY_15509
38c521b6e2470abb90441056027226d0,COMP_0793,invoice,2025-07-24,2025-08-23,2025-11-18 00:00:00,-447.7,0.0,EUR,EUR,1.0,paid,S.Fra /1899 COUNTERPARTY_49683 Ef [NUM],COUNTERPARTY_49683
3eac7853d3433fa1254928dc569a8059,COMP_0793,invoice,2025-11-25,2025-11-25,2025-12-30 00:00:00,14280.42,0.0,EUR,EUR,1.0,paid,N.Fra TB2025F/522 COUNTERPARTY_49692 Ef 1,COUNTERPARTY_49692
3ed29719b2e1eb4dbeda5f690886ab77,COMP_0001,invoice,2025-10-22,2025-10-22,2025-10-14 00:00:00,4235.0,0.0,EUR,EUR,1.0,paid,N.Fra TB2025F/181 [COMPANY] Ef 1,COUNTERPARTY_03903
470dbbbd0eb50555ceb19df097958d4b,COMP_0793,invoice,2025-07-08,2025-07-08,2025-07-28 00:00:00,-0.91,0.0,EUR,EUR,1.0,paid,S.Fra /764 COUNTERPARTY_00061 Ef [REF],COUNTERPARTY_22769
472b998654cb39a0a2765a4a8fe6fd1e,COMP_0001,invoice,2025-04-15,2025-05-15,2025-04-15 00:00:00,-577.65,0.0,EUR,EUR,1.0,paid,S.Fra /[COMPANY] Ef 1CI[NUM],COUNTERPARTY_28286
55e65f5ef691efff9f3e568d564e25a6,COMP_0793,invoice,2025-10-01,2025-10-01,2026-02-03 00:00:00,263.18,0.0,EUR,EUR,1.0,paid,N.Fra TB2025F/440 COUNTERPARTY_10380 Ef 1,COUNTERPARTY_10380
5d9f36d0c1fc21fea5086c8a70bf6072,COMP_0793,invoice,2025-06-26,2025-07-26,2025-06-26 00:00:00,-66.6,0.0,EUR,EUR,1.0,paid,S.Fra /671 COUNTERPARTY_10160 Ef 1F[NUM],COUNTERPARTY_35185
6b37b7b7bff29764f5a32a4c67b1dc6c,COMP_0793,invoice,2025-04-01,2025-05-01,2025-07-01 00:00:00,-44.07,0.0,EUR,EUR,1.0,paid,S.Fra /1261 COUNTERPARTY_10795 Ef 11C81249L,COUNTERPARTY_23778
74c157bdbcc86f68613d106283508a28,COMP_0793,invoice,2025-12-23,2025-12-23,2026-02-02 00:00:00,16275.19,0.0,EUR,EUR,1.0,paid,N.Fra TB2025F/592 COUNTERPARTY_49692 Ef 1,COUNTERPARTY_49692
80214e6aed2e2fe6f2e7012ba67185dc,COMP_0793,invoice,2025-10-08,2025-10-08,2025-10-10 00:00:00,-74.4,0.0,EUR,EUR,1.0,paid,S.Fra /1672 COUNTERPARTY_01639 Ef [NUM],COUNTERPARTY_11626
86ff0a5442e65e4a1eeaaa86a4207e56,COMP_0001,invoice,2025-09-23,2025-10-23,2025-09-23 00:00:00,-149.46,0.0,EUR,EUR,1.0,paid,S.Fra /181 COUNTERPARTY_01023 Ef [REF],COUNTERPARTY_49480
8a8783d75f2714c66c3cd05d0e099bd2,COMP_0793,invoice,2025-05-30,2025-05-30,2025-06-25 00:00:00,74165.91,0.0,EUR,EUR,1.0,paid,N.Fra TB2025F/217 COUNTERPARTY_48639 Ef 1,COUNTERPARTY_48639
8ab17ba13dc9254700e73bf1475b4bfc,COMP_0793,invoice,2025-04-30,2025-04-30,2025-05-06 00:00:00,-381.56,0.0,EUR,EUR,1.0,paid,S.Fra /377 [COMPANY] Ef 133,COUNTERPARTY_22440
91b4507d4de3c473503c081b787a4ddc,COMP_0793,invoice,2026-01-02,2026-01-02,2026-01-02 00:00:00,-2448.0,0.0,EUR,EUR,1.0,paid,S.Fra /8 COUNTERPARTY_16268. Ef 1TB-2026-F1,COUNTERPARTY_16268
98d5485cea79481899f47e70c492b87d,COMP_0793,invoice,2025-09-30,2025-11-29,2025-09-30 00:00:00,-147.37,0.0,EUR,EUR,1.0,paid,S.Fra /1414 COUNTERPARTY_42722 Ef 1F[NUM],COUNTERPARTY_42722
a26461386564f92a22bfc85a0baf2f77,COMP_0793,invoice,2025-08-29,2025-08-29,2025-09-10 00:00:00,-968.0,0.0,EUR,EUR,1.0,paid,S.Fra /1054 COUNTERPARTY_49814 Ef 189/2025,COUNTERPARTY_49814
a51721394ab0456f552e2b2f88310871,COMP_0793,invoice,2025-07-08,2025-07-08,2025-07-08 00:00:00,-24.81,0.0,EUR,EUR,1.0,paid,S.Fra /765 COUNTERPARTY_00061 Ef 1178.822.389,COUNTERPARTY_22769
b2d7442208a1cbb3f854a783a3251cb3,COMP_0793,invoice,2026-01-30,2026-01-30,2026-02-18 00:00:00,11272.02,0.0,EUR,EUR,1.0,paid,N.Fra TB2026F/60 COUNTERPARTY_48639 Ef 1,COUNTERPARTY_48639
dbf883f9d7c75d964c6031dde9b69b83,COMP_0793,invoice,2025-07-24,2025-07-24,2025-07-24 00:00:00,-464.63,0.0,EUR,EUR,1.0,paid,S.Fra /867 [COMPANY] Ef 1111,COUNTERPARTY_22440
e14b233ee2638eaa4a0c4263e229df42,COMP_0793,invoice,2025-11-29,2025-11-29,2025-12-01 00:00:00,-5.28,0.0,EUR,EUR,1.0,paid,S.Fra /2094 COUNTERPARTY_10802 Ef [NUM],COUNTERPARTY_10802
e8770d40ec39ecf3af4d0bcea7870a1c,COMP_0793,invoice,2025-05-28,2025-06-27,2025-05-28 00:00:00,-104.4,0.0,EUR,EUR,1.0,paid,S.Fra /477 COUNTERPARTY_49917 Ef 12025/1134,COUNTERPARTY_49917
ead72399c4241c69239be0c69b61e9f2,COMP_0793,invoice,2025-08-13,2025-08-13,2025-08-13 00:00:00,-2818.82,0.0,EUR,EUR,1.0,paid,S.Fra /1146 COUNTERPARTY_07277. Ef 125/975,COUNTERPARTY_07277
eb7dba71c1fcea34fda9e2d6de043bc5,COMP_0793,invoice,2025-06-28,2025-06-28,2025-06-28 00:00:00,-316.6,0.0,EUR,EUR,1.0,paid,S.Fra /567 COUNTERPARTY_23799. Ef 135069,COUNTERPARTY_28032
ed4062294cc030ccf076005848bf7add,COMP_0793,invoice,2025-09-28,2025-09-27,2025-10-23 00:00:00,14576.62,0.0,EUR,EUR,1.0,paid,N.Fra TB2025F/400 COUNTERPARTY_49391 Ef 1,COUNTERPARTY_49391
0197a181b4c20d1ba64eca2781cf6880,COMP_0793,invoice,2025-09-15,2025-09-15,2025-10-13 00:00:00,-453.75,0.0,EUR,EUR,1.0,paid,S.Fra /1463 COUNTERPARTY_49683 Ef [NUM],COUNTERPARTY_49683
0ead25a97d26b2a31086c2cf3b582d9a,COMP_0001,invoice,2025-06-11,2025-06-11,2025-06-11 00:00:00,-119.0,0.0,EUR,EUR,1.0,paid,S.Fra /149 COUNTERPARTY_01678 Ef 1ES51[X],COUNTERPARTY_48241
260517942f9869b8dc249bc4c2159523,COMP_0793,invoice,2025-11-28,2025-11-28,2025-12-11 00:00:00,-1443.91,0.0,EUR,EUR,1.0,paid,S.Fra /1884 COUNTERPARTY_33161 Ef 1S25/6333,COUNTERPARTY_47731
2696e29b768ff376b5710d9dc3c2fb70,COMP_0793,invoice,2025-05-26,2025-05-26,2025-05-26 00:00:00,-0.36,0.0,EUR,EUR,1.0,paid,S.Fra /[COMPANY] Ef [REF],COUNTERPARTY_47950
29c0602b23f7427ecee44a69a3f10437,COMP_0793,invoice,2025-09-29,2025-09-29,2025-10-13 00:00:00,-14520.0,0.0,EUR,EUR,1.0,paid,S.Fra /1439 [COMPANY] Ef 1158,COUNTERPARTY_22440
2d0bb8ccdc98ed63894cf238f046c1e9,COMP_0793,invoice,2025-11-27,2025-11-27,2025-12-03 00:00:00,45.4,0.0,EUR,EUR,1.0,paid,N.Fra TB2025F/546 COUNTERPARTY_15082 Ef 1,COUNTERPARTY_15082
32cdbdbdb703bf501064033008fe7f14,COMP_0793,invoice,2025-07-21,2025-07-21,2025-08-01 00:00:00,-624.99,0.0,EUR,EUR,1.0,paid,S.Fra /895 COUNTERPARTY_28081 Ef [REF],COUNTERPARTY_28081
35324941573c85705c4b338e361d7b60,COMP_0793,invoice,2025-10-30,2025-11-29,2025-12-11 00:00:00,-305.25,0.0,EUR,EUR,1.0,paid,S.Fra /1707 COUNTERPARTY_31108 Ef 12025/393,COUNTERPARTY_31108
3f22eaac59fe35a6c9faa6256aac5ad2,COMP_0793,invoice,2024-12-26,2024-12-26,2025-01-06 00:00:00,-3630.0,0.0,EUR,EUR,1.0,paid,S.Fra /202 [COMPANY] Ef 113,COUNTERPARTY_22440
4a7b6134f46f57b0265ef446331c8510,COMP_0793,invoice,2025-12-29,2026-01-28,2025-12-29 00:00:00,-108.0,0.0,EUR,EUR,1.0,paid,S.Fra /2055 COUNTERPARTY_50051. Ef 1S05/5475,COUNTERPARTY_50051
5bfec95855de5d4f7ff0fc16b3bc2bee,COMP_0793,invoice,2024-12-26,2024-12-26,2025-01-06 00:00:00,-30.86,0.0,EUR,EUR,1.0,paid,S.Fra /200 [COMPANY] Ef 111,COUNTERPARTY_22440
5c14218d3bf5cf52a3156fe3aa4164a0,COMP_0793,invoice,2025-08-24,2025-08-23,2025-10-01 00:00:00,4872.51,0.0,EUR,EUR,1.0,paid,N.Fra TB2025F/352 COUNTERPARTY_49692 Ef 1,COUNTERPARTY_49692
6e3fab6cbb8a652cd59a3893ed9299e8,COMP_0793,invoice,2025-07-15,2025-07-15,2025-08-11 00:00:00,-865.15,0.0,EUR,EUR,1.0,paid,S.Fra /783 COUNTERPARTY_07277. Ef 12025/849,COUNTERPARTY_07277
70317a3f1a25b9c5d83a48b08fe7fd57,COMP_0793,invoice,2025-06-17,2025-06-17,2025-07-10 00:00:00,-220.48,0.0,EUR,EUR,1.0,paid,S.Fra /545 COUNTERPARTY_42922 Ef 1P/00962,COUNTERPARTY_42922
80318483eb8cc9395bf993bb3cd85ab9,COMP_0793,invoice,2025-10-31,2025-11-30,2025-11-01 00:00:00,-3.15,0.0,EUR,EUR,1.0,paid,S.Fra /1947 COUNTERPARTY_00532 Ef [NUM],COUNTERPARTY_50114
8ae943d3813dd819c42aca9d8e0d4339,COMP_0793,invoice,2025-11-30,2025-12-30,2025-11-30 00:00:00,-666.81,0.0,EUR,EUR,1.0,paid,S.Fra /1969 COUNTERPARTY_12085 Ef [NUM],COUNTERPARTY_12085
8c97cf6d3c314060e7d23fd4ad592859,COMP_0793,invoice,2025-08-24,2025-08-23,2025-08-29 00:00:00,9000.0,0.0,EUR,EUR,1.0,paid,N.Fra TB2025F/362 COUNTERPARTY_20173 Ef 1,COUNTERPARTY_48413
8e1f4205e2158b697daaac9c5b2c0585,COMP_0793,invoice,2025-11-23,2025-11-23,2025-11-27 00:00:00,-409.0,0.0,EUR,EUR,1.0,paid,S.Fra /1873 COUNTERPARTY_50141 Ef 102FV1Z3,COUNTERPARTY_50141
b6e2f4500b0371efa8d77012aea33cfb,COMP_0793,invoice,2026-01-23,2026-01-23,2026-01-23 00:00:00,-398.55,0.0,EUR,EUR,1.0,paid,S.Fra /66 COUNTERPARTY_07783 Ef [NUM],COUNTERPARTY_49066
c702866622ddc501258e99129ac7a0e3,COMP_0793,invoice,2025-06-08,2025-06-08,2025-07-10 00:00:00,-6050.0,0.0,EUR,EUR,1.0,paid,S.Fra /539 COUNTERPARTY_15356 Ef 117,COUNTERPARTY_22140
c80d8fa4d5e83216539ab5d4bb9bfd32,COMP_0793,invoice,2025-06-01,2025-07-01,2025-06-01 00:00:00,-184.89,0.0,EUR,EUR,1.0,paid,S.Fra /514 COUNTERPARTY_02692 Ef 125FF118546,COUNTERPARTY_50210
d03412b901018fdd75bd2f563e8445fe,COMP_0793,invoice,2025-11-27,2025-11-27,2025-12-10 00:00:00,1749.58,0.0,EUR,EUR,1.0,paid,N.Fra TB2025F/544 COUNTERPARTY_03512 Ef 1,COUNTERPARTY_03512
d18a43b0008b0bdeb3004c64d0254183,COMP_0793,invoice,2025-09-22,2025-10-22,2025-09-22 00:00:00,-24.4,0.0,EUR,EUR,1.0,paid,S.Fra /1280 COUNTERPARTY_50227 Ef 14798,COUNTERPARTY_50227
d86a3892dab9ce228c166de75cb480b3,COMP_0001,invoice,2025-04-30,2025-04-30,2025-04-30 00:00:00,3630.0,0.0,EUR,EUR,1.0,paid,N.Fra TB2025F/36 [COMPANY] Ef 1,COUNTERPARTY_03903
da03c49733a67db2266fcb5cd9bc0dfe,COMP_0793,invoice,2025-12-31,2025-12-31,2026-02-03 00:00:00,6.62,0.0,EUR,EUR,1.0,paid,N.Fra TB2025F/629 COUNTERPARTY_06351 Ef 1,COUNTERPARTY_06351
dab69dc1333e3639f29030fcd75e5250,COMP_0793,invoice,2025-08-24,2025-08-23,2025-09-11 00:00:00,41597.5,0.0,EUR,EUR,1.0,paid,N.Fra TB2025F/361 COUNTERPARTY_19200 Ef 1,COUNTERPARTY_19200
e56ed3aeb4a7cdf1f68b1a2d4e4e583a,COMP_0001,invoice,2025-09-29,2025-09-29,2025-10-14 00:00:00,2722.5,0.0,EUR,EUR,1.0,paid,N.Fra TB2025F/166 [COMPANY] Ef 1,COUNTERPARTY_03903
e5b5dbe86bda75b22ff4e1e7cf463c11,COMP_0793,invoice,2025-12-29,2026-01-28,2025-12-29 00:00:00,-40.0,0.0,EUR,EUR,1.0,paid,S.Fra /2052 COUNTERPARTY_50051. Ef 1S05/5476,COUNTERPARTY_50051
f32b530ca9b465289794f326abcb5039,COMP_0001,invoice,2025-01-21,2025-02-20,2025-01-21 00:00:00,-808.4,0.0,EUR,EUR,1.0,paid,S.Fra /11 COUNTERPARTY_27285 Ef 1F-158607,COUNTERPARTY_50262
f903f206b5d87243ce22b226c7da65df,COMP_0793,invoice,2025-07-23,2025-08-22,2025-07-23 00:00:00,-181.0,0.0,EUR,EUR,1.0,paid,S.Fra /968 COUNTERPARTY_48052 Ef 1A347068,COUNTERPARTY_48052
ffa86750b936f71ebaa7f6097ba70eff,COMP_0793,invoice,2025-10-30,2025-11-29,2025-12-02 00:00:00,-39.17,0.0,EUR,EUR,1.0,paid,S.Fra /1708 COUNTERPARTY_23748 Ef 1FV[NUM],COUNTERPARTY_23748
0afb5bd3dcb4b0cbe7afeeab97a48914,COMP_0793,invoice,2025-07-31,2025-08-30,2025-07-31 00:00:00,-126.22,0.0,EUR,EUR,1.0,paid,S.Fra /930 COUNTERPARTY_23748 Ef 1FV[NUM],COUNTERPARTY_23748
0f4acf1b33edd9146372908a2fe7fa3d,COMP_0793,invoice,2025-06-27,2025-06-27,2025-06-27 00:00:00,-244907.55,0.0,EUR,EUR,1.0,paid,N.Fra [X]/8 COUNTERPARTY_44045 Ef 1,COUNTERPARTY_44045
1bf8dddcc65ffef7de6d75e27cd044f5,COMP_0793,invoice,2025-03-28,2025-04-27,2025-07-10 00:00:00,-197.23,0.0,EUR,EUR,1.0,paid,S.Fra /307 COUNTERPARTY_50327 Ef [NUM],COUNTERPARTY_50327
284bda296913310d382096a6bd3c7fd5,COMP_0793,invoice,2025-05-29,2025-05-29,2025-06-10 00:00:00,328.85,0.0,EUR,EUR,1.0,paid,N.Fra TB2025F/200 COUNTERPARTY_38868 Ef 1,COUNTERPARTY_38868
593755ff9fdb4d9346245c2397035335,COMP_0793,invoice,2025-07-03,2025-07-03,2025-07-03 00:00:00,-16905.95,0.0,EUR,EUR,1.0,paid,N.Fra [X]/9 COUNTERPARTY_49391 Ef 1,COUNTERPARTY_49391
69b3a37f958b1e89d2fca2c5d42413ee,COMP_0793,invoice,2025-05-09,2025-05-09,2025-05-09 00:00:00,-617.1,0.0,EUR,EUR,1.0,paid,S.Fra /425 COUNTERPARTY_50327 Ef [NUM],COUNTERPARTY_50327
6b16b61b4be1f1ea17ce2347dacab5a5,COMP_0793,invoice,2025-07-10,2025-07-10,2025-07-10 00:00:00,-0.73,0.0,EUR,EUR,1.0,paid,S.Fra /[COMPANY] Ef [REF],COUNTERPARTY_47950
76470480b88372aa3cef1187d112c6ea,COMP_0793,invoice,2025-12-19,2026-01-18,2026-02-10 00:00:00,-661.98,0.0,EUR,EUR,1.0,paid,S.Fra /2038 COUNTERPARTY_48090 Ef 191252,COUNTERPARTY_48090
8746142c900ecbfc48a59e32b3e17e33,COMP_0793,invoice,2025-09-29,2025-09-29,2025-09-29 00:00:00,-4235.0,0.0,EUR,EUR,1.0,paid,S.Fra /1449 [COMPANY] Ef 1159,COUNTERPARTY_22440
970cb9cb34c45533a9bf31050d5454ea,COMP_0793,invoice,2025-10-29,2025-11-28,2025-12-11 00:00:00,-1043.42,0.0,EUR,EUR,1.0,paid,S.Fra /1697 COUNTERPARTY_48090 Ef 190908,COUNTERPARTY_48090
aede7333d7d937801c91397f7b68b312,COMP_0001,invoice,2025-08-31,2025-09-30,2025-08-31 00:00:00,-172.65,0.0,EUR,EUR,1.0,paid,S.Fra /178 COUNTERPARTY_07183 Ef [NUM],COUNTERPARTY_50543
bc3de82e2d9f0d755c64215b2e3e4b29,COMP_0793,invoice,2026-05-01,2026-05-01,2026-07-01 00:00:00,-838.48,0.0,EUR,EUR,1.0,paid,S.Fra /1617 [COMPANY]. Ef [NUM],COUNTERPARTY_27469
c14011d46c9d0c77d4f95cfaf7958ed5,COMP_0793,invoice,2025-04-07,2025-06-06,2025-04-07 00:00:00,250.47,0.0,EUR,EUR,1.0,paid,S.Fra /327 COUNTERPARTY_42722 Ef 1AB[NUM],COUNTERPARTY_42722
cdebe4082b007af1775ed7bf5b0fb09c,COMP_0793,invoice,2025-12-18,2026-01-17,2025-12-29 00:00:00,-210.02,0.0,EUR,EUR,1.0,paid,S.Fra /2046 COUNTERPARTY_18477 Ef [NUM]/AV,COUNTERPARTY_31747
dd90e433d43c367cea03dd705146222b,COMP_0793,invoice,2025-11-28,2025-12-28,2025-12-18 00:00:00,-46089.07,0.0,EUR,EUR,1.0,paid,S.Fra /1887 COUNTERPARTY_18583 Ef [REF],COUNTERPARTY_18583
ee3454cbb8d749c2bd6c9a25fd56bafb,COMP_0793,invoice,2025-07-24,2025-07-24,2025-07-24 00:00:00,-363.0,0.0,EUR,EUR,1.0,paid,S.Fra /853 [COMPANY] Ef 1106,COUNTERPARTY_22440
f9fb801c41c2105a4a0ff24d56d17e73,COMP_0793,invoice,2025-09-27,2025-09-27,2025-11-26 00:00:00,-95.25,0.0,EUR,EUR,1.0,paid,S.Fra /1289 COUNTERPARTY_23799. Ef 154513,COUNTERPARTY_28032
fc5673508b0352f8e3339b420b12a100,COMP_0001,invoice,2025-08-31,2025-09-30,2025-10-07 00:00:00,-3704.64,0.0,EUR,EUR,1.0,paid,S.Fra /176 COUNTERPARTY_23347 Ef 1RR/250.527,COUNTERPARTY_23347
ffc980bdf6fb6fccda0818f5e23a9d99,COMP_0001,invoice,2024-12-02,2025-01-01,2024-12-02 00:00:00,-1512.5,0.0,EUR,EUR,1.0,paid,S.Fra /99 COUNTERPARTY_27064 Ef 1F24/0403,COUNTERPARTY_27064
0bdbc2c6a914a9508caed0603c9199d7,COMP_0001,invoice,2025-07-24,2025-07-24,2025-07-24 00:00:00,3207.71,0.0,EUR,EUR,1.0,paid,N.Fra TB2025F/90 [COMPANY] Ef 1,COUNTERPARTY_03903
0ffd8fa7e6db0ac7e2d1752a45e35634,COMP_0793,invoice,2025-09-05,2025-09-05,2025-10-13 00:00:00,-217.29,0.0,EUR,EUR,1.0,paid,S.Fra /1459 COUNTERPARTY_31602 Ef 123B/[TAXID],COUNTERPARTY_31602
258a34fbb93eba0c7cd07b00f0079587,COMP_0793,invoice,2025-11-27,2025-11-27,2025-11-27 00:00:00,1187.77,0.0,EUR,EUR,1.0,paid,N.Fra TB2025F/545 COUNTERPARTY_14912 Ef 1,COUNTERPARTY_14912
279973811670d2591ad9984d82ab879a,COMP_0001,invoice,2025-07-24,2025-07-24,2025-07-24 00:00:00,447.7,0.0,EUR,EUR,1.0,paid,N.Fra TB2025F/103 [COMPANY] Ef 1,COUNTERPARTY_03903
2b86ac39fbc004c1fe8e613178b6fe8c,COMP_0793,invoice,2025-10-21,2025-11-20,2025-10-21 00:00:00,-203.13,0.0,EUR,EUR,1.0,paid,S.Fra /1611 COUNTERPARTY_47799 Ef [NUM],COUNTERPARTY_47799
56cad0fcfac8318dc56a8fd0ffcd151c,COMP_0793,invoice,2025-06-26,2025-07-26,2025-07-14 00:00:00,1035.55,0.0,EUR,EUR,1.0,paid,N.Fra TB2025F/244 COUNTERPARTY_49557 Ef 1,COUNTERPARTY_49557
5b3dbe914c86de8d3afd9904fe28e9cd,COMP_0001,invoice,2025-08-12,2025-09-11,2025-08-12 00:00:00,-3323.87,0.0,EUR,EUR,1.0,paid,S.Fra /167 COUNTERPARTY_23347 Ef 1RR/250.500,COUNTERPARTY_23347
64880dc298614461f2a37fc4cc1bac4c,COMP_0793,invoice,2025-06-30,2025-06-30,2025-07-30 00:00:00,1131.83,0.0,EUR,EUR,1.0,paid,N.Fra TB2025F/285 COUNTERPARTY_14508 Ef 1,COUNTERPARTY_14508
698f7bed889815ffc3d0bda51ad3875d,COMP_0793,invoice,2026-01-01,2026-01-31,2026-02-01 00:00:00,-46.94,0.0,EUR,EUR,1.0,paid,S.Fra /235 COUNTERPARTY_10795 Ef 11E09367L,COUNTERPARTY_23778
71bfe214e15aba46332c969ddeeaf205,COMP_0793,invoice,2025-10-12,2025-11-11,2025-10-12 00:00:00,-16.5,0.0,EUR,EUR,1.0,paid,S.Fra /1509 COUNTERPARTY_07226 Ef 1ES51EX0[X],COUNTERPARTY_18040
796d4e01a5973527e7294858c6ed08ed,COMP_0793,invoice,2025-09-03,2025-11-02,2025-09-03 00:00:00,-1390.71,0.0,EUR,EUR,1.0,paid,S.Fra /1372 COUNTERPARTY_42722 Ef 1F[NUM],COUNTERPARTY_42722
7c0d52cacab5e188bdb4abde9b937955,COMP_0793,invoice,2025-10-22,2025-10-22,2025-11-07 00:00:00,-9680.0,0.0,EUR,EUR,1.0,paid,S.Fra /1583 [COMPANY] Ef 1189,COUNTERPARTY_22440
8341a0e5c30597c98a88aef0f737b6da,COMP_0793,invoice,2025-02-24,2025-02-24,2025-07-31 00:00:00,14576.62,0.0,EUR,EUR,1.0,paid,N.Fra TB2025F/46 COUNTERPARTY_49391 Ef 1,COUNTERPARTY_49391
84d3eedae26cc222b3292f366b2159fc,COMP_0793,invoice,2025-07-04,2025-07-04,2025-07-10 00:00:00,-222.64,0.0,EUR,EUR,1.0,paid,S.Fra /716 COUNTERPARTY_07284 Ef 12.010,COUNTERPARTY_07284
8857c291af95a489592aaa699e69500d,COMP_0793,invoice,2025-07-22,2025-07-22,2025-11-07 00:00:00,-242.0,0.0,EUR,EUR,1.0,paid,S.Fra /1646 COUNTERPARTY_47848 Ef 12025/1002,COUNTERPARTY_47848
90c6a17255267e54a9905b657379f5de,COMP_0793,invoice,2025-06-16,2025-08-15,2025-06-16 00:00:00,-193.12,0.0,EUR,EUR,1.0,paid,S.Fra /606 COUNTERPARTY_42722 Ef 1F[NUM],COUNTERPARTY_42722
b6ce126b9423e85a7c7412e1bbc68c50,COMP_0793,invoice,2025-04-30,2025-04-30,2025-05-06 00:00:00,-3630.0,0.0,EUR,EUR,1.0,paid,S.Fra /378 [COMPANY] Ef 137,COUNTERPARTY_22440
be7a97058bf97cf1d285955f043e168b,COMP_0793,invoice,2025-12-15,2025-12-15,2026-01-12 00:00:00,-580.27,0.0,EUR,EUR,1.0,paid,S.Fra /2013 COUNTERPARTY_33161 Ef 1S25/6550,COUNTERPARTY_47731
d55f3f346bb428762247d0564714b0fb,COMP_0793,invoice,2025-07-30,2025-08-29,2025-08-19 00:00:00,-247.74,0.0,EUR,EUR,1.0,paid,S.Fra /990 COUNTERPARTY_18583 Ef [REF],COUNTERPARTY_18583
de1ae8d7cce6789d09b7b39ff54a4cec,COMP_0793,invoice,2025-06-27,2025-06-27,2025-07-10 00:00:00,-2178.0,0.0,EUR,EUR,1.0,paid,S.Fra /566 [COMPANY] Ef 170,COUNTERPARTY_22440
e9567494f9806fb2d24c6da7e3c6ae14,COMP_0793,invoice,2025-06-04,2025-06-04,2025-06-10 00:00:00,-59.29,0.0,EUR,EUR,1.0,paid,S.Fra /519 COUNTERPARTY_01639 Ef [NUM],COUNTERPARTY_11626
eaf5bb457eef7f5a136df42bdcbd74e8,COMP_0793,invoice,2025-12-19,2026-01-18,2026-01-08 00:00:00,-46089.07,0.0,EUR,EUR,1.0,paid,S.Fra /2039 COUNTERPARTY_18583 Ef [NUM],COUNTERPARTY_18583
07df207bdd757fc2951280c45d62a52a,COMP_0878,invoice,2026-02-02,2026-02-02,2026-02-02 00:00:00,-7058.61,0.0,EUR,EUR,1.0,paid,S.Fra /46 COUNTERPARTY_03905 Ef [NUM],COUNTERPARTY_18411
0c453ae0d7a5f0f8c3774039501f7cfe,COMP_0001,invoice,2025-06-09,2025-06-09,2025-06-11 00:00:00,-11.35,0.0,EUR,EUR,1.0,paid,S.Fra /120 COUNTERPARTY_01678 Ef 1ES51[X]9AEUI,COUNTERPARTY_48241
12137d52650a672412245b64adcac81b,COMP_0793,invoice,2025-06-10,2025-06-10,2025-07-10 00:00:00,-426.84,0.0,EUR,EUR,1.0,paid,S.Fra /657 [COMPANY] Ef 161,COUNTERPARTY_22440
15f506b4e173be7e593f9fec48b08cb4,COMP_0793,invoice,2025-04-07,2025-05-07,2025-04-07 00:00:00,-94.99,0.0,EUR,EUR,1.0,paid,S.Fra /[COMPANY] Ef [NUM],COUNTERPARTY_43184
1d331e04b66d83014bac3e24fe7793ae,COMP_0793,invoice,2025-09-29,2025-09-29,2025-10-13 00:00:00,-2940.3,0.0,EUR,EUR,1.0,paid,S.Fra /1407 COUNTERPARTY_50987 Ef 1TB-2025-F196,COUNTERPARTY_50987
1e1fb1c97af433b66d0eb992f3900522,COMP_0001,invoice,2025-07-24,2025-07-24,2025-07-24 00:00:00,114.95,0.0,EUR,EUR,1.0,paid,N.Fra TB2025F/100 [COMPANY] Ef 1,COUNTERPARTY_03903
3e840afc0c3208b182182785ead3c604,COMP_0793,invoice,2025-06-27,2025-06-27,2025-07-10 00:00:00,-1815.0,0.0,EUR,EUR,1.0,paid,S.Fra /674 [COMPANY] Ef 168,COUNTERPARTY_22440
4172077ed3c4cc5f6ab2b504dae0e18c,COMP_0793,invoice,2025-04-25,2025-05-25,2025-04-25 00:00:00,-1919.36,0.0,EUR,EUR,1.0,paid,S.Fra /372 COUNTERPARTY_50051. Ef 1S01/9767,COUNTERPARTY_50051
5c75832765384d73bc102f974ceddcab,COMP_0793,invoice,2025-09-11,2025-09-11,2025-09-11 00:00:00,236.3,0.0,EUR,EUR,1.0,paid,N.Fra TB2025F/383 COUNTERPARTY_38924 Ef 1,COUNTERPARTY_38924
67665880979756ffd6f830e2af9c1950,COMP_0001,invoice,2025-05-28,2025-06-20,2025-05-30 00:00:00,-53.15,0.0,EUR,EUR,1.0,paid,S.Fra /96 COUNTERPARTY_51086 Ef 1ES51HJ08AEUI,COUNTERPARTY_51086
70d8c71896cecfa8e51f28bd6f0e9790,COMP_0793,invoice,2025-08-21,2025-08-21,2025-10-01 00:00:00,-259.76,0.0,EUR,EUR,1.0,paid,S.Fra /1599 COUNTERPARTY_34275. Ef 1TB-2025-F550,COUNTERPARTY_34275
792dd1bf1051b003879bc70b85188ad3,COMP_0793,invoice,2025-01-28,2025-01-28,2025-01-28 00:00:00,307.44,0.0,EUR,EUR,1.0,paid,N.Fra TB2025F/17 COUNTERPARTY_48877 Ef 1,COUNTERPARTY_48877
80ba203ca95610aeff17b0e7fb24fd4c,COMP_0001,invoice,2025-06-10,2025-06-10,2025-06-10 00:00:00,290.38,0.0,EUR,EUR,1.0,paid,N.Fra TB2025F/67 [COMPANY] Ef 1,COUNTERPARTY_03903
87f690600ca991b737c1219b908abb28,COMP_0793,invoice,2025-11-28,2025-11-28,2026-02-03 00:00:00,43868.11,0.0,EUR,EUR,1.0,paid,N.Fra TB2025F/569 COUNTERPARTY_10380 Ef 1,COUNTERPARTY_10380
8b4d67b63e99666e1bf0f589bf35e244,COMP_0793,invoice,2025-08-24,2025-09-23,2025-09-12 00:00:00,12883.54,0.0,EUR,EUR,1.0,paid,N.Fra TB2025F/357 COUNTERPARTY_49557 Ef 1,COUNTERPARTY_49557
a162b8283db1999882eb4f589d244a72,COMP_0793,invoice,2025-07-31,2025-08-30,2025-09-01 00:00:00,-95.48,0.0,EUR,EUR,1.0,paid,S.Fra /928 COUNTERPARTY_23805 Ef [NUM],COUNTERPARTY_23805
a261bd03577df49a7dddad3d0f98ee53,COMP_0793,invoice,2025-03-26,2025-03-26,2025-03-26 00:00:00,884.82,0.0,EUR,EUR,1.0,paid,N.Fra TB2025F/111 COUNTERPARTY_48877 Ef 1,COUNTERPARTY_48877
ad04a30be049f70724a6ea59af084f4e,COMP_0793,invoice,2025-12-18,2025-12-18,2026-01-08 00:00:00,15910.51,0.0,EUR,EUR,1.0,paid,N.Fra TB2025F/582 COUNTERPARTY_48639 Ef 1,COUNTERPARTY_48639
b71e5647128b6a810a22fa201bb2aeda,COMP_0793,invoice,2025-07-28,2025-07-28,2025-08-18 00:00:00,189.53,0.0,EUR,EUR,1.0,paid,N.Fra TB2025F/336 COUNTERPARTY_38868 Ef 1,COUNTERPARTY_38868
b7db3294fcfce8b8cd424e2889946383,COMP_0793,invoice,2025-10-01,2025-10-01,2025-10-01 00:00:00,-29.04,0.0,EUR,EUR,1.0,paid,S.Fra /1456 COUNTERPARTY_06745 Ef [NUM],COUNTERPARTY_06745
baf4a43da606f77715abdbaa710a20bc,COMP_0793,invoice,2025-06-30,2025-07-30,2025-06-30 00:00:00,-24169.75,0.0,EUR,EUR,1.0,paid,S.Fra /629 COUNTERPARTY_07215 Ef 1121,COUNTERPARTY_07215
dac4af9cfc36a3b0abb8035aeef0600d,COMP_0001,invoice,2025-05-04,2025-05-04,2025-07-17 00:00:00,-7260.0,0.0,EUR,EUR,1.0,paid,S.Fra /76 COUNTERPARTY_26899 Ef 19,COUNTERPARTY_26899
f5529c27ceebae46354e26c07a651075,COMP_0001,invoice,2026-02-18,2026-03-20,2026-02-18 00:00:00,-87.24,0.0,EUR,EUR,1.0,paid,S.Fra /23 COUNTERPARTY_49050 Ef 1II3017,COUNTERPARTY_49050
f57807c728548b7416a47a3bf917ba65,COMP_0793,invoice,2025-06-26,2025-06-26,2025-07-02 00:00:00,26037.92,0.0,EUR,EUR,1.0,paid,N.Fra TB2025F/241 COUNTERPARTY_47852 Ef 1,COUNTERPARTY_47852
fa4d084dfd5cb66b757783d646e09992,COMP_0793,invoice,2025-09-29,2025-09-29,2025-10-13 00:00:00,-12100.0,0.0,EUR,EUR,1.0,paid,S.Fra /1409 [COMPANY] Ef 1155,COUNTERPARTY_22440
fc84b0e6b9def56fc14bae5234b27078,COMP_0793,invoice,2025-06-27,2025-06-27,2025-06-27 00:00:00,16370.53,0.0,EUR,EUR,1.0,paid,N.Fra TB2025F/279 COUNTERPARTY_49391 Ef 1,COUNTERPARTY_49391
fd3b9b34ef49cbd5e06e00b88bf763c9,COMP_0001,invoice,2025-07-22,2025-08-21,2025-07-22 00:00:00,-194.12,0.0,EUR,EUR,1.0,paid,S.Fra /[COMPANY] Ef 1ZB25-[NUM],COUNTERPARTY_28286
051817437cbc52b67395bb94796891e3,COMP_0793,invoice,2025-05-06,2025-08-04,2025-05-06 00:00:00,-254.19,0.0,EUR,EUR,1.0,paid,S.Fra /410 COUNTERPARTY_42909. Ef 325/809,COUNTERPARTY_42909
126efa6a96e186c76ba0075a5f1315d7,COMP_0793,invoice,2025-07-24,2025-07-24,2025-07-24 00:00:00,-4840.0,0.0,EUR,EUR,1.0,paid,S.Fra /837 [COMPANY] Ef 1121,COUNTERPARTY_22440
1f7d6613e494e0fbd6dc1a7618679a82,COMP_0793,invoice,2025-07-01,2025-07-31,2025-07-01 00:00:00,-114.95,0.0,EUR,EUR,1.0,paid,S.Fra /553 COUNTERPARTY_16229. Ef [NUM],COUNTERPARTY_35060
475b5a3268946c205edcde71ba4880c3,COMP_0793,invoice,2025-03-31,2025-04-30,2025-05-20 00:00:00,-12.1,0.0,EUR,EUR,1.0,paid,S.Fra /275 COUNTERPARTY_43249 Ef 1F25/[NUM],COUNTERPARTY_43249
4b3fbb6690e11b2407e2d874a09c834b,COMP_0793,invoice,2025-11-27,2025-11-27,2025-11-28 00:00:00,288.36,0.0,EUR,EUR,1.0,paid,N.Fra TB2025F/547 COUNTERPARTY_38868 Ef 1,COUNTERPARTY_38868
6f945160033671e8aecba8463e166b7d,COMP_0793,invoice,2025-06-19,2025-06-19,2025-07-15 00:00:00,6359.22,0.0,EUR,EUR,1.0,paid,N.Fra TB2025F/229 COUNTERPARTY_48639 Ef 1,COUNTERPARTY_48639
84f219f316dd7e333c7a57986f4a672a,COMP_0793,invoice,2025-09-29,2025-09-29,2025-10-13 00:00:00,-4598.0,0.0,EUR,EUR,1.0,paid,S.Fra /1443 [COMPANY] Ef 1162,COUNTERPARTY_22440
881574fefd410151ad1275de2a9bfc5f,COMP_0793,invoice,2026-02-11,2026-03-13,2026-02-20 00:00:00,-366.4,0.0,EUR,EUR,1.0,paid,S.Fra /298 COUNTERPARTY_18477 Ef [NUM]/AV,COUNTERPARTY_31747
8fb00457eae624fcf6803e58e88323db,COMP_0793,invoice,2025-10-31,2025-10-31,2025-11-27 00:00:00,82545.11,0.0,EUR,EUR,1.0,paid,N.Fra TB2025F/503 COUNTERPARTY_48639 Ef 1,COUNTERPARTY_48639
91d905fb232f7646cdf780500adb3d6f,COMP_0793,invoice,2025-09-02,2025-09-02,2025-09-02 00:00:00,-2491.61,0.0,EUR,EUR,1.0,paid,S.Fra /1058 COUNTERPARTY_16268. Ef 1TB-2025-F31,COUNTERPARTY_16268
ae20495049fe4b9fa1ef20c2e1427f60,COMP_0793,invoice,2025-09-20,2025-10-20,2025-09-20 00:00:00,-842.23,0.0,EUR,EUR,1.0,paid,S.Fra /1395 COUNTERPARTY_51473 Ef 1F25-3160,COUNTERPARTY_51473
b3551e87aa5d2645155927f0e7720a8f,COMP_0793,invoice,2025-12-09,2025-12-09,2025-12-09 00:00:00,-54.53,0.0,EUR,EUR,1.0,paid,S.Fra /2012 COUNTERPARTY_45549 Ef [NUM],COUNTERPARTY_45549
b6cec545045a51b28a6287170ce9ee48,COMP_0793,invoice,2025-08-30,2025-09-29,2025-09-30 00:00:00,-21.57,0.0,EUR,EUR,1.0,paid,S.Fra /1245 COUNTERPARTY_23748 Ef 15927,COUNTERPARTY_23748
c29d4a0b2227803bf81c9fd4cf5c95a0,COMP_0793,invoice,2025-07-10,2025-08-09,2025-07-09 00:00:00,-33.57,0.0,EUR,EUR,1.0,paid,S.Fra /800 COUNTERPARTY_10160 Ef 1F[NUM],COUNTERPARTY_35185
c457a0ed7c8692f13035f63f1103f5c2,COMP_0793,invoice,2025-07-29,2025-07-29,2025-08-11 00:00:00,-744.15,0.0,EUR,EUR,1.0,paid,S.Fra /914 COUNTERPARTY_07277. Ef 12025/911,COUNTERPARTY_07277
c737e2facd4d15510dd1fe8c9441cb75,COMP_0793,invoice,2024-12-26,2024-12-26,2025-06-10 00:00:00,348.71,0.0,EUR,EUR,1.0,paid,N.Fra TB2024F/96 COUNTERPARTY_51502 Ef 1,COUNTERPARTY_51502
d3fb6a9dd868c54ec272e9d74b404c5b,COMP_0001,invoice,2025-06-27,2025-06-27,2025-06-27 00:00:00,15730.0,0.0,EUR,EUR,1.0,paid,N.Fra TB2025F/78 [COMPANY] Ef 1,COUNTERPARTY_03903
d77334edc3322ffdedbd23b99ed55531,COMP_0793,invoice,2025-07-11,2025-09-09,2025-07-11 00:00:00,-717.07,0.0,EUR,EUR,1.0,paid,S.Fra /802 COUNTERPARTY_42722 Ef 1F[NUM],COUNTERPARTY_42722
d9e2438a0988360d38e29b8cd5630781,COMP_0793,invoice,2025-10-18,2025-11-17,2025-10-21 00:00:00,-48.59,0.0,EUR,EUR,1.0,paid,S.Fra /1517 COUNTERPARTY_07226 Ef 1ES51[X],COUNTERPARTY_18040
e35b283edbef3e23033d7540d4621ba6,COMP_0793,invoice,2026-02-25,2026-02-25,2026-02-25 00:00:00,752.25,0.0,EUR,EUR,1.0,paid,N.Fra TB2026F/110 COUNTERPARTY_15509. Ef 1,COUNTERPARTY_15509
e78888503c2e0c005a434fbe13457eed,COMP_0793,invoice,2025-10-13,2025-11-12,2025-10-17 00:00:00,-194.05,0.0,EUR,EUR,1.0,paid,S.Fra /1607 COUNTERPARTY_18477 Ef [NUM]/AV,COUNTERPARTY_31747
0a78acfbb204e954b72230658dafc864,COMP_0793,invoice,2025-08-17,2025-08-17,2025-09-10 00:00:00,-8470.0,0.0,EUR,EUR,1.0,paid,S.Fra /1180 [COMPANY] Ef 1142,COUNTERPARTY_22440
10377dc8d648514f5f97eda09ad12693,COMP_0793,invoice,2025-11-30,2025-11-30,2026-01-02 00:00:00,-81.35,0.0,EUR,EUR,1.0,paid,S.Fra /1919 COUNTERPARTY_10436 Ef [NUM],COUNTERPARTY_10436
1810b6f93776ce85a82729aaaa06b6ce,COMP_0793,invoice,2025-10-28,2025-10-28,2025-11-17 00:00:00,3.3,0.0,EUR,EUR,1.0,paid,N.Fra TB2025F/484 COUNTERPARTY_06351 Ef 1,COUNTERPARTY_06351
3dcc05ba1ae49fed097cdd5aab6c4938,COMP_0793,invoice,2025-06-30,2025-06-30,2025-07-10 00:00:00,-674.27,0.0,EUR,EUR,1.0,paid,S.Fra /551 COUNTERPARTY_42909. Ef 125/1250,COUNTERPARTY_42909
5c89ee708984925a9f38f9363f4aa95b,COMP_0793,invoice,2025-04-30,2025-04-30,2025-04-30 00:00:00,-1815.0,0.0,EUR,EUR,1.0,paid,S.Fra /380 [COMPANY] Ef 139,COUNTERPARTY_22440
5defe5d43fe6e6a1f1a4fd4e47ea7b04,COMP_0793,invoice,2026-01-12,2026-01-12,2026-02-04 00:00:00,-0.3,0.0,EUR,EUR,1.0,paid,S.Fra /389 COUNTERPARTY_00061 Ef [REF],COUNTERPARTY_22769
7321567ce7bcd66b30061ea70851be3d,COMP_0793,invoice,2026-02-26,2026-02-26,2026-02-26 00:00:00,1421.15,0.0,EUR,EUR,1.0,paid,N.Fra TB2026F/140 COUNTERPARTY_51678 Ef 1,COUNTERPARTY_51678
763479f7dbbe8124abd3cc85c3d27b51,COMP_0793,invoice,2025-05-06,2025-06-05,2025-06-10 00:00:00,-177.63,0.0,EUR,EUR,1.0,paid,S.Fra /407 COUNTERPARTY_18906 Ef 22025/4236,COUNTERPARTY_18906
8808e6499d9530430fed4815c56edb55,COMP_0878,invoice,2026-03-02,2026-03-02,2026-03-09 00:00:00,-2.42,0.0,EUR,EUR,1.0,paid,S.Fra /84 COUNTERPARTY_00061 Ef 15574,COUNTERPARTY_51700
91b1df1b3ecd392d3a714b3bafbdd5c4,COMP_0793,invoice,2025-10-12,2025-11-11,2025-10-12 00:00:00,-16.5,0.0,EUR,EUR,1.0,paid,S.Fra /1507 COUNTERPARTY_07226 Ef 1ES51EX0NABEI,COUNTERPARTY_18040
afacc43780a42a0767a99ccf93e4523b,COMP_0793,invoice,2025-07-28,2025-07-28,2025-09-03 00:00:00,28853.38,0.0,EUR,EUR,1.0,paid,N.Fra TB2025F/318 COUNTERPARTY_48639 Ef 1,COUNTERPARTY_48639
bfc521156b270bf9144074f7d9d20a97,COMP_0793,invoice,2025-05-23,2025-05-23,2025-06-06 00:00:00,-259.57,0.0,EUR,EUR,1.0,paid,S.Fra /445 [COMPANY] Ef 1TB2025F,COUNTERPARTY_22440
d4665bbdad10e208915551f6ddbd5fd8,COMP_0793,invoice,2026-01-22,2026-02-21,2026-01-22 00:00:00,-495.1,0.0,EUR,EUR,1.0,paid,S.Fra /62 COUNTERPARTY_47799 Ef [NUM],COUNTERPARTY_47799
ebad9eec988e491d1c72199f69d28c2b,COMP_0001,invoice,2025-10-31,2025-10-31,2025-11-01 00:00:00,-83.77,0.0,EUR,EUR,1.0,paid,S.Fra /209 COUNTERPARTY_51811 Ef 1CI[NUM]-1025,COUNTERPARTY_51811
f193d7c1670aa7db2643eb4b34bdd8fd,COMP_0793,invoice,2026-02-03,2026-03-05,2026-02-03 00:00:00,-766.93,0.0,EUR,EUR,1.0,paid,S.Fra /236 COUNTERPARTY_51816 Ef 12026P/34,COUNTERPARTY_51816
ff5f30990015a216f8bf8af1042442a3,COMP_0793,invoice,2025-04-01,2025-05-01,2025-04-01 00:00:00,-123.42,0.0,EUR,EUR,1.0,paid,S.Fra /511 COUNTERPARTY_18906 Ef 22025/3467,COUNTERPARTY_18906
11fa7c0af45510dad7cdd4a1b13ad89a,COMP_0001,invoice,2025-12-23,2025-12-23,2026-01-05 00:00:00,-7260.0,0.0,EUR,EUR,1.0,paid,S.Fra /233 COUNTERPARTY_26899 Ef 122,COUNTERPARTY_26899
165d5218d4816b6fdad4c3c7d0ad84f3,COMP_0793,invoice,2025-05-31,2025-06-30,2025-07-10 00:00:00,-592.09,0.0,EUR,EUR,1.0,paid,S.Fra /492 COUNTERPARTY_51859 Ef 125-36476,COUNTERPARTY_51859
22580d46385bbddc9bc63c1ae2f486d3,COMP_0793,invoice,2025-06-25,2025-06-25,2025-07-10 00:00:00,-2474.21,0.0,EUR,EUR,1.0,paid,S.Fra /565 COUNTERPARTY_33161 Ef 1S25/2910,COUNTERPARTY_47731
2944a59c23ab122e6c1f671de221dd44,COMP_0001,invoice,2025-10-22,2025-10-22,2025-11-10 00:00:00,633.85,0.0,EUR,EUR,1.0,paid,N.Fra TB2025F/172 [COMPANY] Ef 1,COUNTERPARTY_03903
2f68a64019b14df6c348854d3433318e,COMP_0793,invoice,2025-12-17,2025-12-17,2025-12-17 00:00:00,-317.02,0.0,EUR,EUR,1.0,paid,S.Fra /1982 COUNTERPARTY_30748. Ef 12025/10251,COUNTERPARTY_30748
37322ac29ec13d4e92453df5d34f6a76,COMP_0793,invoice,2025-05-29,2025-05-29,2025-05-29 00:00:00,231.45,0.0,EUR,EUR,1.0,paid,N.Fra TB2025F/206 COUNTERPARTY_51678 Ef 1,COUNTERPARTY_51678
3d18316245bb4dc49453ec6d69d7ccae,COMP_0793,invoice,2025-06-30,2025-06-30,2025-06-30 00:00:00,1795.54,0.0,EUR,EUR,1.0,paid,N.Fra TB2025F/282 COUNTERPARTY_44045 Ef 1,COUNTERPARTY_44045
3f313ae17b9219e4e45978f26cb7d95b,COMP_0793,invoice,2026-01-22,2026-01-22,2026-01-27 00:00:00,-1643.56,0.0,EUR,EUR,1.0,paid,S.Fra /2 COUNTERPARTY_11012 Ef 12025/092958,COUNTERPARTY_11012
4da7caf88e3aa16db6dc43d8490f5501,COMP_0001,invoice,2025-10-22,2025-10-22,2025-11-10 00:00:00,840.88,0.0,EUR,EUR,1.0,paid,N.Fra TB2025F/173 [COMPANY] Ef 1,COUNTERPARTY_03903
508c6c7f4954d0194cdc07eef616abe4,COMP_0793,invoice,2025-09-30,2025-10-30,2025-09-30 00:00:00,-779.52,0.0,EUR,EUR,1.0,paid,S.Fra /1453 COUNTERPARTY_51927 Ef 192,COUNTERPARTY_51927
62e0839c8924cc63433aa93a0a4e3097,COMP_0001,invoice,2025-11-23,2025-12-23,2025-11-23 00:00:00,-149.46,0.0,EUR,EUR,1.0,paid,S.Fra /218 COUNTERPARTY_01023 Ef [REF],COUNTERPARTY_49480
67c971317eae483c487e82f0cffb30f6,COMP_0001,invoice,2025-10-15,2025-10-15,2025-10-15 00:00:00,-1481.04,0.0,EUR,EUR,1.0,paid,S.Fra /198 COUNTERPARTY_27064 Ef 1F25/0332,COUNTERPARTY_27064
6a63a76cd7d6d9ac70d126c39799dc3e,COMP_0793,invoice,2026-01-21,2026-01-21,2026-01-21 00:00:00,-1.82,0.0,EUR,EUR,1.0,paid,S.Fra /111 COUNTERPARTY_00061 Ef [REF],COUNTERPARTY_22769
6a7daea1157988998c1b1ff7497c04a5,COMP_0793,invoice,2025-11-25,2025-11-25,2025-12-11 00:00:00,-884.99,0.0,EUR,EUR,1.0,paid,S.Fra /1766 COUNTERPARTY_42909. Ef 125/2797,COUNTERPARTY_42909
6bbdf2568403aeca47817d2214d4ee1e,COMP_0793,invoice,2025-09-29,2025-09-29,2025-10-07 00:00:00,350.43,0.0,EUR,EUR,1.0,paid,N.Fra TB2025F/418 COUNTERPARTY_03512 Ef 1,COUNTERPARTY_03512
6bf7c651d58f21e99841d982078d5ade,COMP_0793,invoice,2025-02-21,2025-03-23,2025-02-21 00:00:00,-312.35,0.0,EUR,EUR,1.0,paid,S.Fra /186 COUNTERPARTY_51962 Ef 1N001089/2025,COUNTERPARTY_51962
6f472acb554facdf6a34316bdaeee969,COMP_0793,invoice,2025-07-23,2025-07-23,2025-07-23 00:00:00,-273.41,0.0,EUR,EUR,1.0,paid,N.Fra [X]/15 COUNTERPARTY_51965 Ef 1,COUNTERPARTY_51965
87f697694ca230c7cf3d874b210e5629,COMP_0793,invoice,2025-06-28,2025-07-28,2025-06-28 00:00:00,-3064.77,0.0,EUR,EUR,1.0,paid,S.Fra /572 COUNTERPARTY_23799. Ef 135070,COUNTERPARTY_28032
886362e84cf4cfabcb0a2fbe8f35358a,COMP_0793,invoice,2026-01-27,2026-01-27,2026-03-02 00:00:00,17999.33,0.0,EUR,EUR,1.0,paid,N.Fra TB2026F/25 COUNTERPARTY_49692 Ef 1,COUNTERPARTY_49692
981746790373d954b9366ccdc078da79,COMP_0001,invoice,2025-03-06,2025-03-06,2025-03-06 00:00:00,-418.36,0.0,EUR,EUR,1.0,paid,S.Fra /49 COUNTERPARTY_49014 Ef 1F-250265,COUNTERPARTY_49014
a0f2b74b1785a4218eb862ea8d81bef9,COMP_0793,invoice,2025-07-22,2025-08-21,2025-07-22 00:00:00,-18.57,0.0,EUR,EUR,1.0,paid,S.Fra /962 COUNTERPARTY_07226 Ef 1ES5[X],COUNTERPARTY_18040
abf9fcd0e9e59844a11e39896f0cc229,COMP_0793,invoice,2025-07-24,2025-07-24,2025-07-24 00:00:00,-2845.92,0.0,EUR,EUR,1.0,paid,S.Fra /788 [COMPANY] Ef 1117,COUNTERPARTY_22440
afc20553729dc0f1bdb93102f5d6e8bf,COMP_0793,invoice,2025-07-03,2025-07-03,2025-07-03 00:00:00,11483.29,0.0,EUR,EUR,1.0,paid,N.Fra TB2025F/292 COUNTERPARTY_49391 Ef 1,COUNTERPARTY_49391
b00845ed23e2cacf21e16dee0194f6cf,COMP_0793,invoice,2026-01-01,2026-01-31,2026-01-01 00:00:00,-664.14,0.0,EUR,EUR,1.0,paid,S.Fra /81 COUNTERPARTY_10795 Ef 1U67990M,COUNTERPARTY_23778
b098c6424f6595a6ad551cbde00de475,COMP_0793,invoice,2025-12-19,2026-01-18,2025-12-23 00:00:00,-145.0,0.0,EUR,EUR,1.0,paid,S.Fra /1985 COUNTERPARTY_07226 Ef 1ES51[X],COUNTERPARTY_18040
b83bf7a81bdad8379a91df3cc95c72d4,COMP_0793,invoice,2026-01-26,2026-01-26,2026-02-09 00:00:00,17897.07,0.0,EUR,EUR,1.0,paid,N.Fra TB2026F/10 COUNTERPARTY_49391 Ef 1,COUNTERPARTY_49391
c930814748af727651b062befb3ff500,COMP_0793,invoice,2025-09-24,2025-10-24,2025-09-24 00:00:00,-121.0,0.0,EUR,EUR,1.0,paid,S.Fra /1286 COUNTERPARTY_52064 Ef 1RO2025-[NUM],COUNTERPARTY_52064
d224180936f21381d1c50bca3df08733,COMP_0793,invoice,2025-08-24,2025-08-23,2025-10-02 00:00:00,4285.98,0.0,EUR,EUR,1.0,paid,N.Fra TB2025F/344 COUNTERPARTY_14508 Ef 1,COUNTERPARTY_14508
d2e60a26b61bd93c35c5fcb046e21b3b,COMP_0793,invoice,2026-02-03,2026-02-03,2026-02-03 00:00:00,299.26,0.0,EUR,EUR,1.0,paid,N.Fra TB2026F/69 COUNTERPARTY_48639 Ef 1,COUNTERPARTY_48639
e28a3ba581045ecf02cfc6a018f2a61c,COMP_0001,invoice,2025-10-22,2025-10-22,2025-11-10 00:00:00,5082.0,0.0,EUR,EUR,1.0,paid,N.Fra TB2025F/178 [COMPANY] Ef 1,COUNTERPARTY_03903
e7ea5f63966a69617164a86fc2942e91,COMP_0001,invoice,2025-06-30,2025-06-30,2025-07-11 00:00:00,149.81,0.0,EUR,EUR,1.0,paid,N.Fra TB2025F/87 [COMPANY] Ef 1,COUNTERPARTY_03903
00b9113dc04c642f48cac4027dd1dcaa,COMP_0793,invoice,2025-07-20,2025-08-19,2025-07-20 00:00:00,-43.5,0.0,EUR,EUR,1.0,paid,S.Fra /960 COUNTERPARTY_07226 Ef 1ES5ZH1BABEI,COUNTERPARTY_18040
02b1cd4a724992c2cebc3168d3cf4838,COMP_0793,invoice,2025-11-28,2025-12-28,2025-11-28 00:00:00,-108.0,0.0,EUR,EUR,1.0,paid,S.Fra /1917 COUNTERPARTY_50051. Ef 1S05/5410,COUNTERPARTY_50051
03e6a42c48be5b3a5e66503f12124d3b,COMP_0793,invoice,2025-04-30,2025-05-30,2025-05-20 00:00:00,-46089.07,0.0,EUR,EUR,1.0,paid,S.Fra /415 COUNTERPARTY_18583 Ef [REF],COUNTERPARTY_18583
1a0c11ded96b4b6b4a8d94d1e4ac6885,COMP_0793,invoice,2025-12-12,2025-12-12,2026-01-12 00:00:00,-517.28,0.0,EUR,EUR,1.0,paid,S.Fra /1976 COUNTERPARTY_42909. Ef 125/3048,COUNTERPARTY_42909
1d6d0836c276afdcaf4d5e5a5e6e3235,COMP_0793,invoice,2025-07-10,2025-08-09,2025-07-10 00:00:00,-33.57,0.0,EUR,EUR,1.0,paid,S.Fra /829 COUNTERPARTY_10160 Ef 1F[NUM],COUNTERPARTY_35185
26da9dcdbcc2b78e6df35ef46f511976,COMP_0001,invoice,2025-05-15,2025-06-14,2025-05-22 00:00:00,-584.44,0.0,EUR,EUR,1.0,paid,S.Fra /[COMPANY] Ef 1CI[NUM],COUNTERPARTY_28286
32facd376f9218dad6ade5a63c242c54,COMP_0793,invoice,2026-01-20,2026-01-20,2026-01-20 00:00:00,-10.59,0.0,EUR,EUR,1.0,paid,S.Fra /109 COUNTERPARTY_00061 Ef [REF],COUNTERPARTY_22769
366d2a4bc1e7bcf5a9208c4148bf8c28,COMP_0001,invoice,2025-01-01,2025-01-31,2025-01-01 00:00:00,-284.05,0.0,EUR,EUR,1.0,paid,S.Fra /17 COUNTERPARTY_07183 Ef 1L/25/[NUM],COUNTERPARTY_50543
3d96322254d15a164b251912a172b802,COMP_0793,invoice,2025-02-26,2025-02-26,2025-02-26 00:00:00,79.3,0.0,EUR,EUR,1.0,paid,N.Fra TB2025F/64 COUNTERPARTY_48877 Ef 1,COUNTERPARTY_48877
3ff0d51af8a6c1cbef6d45753c29a6c3,COMP_0793,invoice,2025-07-23,2025-08-22,2025-07-23 00:00:00,-940.35,0.0,EUR,EUR,1.0,paid,S.Fra /967 COUNTERPARTY_48052 Ef 1A347075,COUNTERPARTY_48052
413da7a98ab4b1267716bcf6f44f88d2,COMP_0793,invoice,2026-01-26,2026-01-26,2026-01-26 00:00:00,-1149.5,0.0,EUR,EUR,1.0,paid,S.Fra /155 COUNTERPARTY_33161 Ef 1S26/258,COUNTERPARTY_47731
4ce452b7be2f86024c30468e749100de,COMP_0793,invoice,2025-12-23,2025-12-23,2025-12-31 00:00:00,2286.46,0.0,EUR,EUR,1.0,paid,N.Fra TB2025F/603 COUNTERPARTY_47852 Ef 1,COUNTERPARTY_47852
51f962ccec13bdc3d9f1713f74217ec2,COMP_0001,invoice,2025-09-29,2025-09-29,2025-10-14 00:00:00,3630.0,0.0,EUR,EUR,1.0,paid,N.Fra TB2025F/164 [COMPANY] Ef 1,COUNTERPARTY_03903
6f219b8b9e77b187d3861278269d4da8,COMP_0793,invoice,2025-06-13,2025-08-12,2025-06-13 00:00:00,-1049.49,0.0,EUR,EUR,1.0,paid,S.Fra /600 COUNTERPARTY_42722 Ef 1F[NUM],COUNTERPARTY_42722
7dba204f923d3843b6e562e54593847e,COMP_0793,invoice,2025-12-16,2025-12-16,2026-01-06 00:00:00,3329.73,0.0,EUR,EUR,1.0,paid,N.Fra TB2025F/578 COUNTERPARTY_14508 Ef 1,COUNTERPARTY_14508
81a0f010ce77a09e2a1dbbb484ce3ae7,COMP_0001,invoice,2025-07-24,2025-07-24,2025-07-24 00:00:00,5082.0,0.0,EUR,EUR,1.0,paid,N.Fra TB2025F/120 [COMPANY] Ef 1,COUNTERPARTY_03903
8620232b082af4086e99ca6aac1d6cf4,COMP_0793,invoice,2025-10-17,2025-11-16,2025-12-11 00:00:00,-205.58,0.0,EUR,EUR,1.0,paid,S.Fra /1684 COUNTERPARTY_48090 Ef 190854,COUNTERPARTY_48090
880badb6a1940588a32e0e62d559946f,COMP_0793,invoice,2025-11-03,2025-12-03,2025-12-11 00:00:00,-930.57,0.0,EUR,EUR,1.0,paid,S.Fra /1722 COUNTERPARTY_51816 Ef 12025K/30,COUNTERPARTY_51816
8a3e1c0b4684c9e16db202ff575e0d28,COMP_0793,invoice,2025-09-06,2025-09-06,2025-09-06 00:00:00,33.75,0.0,EUR,EUR,1.0,paid,S.Fra /1235 COUNTERPARTY_07783 Ef [NUM],COUNTERPARTY_49066
9472bb38c66f6dcd9a444c6b57ffc71a,COMP_0793,invoice,2025-06-27,2025-06-27,2025-06-27 00:00:00,16905.95,0.0,EUR,EUR,1.0,paid,N.Fra TB2025F/280 COUNTERPARTY_49391 Ef 1,COUNTERPARTY_49391
b10361e3c4e98d6dfc3d4e7b58d79635,COMP_0793,invoice,2025-10-29,2025-11-28,2025-11-18 00:00:00,-278.42,0.0,EUR,EUR,1.0,paid,S.Fra /1704 COUNTERPARTY_18583 Ef [NUM],COUNTERPARTY_18583
b1178527e2a6a86d1cf4f498b1ae3879,COMP_0001,invoice,2025-06-18,2025-06-18,2025-06-18 00:00:00,-127.29,0.0,EUR,EUR,1.0,paid,S.Fra /126 COUNTERPARTY_01678 Ef 1ES51PO23AEUI,COUNTERPARTY_48241
b33f48123fec05f9bea685a039e697e7,COMP_0001,invoice,2025-09-29,2025-09-29,2025-10-14 00:00:00,6655.0,0.0,EUR,EUR,1.0,paid,N.Fra TB2025F/154 [COMPANY] Ef 1,COUNTERPARTY_03903
b86c9aeb29fa5c7dd96127474b3dd724,COMP_0793,invoice,2025-07-31,2025-08-30,2025-09-10 00:00:00,-237.16,0.0,EUR,EUR,1.0,paid,S.Fra /1033 COUNTERPARTY_27660 Ef 1A/25406,COUNTERPARTY_27660
ba19d2670d36211dbc71a014ba69ea26,COMP_0793,invoice,2025-06-26,2025-07-19,2025-07-25 00:00:00,17575.25,0.0,EUR,EUR,1.0,paid,N.Fra TB2025F/248 COUNTERPARTY_34957 Ef 1,COUNTERPARTY_34957
bd1ebbcfc453ae7b6c785bc145aa002c,COMP_0001,invoice,2025-08-29,2025-09-28,2025-08-29 00:00:00,-17.58,0.0,EUR,EUR,1.0,paid,S.Fra /175 COUNTERPARTY_49050 Ef 1IC6164,COUNTERPARTY_49050
c490b01bcbc0cf3afd16b4098e1728a9,COMP_0793,invoice,2025-11-27,2025-11-27,2025-11-28 00:00:00,236.24,0.0,EUR,EUR,1.0,paid,N.Fra TB2025F/537 COUNTERPARTY_15358 Ef 1,COUNTERPARTY_15358
d7f64728afa7d24399d293a6264d6443,COMP_0793,invoice,2025-07-04,2025-07-04,2025-07-04 00:00:00,-591.29,0.0,EUR,EUR,1.0,paid,S.Fra /763 COUNTERPARTY_18906 Ef 12025/5809,COUNTERPARTY_18906
071400bda4fa0c967af945301d249ca3,COMP_0793,invoice,2025-11-26,2025-12-26,2025-12-11 00:00:00,16642.99,0.0,EUR,EUR,1.0,paid,N.Fra TB2025F/533 COUNTERPARTY_49557 Ef 1,COUNTERPARTY_49557
0b8c384c50f23a8c4d12627e6ca15e7d,COMP_0001,invoice,2025-01-28,2025-02-27,2025-01-28 00:00:00,-21.94,0.0,EUR,EUR,1.0,paid,S.Fra /16 COUNTERPARTY_01023 Ef [REF],COUNTERPARTY_49480
0d8c1bf5eb47d41f33f3e9f418f9d339,COMP_0793,invoice,2025-08-01,2025-08-01,2025-08-01 00:00:00,-246.84,0.0,EUR,EUR,1.0,paid,S.Fra /933 COUNTERPARTY_18906 Ef 12025/6489,COUNTERPARTY_18906
22ae5820e5730008bc720fdc820044e3,COMP_0793,invoice,2025-08-22,2025-08-22,2025-08-22 00:00:00,-0.3,0.0,EUR,EUR,1.0,paid,S.Fra /1155 COUNTERPARTY_00061 Ef [REF],COUNTERPARTY_22769
24b5c7352406137eeed01a3f678bbf8e,COMP_0001,invoice,2025-10-22,2025-10-22,2025-11-10 00:00:00,6050.0,0.0,EUR,EUR,1.0,paid,N.Fra TB2025F/185 [COMPANY] Ef 1,COUNTERPARTY_03903
297af0df7c4076a227d6f86851f8de60,COMP_0793,invoice,2025-06-23,2025-07-23,2025-06-23 00:00:00,-580.8,0.0,EUR,EUR,1.0,paid,S.Fra /664 COUNTERPARTY_50051. Ef 1S01/10183,COUNTERPARTY_50051
2b584663e5945fc993c5119637faadce,COMP_0793,invoice,2025-10-31,2025-10-31,2025-11-27 00:00:00,37531.84,0.0,EUR,EUR,1.0,paid,N.Fra TB2025F/501 COUNTERPARTY_48639 Ef 1,COUNTERPARTY_48639
38ef5969348ad41765e39ac498baccf4,COMP_0793,invoice,2025-07-14,2025-08-13,2025-07-14 00:00:00,-152.64,0.0,EUR,EUR,1.0,paid,S.Fra /891 COUNTERPARTY_52435 Ef 1INV/2025/8451,COUNTERPARTY_52435
479935ce022bf0b43a0fdfd1c5c7a3fc,COMP_0001,invoice,2025-07-24,2025-07-24,2025-07-24 00:00:00,1210.0,0.0,EUR,EUR,1.0,paid,N.Fra TB2025F/134 [COMPANY] Ef 1,COUNTERPARTY_03903
59633f54d692b8bf4a2d91129ea0362e,COMP_0793,invoice,2025-10-08,2025-10-08,2025-11-05 00:00:00,752.25,0.0,EUR,EUR,1.0,paid,N.Fra TB2025F/443 COUNTERPARTY_15509. Ef 1,COUNTERPARTY_15509
66937fd785913d575c1e8a0f7612c272,COMP_0793,invoice,2025-03-31,2025-04-30,2025-05-06 00:00:00,-529.12,0.0,EUR,EUR,1.0,paid,S.Fra /291 COUNTERPARTY_48443 Ef [NUM],COUNTERPARTY_48443
6dc0b99f8f42b16e82af05e3343d14d2,COMP_0793,invoice,2025-06-24,2025-06-24,2025-06-24 00:00:00,-182.95,0.0,EUR,EUR,1.0,paid,S.Fra /666 COUNTERPARTY_09541 Ef [NUM],COUNTERPARTY_09541
7dda04728c1906cbe46107c990fce737,COMP_0001,invoice,2025-06-22,2025-06-22,2025-06-24 00:00:00,-76.23,0.0,EUR,EUR,1.0,paid,S.Fra /135 COUNTERPARTY_01678 Ef 1ES5U036ABEI,COUNTERPARTY_48241
815c2c4ccdf63de2a2a7e99ff11e8a2a,COMP_0793,invoice,2025-06-30,2025-07-30,2025-06-30 00:00:00,-182.73,0.0,EUR,EUR,1.0,paid,S.Fra /713 COUNTERPARTY_51927 Ef 1DN/46,COUNTERPARTY_51927
83b9a3d5217053979ced06d9c00de0b7,COMP_0793,invoice,2025-06-26,2025-06-26,2025-07-07 00:00:00,141.99,0.0,EUR,EUR,1.0,paid,N.Fra TB2025F/260 COUNTERPARTY_15358 Ef 1,COUNTERPARTY_15358
97aaa2f4f29e2aeaf14223cc26c9cd66,COMP_0793,invoice,2025-10-22,2025-10-22,2025-11-07 00:00:00,-309.78,0.0,EUR,EUR,1.0,paid,S.Fra /1618 [COMPANY] Ef 1175,COUNTERPARTY_22440
a374e54df67bea40fcf002e1aa489e83,COMP_0793,invoice,2025-05-05,2025-05-05,2025-05-05 00:00:00,-0.36,0.0,EUR,EUR,1.0,paid,S.Fra /[COMPANY] Ef [REF],COUNTERPARTY_47950
a726c3e17f0f0298c6dfa14de9b25f15,COMP_0001,invoice,2025-07-24,2025-07-24,2025-07-24 00:00:00,3207.71,0.0,EUR,EUR,1.0,paid,N.Fra TB2025F/91 [COMPANY] Ef 1,COUNTERPARTY_03903
be44f2d62f76ffd04f1da4b16c9c2ae3,COMP_0793,invoice,2025-05-19,2025-05-19,2025-06-06 00:00:00,-1815.0,0.0,EUR,EUR,1.0,paid,S.Fra /440 [COMPANY] Ef 150,COUNTERPARTY_22440
c2807f1f8f03510ba39c4529f59893f3,COMP_0793,invoice,2025-11-04,2025-11-04,2026-02-03 00:00:00,15782.41,0.0,EUR,EUR,1.0,paid,N.Fra TB2025F/508 COUNTERPARTY_10380 Ef 1,COUNTERPARTY_10380
c863edac948684fa35840f3dbccd630d,COMP_0001,invoice,2025-04-03,2025-05-20,2025-04-03 00:00:00,-42.73,0.0,EUR,EUR,1.0,paid,S.Fra /63 COUNTERPARTY_35207 Ef 111/2025/2.551,COUNTERPARTY_35207
fa82e26835539ababfb17fe1fd2998c3,COMP_0793,invoice,2025-10-28,2025-10-28,2025-11-19 00:00:00,12613.51,0.0,EUR,EUR,1.0,paid,N.Fra TB2025F/490 COUNTERPARTY_14508 Ef 1,COUNTERPARTY_14508
193035f360df2ef1c3f0f82e4d08d3ce,COMP_0793,invoice,2025-11-25,2025-11-25,2025-12-30 00:00:00,21539.16,0.0,EUR,EUR,1.0,paid,N.Fra TB2025F/524 COUNTERPARTY_49692 Ef 1,COUNTERPARTY_49692
38d629719854d4711cf8c9b7b63573b0,COMP_0793,invoice,2025-07-01,2025-07-01,2025-07-01 00:00:00,-399.29,0.0,EUR,EUR,1.0,paid,S.Fra /574 COUNTERPARTY_23024. Ef 1[X][NUM],COUNTERPARTY_23024
4c68d3b89c82607e8da0806c879454c3,COMP_0793,invoice,2025-04-30,2025-04-30,2025-04-30 00:00:00,947.56,0.0,EUR,EUR,1.0,paid,N.Fra TB2025F/145 COUNTERPARTY_48877 Ef 1,COUNTERPARTY_48877
5ab16bff5484c63712754a86d5161dbe,COMP_0793,invoice,2025-05-30,2025-05-30,2025-05-30 00:00:00,-3690.5,0.0,EUR,EUR,1.0,paid,S.Fra /638 COUNTERPARTY_45406 Ef 1TB-2025-F83,COUNTERPARTY_45406
628d37cfd5217488f620317c9fc8147a,COMP_0001,invoice,2025-10-22,2025-10-22,2025-11-10 00:00:00,410.58,0.0,EUR,EUR,1.0,paid,N.Fra TB2025F/176 [COMPANY] Ef 1,COUNTERPARTY_03903
69af982a960b5f8010d86b1cd41b59e4,COMP_0001,invoice,2025-06-27,2025-06-27,2025-07-11 00:00:00,2420.0,0.0,EUR,EUR,1.0,paid,N.Fra TB2025F/76 [COMPANY] Ef 1,COUNTERPARTY_03903
71aa2d45555525128e652b0510b70794,COMP_0793,invoice,2025-08-31,2025-09-30,2025-08-31 00:00:00,-500.94,0.0,EUR,EUR,1.0,paid,S.Fra /1128 COUNTERPARTY_30606 Ef 1S25/431,COUNTERPARTY_30606
7235ade3ed722bba30c46f2afd2676d8,COMP_0793,invoice,2025-12-23,2025-12-23,2026-02-03 00:00:00,7511.55,0.0,EUR,EUR,1.0,paid,N.Fra TB2025F/612 COUNTERPARTY_10380 Ef 1,COUNTERPARTY_10380
723e790fab623c30870797bf51855890,COMP_0793,invoice,2025-10-27,2025-10-27,2025-11-17 00:00:00,41597.5,0.0,EUR,EUR,1.0,paid,N.Fra TB2025F/465 COUNTERPARTY_19200 Ef 1,COUNTERPARTY_19200
8f63c7b2ee13d47c224aa19869516836,COMP_0793,invoice,2025-09-03,2025-09-03,2025-09-10 00:00:00,-109.41,0.0,EUR,EUR,1.0,paid,S.Fra /1059 [COMPANY] Ef [REF],COUNTERPARTY_21065
9fc824825b1ed9cff5a0cf3f7617c480,COMP_0793,invoice,2025-12-23,2026-01-22,2026-01-14 00:00:00,26113.98,0.0,EUR,EUR,1.0,paid,N.Fra TB2025F/604 COUNTERPARTY_49557 Ef 1,COUNTERPARTY_49557
a7807a05d954329c32977e96e7150e76,COMP_0001,invoice,2025-12-22,2026-01-21,2026-01-05 00:00:00,-14520.0,0.0,EUR,EUR,1.0,paid,S.Fra /231 COUNTERPARTY_09820 Ef 17,COUNTERPARTY_09820
b8903152f3605469caacd59de790e8a8,COMP_0001,invoice,2025-08-17,2025-08-16,2025-09-11 00:00:00,5445.0,0.0,EUR,EUR,1.0,paid,N.Fra TB2025F/138 [COMPANY] Ef 1,COUNTERPARTY_03903
ca08d64bb68affe4bde70166b6845beb,COMP_0793,invoice,2025-10-27,2025-10-27,2025-11-13 00:00:00,14576.62,0.0,EUR,EUR,1.0,paid,N.Fra TB2025F/469 COUNTERPARTY_49391 Ef 1,COUNTERPARTY_49391
cab71f581b0bebb5ad6668267f7b5ddc,COMP_0001,invoice,2025-07-24,2025-07-24,2025-07-24 00:00:00,165.65,0.0,EUR,EUR,1.0,paid,N.Fra TB2025F/101 [COMPANY] Ef 1,COUNTERPARTY_03903
cb1c60c9e86c60ee80bb9f295eb01e4b,COMP_0793,invoice,2025-06-13,2025-08-12,2025-06-13 00:00:00,-327.45,0.0,EUR,EUR,1.0,paid,S.Fra /599 COUNTERPARTY_42722 Ef 1F[NUM],COUNTERPARTY_42722
d8b322393bef03fe0d627b6dcadf4e73,COMP_0793,invoice,2025-07-31,2025-07-31,2025-07-31 00:00:00,-121.99,0.0,EUR,EUR,1.0,paid,S.Fra /918 COUNTERPARTY_27018 Ef 1V25-01192,COUNTERPARTY_27018
edf91db8b6443b0364c932f06923deea,COMP_0793,invoice,2025-06-25,2025-06-25,2025-06-25 00:00:00,236.3,0.0,EUR,EUR,1.0,paid,N.Fra TB2025F/230 COUNTERPARTY_38924 Ef 1,COUNTERPARTY_38924
fc4908fdaa1d1d43b1704aedf9d13f01,COMP_0793,invoice,2025-09-28,2025-09-27,2025-10-23 00:00:00,1093.65,0.0,EUR,EUR,1.0,paid,N.Fra TB2025F/403 COUNTERPARTY_49391 Ef 1,COUNTERPARTY_49391
09a5b4717ed22694a0e4d82ce81fa7bb,COMP_0793,invoice,2025-06-30,2025-06-30,2025-07-01 00:00:00,-85.91,0.0,EUR,EUR,1.0,paid,S.Fra /1170 COUNTERPARTY_10802 Ef [NUM],COUNTERPARTY_10802
1f8d4e2d52719ebb5dd1a3d41ce0ea16,COMP_0793,invoice,2025-04-30,2025-04-30,2025-05-28 00:00:00,29975.6,0.0,EUR,EUR,1.0,paid,N.Fra TB2025F/166 COUNTERPARTY_48639 Ef 1,COUNTERPARTY_48639
2ebde081c086f8a1157dc438e1613c29,COMP_0793,invoice,2025-10-27,2025-10-27,2025-10-29 00:00:00,3774.2,0.0,EUR,EUR,1.0,paid,N.Fra TB2025F/463 COUNTERPARTY_20173 Ef 1,COUNTERPARTY_48413
304fe30c02d9c689347418991adb1ee9,COMP_0793,invoice,2025-10-03,2025-11-02,2025-10-03 00:00:00,-48.15,0.0,EUR,EUR,1.0,paid,S.Fra /1744 COUNTERPARTY_33224 Ef [NUM],COUNTERPARTY_35897
3f70d69e77dd3dcf5ffee464c9e9e567,COMP_0001,invoice,2025-04-30,2025-04-30,2025-06-09 00:00:00,15730.0,0.0,EUR,EUR,1.0,paid,N.Fra TB2025F/40 [COMPANY] Ef 1,COUNTERPARTY_03903
861013a3b803273c3688b6257170f2f8,COMP_0793,invoice,2025-12-18,2025-12-18,2026-01-08 00:00:00,70475.07,0.0,EUR,EUR,1.0,paid,N.Fra TB2025F/581 COUNTERPARTY_48639 Ef 1,COUNTERPARTY_48639
8de1d4dd3324d121a3a4a91ea019a0a8,COMP_0793,invoice,2026-01-27,2026-01-27,2026-01-27 00:00:00,1421.15,0.0,EUR,EUR,1.0,paid,N.Fra TB2026F/52 COUNTERPARTY_51678 Ef 1,COUNTERPARTY_51678
8fde4cd8dd3eb2bdb8e2a61d1a8b7fd0,COMP_0793,invoice,2025-08-24,2025-08-23,2025-08-24 00:00:00,14576.62,0.0,EUR,EUR,1.0,paid,N.Fra TB2025F/356 COUNTERPARTY_49391 Ef 1,COUNTERPARTY_49391
909df8e802bac51ef86be3ae591f15d1,COMP_0793,invoice,2025-08-31,2025-09-30,2025-09-08 00:00:00,-3.15,0.0,EUR,EUR,1.0,paid,S.Fra /1221 COUNTERPARTY_00532 Ef 12025/249460,COUNTERPARTY_50114
a55d6f1a60cca2372b72515be02467d3,COMP_0001,invoice,2025-10-28,2025-11-27,2025-11-05 00:00:00,-14520.0,0.0,EUR,EUR,1.0,paid,S.Fra /203 COUNTERPARTY_09820 Ef 14,COUNTERPARTY_09820
b11a567f01718ae67a3b46ad5751b4dc,COMP_0793,invoice,2026-01-27,2026-01-27,2026-02-09 00:00:00,249.01,0.0,EUR,EUR,1.0,paid,N.Fra TB2026F/50 COUNTERPARTY_06305 Ef 1,COUNTERPARTY_06305
fac681976bdfacde0a066e82ae26171f,COMP_0793,invoice,2025-10-31,2025-11-30,2025-11-01 00:00:00,-666.81,0.0,EUR,EUR,1.0,paid,S.Fra /1968 COUNTERPARTY_12085 Ef [NUM],COUNTERPARTY_12085
fd17f653df40e2ac23858e54980a4abb,COMP_0793,invoice,2026-02-19,2026-03-21,2026-03-01 00:00:00,-705.73,0.0,EUR,EUR,1.0,paid,S.Fra /686 COUNTERPARTY_18583 Ef 17890,COUNTERPARTY_18583
024c8292ff3ab514670c6181f23a384a,COMP_0793,invoice,2025-05-14,2025-06-13,2025-07-10 00:00:00,-274.0,0.0,EUR,EUR,1.0,paid,S.Fra /419 COUNTERPARTY_22217 Ef 1000/[NUM],COUNTERPARTY_22217
0699856fce4f242ac92842680d32fb4d,COMP_0793,invoice,2025-07-23,2025-08-22,2025-07-23 00:00:00,-1175.58,0.0,EUR,EUR,1.0,paid,S.Fra /969 COUNTERPARTY_48052 Ef 1A347066,COUNTERPARTY_48052
072e85a7827c80e499dc11f40bed51c7,COMP_0793,invoice,2025-08-30,2025-08-30,2025-09-30 00:00:00,22930.99,0.0,EUR,EUR,1.0,paid,N.Fra TB2025F/369 COUNTERPARTY_10380 Ef 1,COUNTERPARTY_10380
090bbcc8c4dd71b275af33d62bea233f,COMP_0793,invoice,2025-12-27,2025-12-27,2026-02-03 00:00:00,399.3,0.0,EUR,EUR,1.0,paid,N.Fra TB2025F/615 COUNTERPARTY_10380 Ef 1,COUNTERPARTY_10380
0febf943fe61cb26d03f610eb19bf3b5,COMP_0001,invoice,2025-07-24,2025-07-24,2025-07-24 00:00:00,12100.0,0.0,EUR,EUR,1.0,paid,N.Fra TB2025F/119 [COMPANY] Ef 1,COUNTERPARTY_03903
17c9bf97b30e83b3e4146c4bb3d51342,COMP_0793,invoice,2026-02-03,2026-03-05,2026-02-04 00:00:00,-10.63,0.0,EUR,EUR,1.0,paid,S.Fra /42 COUNTERPARTY_07226 Ef 1ES67[X],COUNTERPARTY_18040
1edb99b18da16199cb98df68ce7568ad,COMP_0793,invoice,2025-11-25,2025-11-25,2025-12-01 00:00:00,-80.31,0.0,EUR,EUR,1.0,paid,S.Fra /2086 COUNTERPARTY_27278 Ef 12025/035228,COUNTERPARTY_27278
23f1a3486c39ca48b22842d834ca96a0,COMP_0793,invoice,2025-05-22,2025-05-22,2025-06-05 00:00:00,14576.62,0.0,EUR,EUR,1.0,paid,N.Fra TB2025F/177 COUNTERPARTY_49391 Ef 1,COUNTERPARTY_49391
27490470c852178e2ca3aaebb9f89a8a,COMP_0001,invoice,2025-06-18,2025-06-18,2025-06-20 00:00:00,-14.29,0.0,EUR,EUR,1.0,paid,S.Fra /140 COUNTERPARTY_53180 Ef [REF],COUNTERPARTY_53180
2ad908615e83a20ade1f0026e97f01ca,COMP_0793,invoice,2025-10-27,2025-10-27,2025-11-13 00:00:00,18865.4,0.0,EUR,EUR,1.0,paid,N.Fra TB2025F/452 COUNTERPARTY_49391 Ef 1,COUNTERPARTY_49391
305a01c6b29f6234b1824c859aa406c8,COMP_0793,invoice,2025-07-07,2025-07-07,2025-07-07 00:00:00,25993.32,0.0,EUR,EUR,1.0,paid,N.Fra TB2025F/295 COUNTERPARTY_19200 Ef 1,COUNTERPARTY_19200
3e14cc7161d6c9cf09bec928ddc8149a,COMP_0793,invoice,2026-01-26,2026-01-26,2026-02-19 00:00:00,41597.5,0.0,EUR,EUR,1.0,paid,N.Fra TB2026F/5 COUNTERPARTY_19200 Ef 1,COUNTERPARTY_19200
65f61189c3ba904b9d0cdee83f6ac041,COMP_0793,invoice,2025-12-20,2025-12-20,2026-01-14 00:00:00,-169.88,0.0,EUR,EUR,1.0,paid,S.Fra /2047 COUNTERPARTY_23799. Ef 173212,COUNTERPARTY_28032
8ca1e7df451359e9b8bf9b314381d03c,COMP_0793,invoice,2025-11-25,2025-11-25,2025-12-15 00:00:00,14576.62,0.0,EUR,EUR,1.0,paid,N.Fra TB2025F/520 COUNTERPARTY_49391 Ef 1,COUNTERPARTY_49391
9335bb552ee71fd0bb015df1c2abe293,COMP_0793,invoice,2025-04-01,2025-05-01,2025-07-10 00:00:00,-549.27,0.0,EUR,EUR,1.0,paid,S.Fra /279 COUNTERPARTY_53295 Ef 1AD452/25,COUNTERPARTY_53295
9e60308060656bacb6c1bcbcb46ddc02,COMP_0793,invoice,2025-09-08,2025-09-08,2025-10-01 00:00:00,-727.9,0.0,EUR,EUR,1.0,paid,S.Fra /1597 COUNTERPARTY_34275. Ef 1TB-2025-F623,COUNTERPARTY_34275
a7eabdcbee350d2220f49847712103c0,COMP_0793,invoice,2026-01-27,2026-01-27,2026-02-03 00:00:00,58.32,0.0,EUR,EUR,1.0,paid,N.Fra TB2026F/54 COUNTERPARTY_39290 Ef 1,COUNTERPARTY_39290
abe09aff9b2c2afcd77dab7953fb0666,COMP_0793,invoice,2026-01-27,2026-01-27,2026-03-02 00:00:00,14714.02,0.0,EUR,EUR,1.0,paid,N.Fra TB2026F/29 COUNTERPARTY_49692 Ef 1,COUNTERPARTY_49692
b44bf3adb951358d4a57f3a067e6523d,COMP_0793,invoice,2025-04-30,2025-04-30,2025-05-06 00:00:00,-1815.0,0.0,EUR,EUR,1.0,paid,S.Fra /379 [COMPANY] Ef 138,COUNTERPARTY_22440
d6f1c0a03849e77f5596db421015f169,COMP_0001,invoice,2025-09-29,2025-09-29,2025-10-14 00:00:00,1210.0,0.0,EUR,EUR,1.0,paid,N.Fra TB2025F/170 [COMPANY] Ef 1,COUNTERPARTY_03903
efd515ccd0ce5bf3b7a0acf55c8818d4,COMP_0793,invoice,2025-07-23,2025-07-23,2025-07-23 00:00:00,-273.41,0.0,EUR,EUR,1.0,paid,N.Fra [X]/14 COUNTERPARTY_51965 Ef 1,COUNTERPARTY_51965
f51173aebed6a9189e5cfd2d93aae65f,COMP_0793,invoice,2025-06-27,2025-06-27,2025-07-10 00:00:00,-1815.0,0.0,EUR,EUR,1.0,paid,S.Fra /680 [COMPANY] Ef 179,COUNTERPARTY_22440
22e51404c4085160f58f4b067d21cd9e,COMP_0001,invoice,2025-07-24,2025-07-24,2025-07-24 00:00:00,9075.0,0.0,EUR,EUR,1.0,paid,N.Fra TB2025F/131 [COMPANY] Ef 1,COUNTERPARTY_03903
2866f282e622579c76cc3f76069594f1,COMP_0793,invoice,2025-04-30,2025-05-30,2025-06-06 00:00:00,-530.03,0.0,EUR,EUR,1.0,paid,S.Fra /416 COUNTERPARTY_48090 Ef 189524,COUNTERPARTY_48090
2a0f23d90f8169779d3ecd43f7165423,COMP_0793,invoice,2025-04-26,2025-05-26,2025-04-26 00:00:00,-16.99,0.0,EUR,EUR,1.0,paid,S.Fra /[COMPANY] Ef [NUM],COUNTERPARTY_43184
2c9d969f8d58e2c5acbc15fef11cf5df,COMP_0793,invoice,2025-06-30,2025-06-30,2025-07-10 00:00:00,-3061.3,0.0,EUR,EUR,1.0,paid,S.Fra /698 COUNTERPARTY_53424 Ef 1T/2314,COUNTERPARTY_53424
35f19e7df42d81927d60b2864656712a,COMP_0793,invoice,2025-11-20,2025-12-20,2026-01-12 00:00:00,-37.67,0.0,EUR,EUR,1.0,paid,S.Fra /1871 COUNTERPARTY_48090 Ef 191060,COUNTERPARTY_48090
3e1adf7d16c36108b2224b030f86576a,COMP_0793,invoice,2025-07-04,2025-07-04,2025-07-04 00:00:00,-320.23,0.0,EUR,EUR,1.0,paid,S.Fra /736 COUNTERPARTY_53445 Ef 1V03/[NUM],COUNTERPARTY_53445
423c2c41616e98b01426f0c3774b9def,COMP_0001,invoice,2025-06-10,2025-06-10,2025-06-10 00:00:00,-27.81,0.0,EUR,EUR,1.0,paid,S.Fra /145 COUNTERPARTY_53449 Ef [REF],COUNTERPARTY_53449
45fecf11238faf9a85083d28eaf29a6f,COMP_0793,invoice,2025-09-30,2025-10-30,2025-11-07 00:00:00,-248.66,0.0,EUR,EUR,1.0,paid,S.Fra /1482 COUNTERPARTY_27660 Ef 1A/25541,COUNTERPARTY_27660
4a9049574b573ce012e364fac1f17e45,COMP_0793,invoice,2025-09-30,2025-10-30,2025-11-07 00:00:00,-221.43,0.0,EUR,EUR,1.0,paid,S.Fra /1480 COUNTERPARTY_27660 Ef 12025/09/30,COUNTERPARTY_27660
5ea6b94261478b4809751197a273b519,COMP_0793,invoice,2025-06-26,2025-06-26,2025-07-02 00:00:00,35783.49,0.0,EUR,EUR,1.0,paid,N.Fra TB2025F/240 COUNTERPARTY_47852 Ef 1,COUNTERPARTY_47852
6b8b2729d25879b80e997726242e0bef,COMP_0793,invoice,2025-06-26,2025-06-26,2025-06-26 00:00:00,17900.55,0.0,EUR,EUR,1.0,paid,N.Fra TB2025F/252 COUNTERPARTY_44045 Ef 1,COUNTERPARTY_44045
6dcbe08ac9ca192d5182332a07b8b591,COMP_0793,invoice,2025-05-29,2025-06-28,2025-07-25 00:00:00,76998.35,0.0,EUR,EUR,1.0,paid,N.Fra TB2025F/187 COUNTERPARTY_05961 Ef 1,COUNTERPARTY_05961
7305437538f7429acd79e21cca8f0f7b,COMP_0793,invoice,2025-06-30,2025-07-30,2025-06-30 00:00:00,-1387.79,0.0,EUR,EUR,1.0,paid,S.Fra /626 COUNTERPARTY_33224 Ef [NUM],COUNTERPARTY_35897
937b72cd31a2bf0cbb410240c4879e7c,COMP_0793,invoice,2025-10-24,2025-10-24,2025-10-24 00:00:00,-422.19,0.0,EUR,EUR,1.0,paid,S.Fra /1627 COUNTERPARTY_07783 Ef [NUM],COUNTERPARTY_49066
9a75f5b57810452a9d24bbd5fc2929b7,COMP_0793,invoice,2025-05-28,2025-05-28,2025-05-28 00:00:00,-0.36,0.0,EUR,EUR,1.0,paid,S.Fra /[COMPANY] Ef [REF],COUNTERPARTY_47950
9af7d214b55479b517a9932e76a6bf51,COMP_0793,invoice,2025-10-15,2025-10-15,2025-10-15 00:00:00,-0.73,0.0,EUR,EUR,1.0,paid,S.Fra /[COMPANY] Ef [REF],COUNTERPARTY_47950
b6f2c7a8e1c128def829b45bacb5f9c8,COMP_0793,invoice,2025-09-29,2025-10-20,2025-10-22 00:00:00,17575.25,0.0,EUR,EUR,1.0,paid,N.Fra TB2025F/409 COUNTERPARTY_34957 Ef 1,COUNTERPARTY_34957
e4af02dba877fb1e6788fc2075bec98a,COMP_0793,invoice,2025-10-31,2025-11-30,2025-12-11 00:00:00,-652.99,0.0,EUR,EUR,1.0,paid,S.Fra /1592 COUNTERPARTY_06729 Ef 1FV250720,COUNTERPARTY_06729
e73a9bbdcc931e5fa722bdfe655f22cb,COMP_0793,invoice,2025-07-10,2025-08-09,2025-08-19 00:00:00,1223.94,0.0,EUR,EUR,1.0,paid,N.Fra TB2025F/296 COUNTERPARTY_05961 Ef 1,COUNTERPARTY_05961
ee8144728fee26a910a59d2599232d0b,COMP_0793,invoice,2025-10-28,2025-10-28,2025-10-30 00:00:00,247.86,0.0,EUR,EUR,1.0,paid,N.Fra TB2025F/481 COUNTERPARTY_38868 Ef 1,COUNTERPARTY_38868
01c11a0e328671df1165410ac647f67b,COMP_0793,invoice,2025-08-19,2025-08-19,2026-01-20 00:00:00,1089.36,0.0,EUR,EUR,1.0,paid,N.Fra TB2025F/343 COUNTERPARTY_48298 Ef 1,COUNTERPARTY_48298
0f77ace6e072a8b03f5fd3d7e79462ce,COMP_0793,invoice,2025-08-01,2025-08-01,2025-08-01 00:00:00,-29.04,0.0,EUR,EUR,1.0,paid,S.Fra /955 COUNTERPARTY_06745 Ef [NUM],COUNTERPARTY_06745
1473188177c528c6038d285cc6b8d9f3,COMP_0001,invoice,2025-05-28,2025-06-20,2025-05-28 00:00:00,-53.15,0.0,EUR,EUR,1.0,paid,S.Fra /97 COUNTERPARTY_51086 Ef 1ES51[X],COUNTERPARTY_51086
2e127748a4ab04f023763b436644a615,COMP_0793,invoice,2025-10-27,2025-10-27,2025-12-01 00:00:00,16345.99,0.0,EUR,EUR,1.0,paid,N.Fra TB2025F/458 COUNTERPARTY_49692 Ef 1,COUNTERPARTY_49692
46a06e3f8a6e52a5ba7eb752120b7b26,COMP_0001,invoice,2025-07-24,2025-07-24,2025-07-24 00:00:00,827.63,0.0,EUR,EUR,1.0,paid,N.Fra TB2025F/113 [COMPANY] Ef 1,COUNTERPARTY_03903
55087bba8124aa95a569944028463950,COMP_0001,invoice,2025-08-25,2025-09-24,2025-09-11 00:00:00,-66.63,0.0,EUR,EUR,1.0,paid,S.Fra /174 COUNTERPARTY_35207 Ef 12025/8626,COUNTERPARTY_35207
552331c10d52042353a00565fe6d98ea,COMP_0793,invoice,2025-04-01,2025-04-01,2025-04-01 00:00:00,-123.42,0.0,EUR,EUR,1.0,paid,S.Fra /511 COUNTERPARTY_18906 Ef 12025/3467,COUNTERPARTY_18906
5540f9ffa18aed37576a177883e6ee96,COMP_0793,invoice,2025-08-12,2025-09-11,2025-10-13 00:00:00,-138.4,0.0,EUR,EUR,1.0,paid,S.Fra /1145 COUNTERPARTY_48090 Ef 190325,COUNTERPARTY_48090
56453b4e0562a8d1731d0771d31cd665,COMP_0793,invoice,2025-07-01,2025-07-31,2025-07-01 00:00:00,-809.71,0.0,EUR,EUR,1.0,paid,S.Fra /631 COUNTERPARTY_10795 Ef 11R32827M,COUNTERPARTY_23778
578fa7905b615135eff8e247989c0b34,COMP_0793,invoice,2025-09-29,2025-09-29,2025-10-10 00:00:00,92.78,0.0,EUR,EUR,1.0,paid,N.Fra TB2025F/423 COUNTERPARTY_15482 Ef 1,COUNTERPARTY_15482
5cf345c694bde81b74c95602ab933f46,COMP_0793,invoice,2025-06-01,2025-07-01,2025-07-01 00:00:00,-239.58,0.0,EUR,EUR,1.0,paid,S.Fra /1368 COUNTERPARTY_35858 Ef 114[X]93-0008,COUNTERPARTY_35858
5f8710e3e50acfc6315a707422eee2f2,COMP_0001,invoice,2025-09-25,2025-10-25,2025-09-25 00:00:00,-12.7,0.0,EUR,EUR,1.0,paid,S.Fra /184 COUNTERPARTY_53708 Ef 1F-6828,COUNTERPARTY_53708
7448a80f21476365b3b045dac4be55a0,COMP_0793,invoice,2026-01-15,2026-01-15,2026-01-15 00:00:00,-221.71,0.0,EUR,EUR,1.0,paid,S.Fra /28 [COMPANY] Ef [REF],COUNTERPARTY_21065
7bee93b8009d2bf87c2a9b6c5470efce,COMP_0001,invoice,2025-07-24,2025-07-24,2025-07-24 00:00:00,1858.56,0.0,EUR,EUR,1.0,paid,N.Fra TB2025F/114 [COMPANY] Ef 1,COUNTERPARTY_03903
7ca79f2d9cfb696cbe979cefe1479c19,COMP_0793,invoice,2025-10-27,2025-10-27,2025-11-11 00:00:00,87588.2,0.0,EUR,EUR,1.0,paid,N.Fra TB2025F/466 COUNTERPARTY_48298 Ef 1,COUNTERPARTY_48298
7e3a309040c58d34d3289de77c9c8ac2,COMP_0793,invoice,2025-04-07,2025-06-06,2025-04-07 00:00:00,81.68,0.0,EUR,EUR,1.0,paid,S.Fra /324 COUNTERPARTY_42722 Ef 1AB[NUM],COUNTERPARTY_42722
8ab72241c3c591c1ed6fa2c2d26bb812,COMP_0793,invoice,2026-01-30,2026-01-30,2026-02-18 00:00:00,73492.58,0.0,EUR,EUR,1.0,paid,N.Fra TB2026F/61 COUNTERPARTY_48639 Ef 1,COUNTERPARTY_48639
9d3dba93f9abf20f55601be351b64877,COMP_0793,invoice,2025-09-29,2025-09-29,2025-10-13 00:00:00,-1210.0,0.0,EUR,EUR,1.0,paid,S.Fra /1440 [COMPANY] Ef 1170,COUNTERPARTY_22440
a38c8ce34bf52568cb8a89779977fe4c,COMP_0793,invoice,2025-04-10,2025-05-10,2025-04-10 00:00:00,-184.89,0.0,EUR,EUR,1.0,paid,S.Fra /346 COUNTERPARTY_02692 Ef 125FF100550,COUNTERPARTY_50210
ad674451c848ce159494921858e1f964,COMP_0793,invoice,2025-09-02,2025-10-02,2025-09-02 00:00:00,-81.09,0.0,EUR,EUR,1.0,paid,S.Fra /1165 COUNTERPARTY_33224 Ef [NUM],COUNTERPARTY_35897
b0bf392d0eeeedf879035e7f9c79a1e4,COMP_0793,invoice,2025-05-27,2025-06-26,2025-07-10 00:00:00,-678.56,0.0,EUR,EUR,1.0,paid,S.Fra /470 COUNTERPARTY_48090 Ef 189686,COUNTERPARTY_48090
b6aa3eb14f01d27c14e54531cd06b833,COMP_0001,invoice,2025-05-27,2025-06-20,2025-05-29 00:00:00,-530.1,0.0,EUR,EUR,1.0,paid,S.Fra /95 COUNTERPARTY_29075 Ef [REF],COUNTERPARTY_53772
b76baa50f77a5e918b2498287b78a775,COMP_0793,invoice,2025-11-26,2025-12-26,2025-12-11 00:00:00,360.19,0.0,EUR,EUR,1.0,paid,N.Fra TB2025F/532 COUNTERPARTY_49557 Ef 1,COUNTERPARTY_49557
bd506b7683584d7e7a55a1fabfdd1b59,COMP_0001,invoice,2025-08-17,2025-08-16,2025-10-14 00:00:00,3932.5,0.0,EUR,EUR,1.0,paid,N.Fra TB2025F/145 [COMPANY] Ef 1,COUNTERPARTY_03903
c3f7697717579beb4e866fdece24fc9c,COMP_0793,invoice,2026-04-30,2026-04-30,2026-05-01 00:00:00,-89.7,0.0,EUR,EUR,1.0,paid,S.Fra /[COMPANY] Ef [NUM],COUNTERPARTY_43184
d5ad8f05ff3a09691204d641b348138d,COMP_0793,invoice,2026-01-27,2026-01-27,2026-01-29 00:00:00,553.41,0.0,EUR,EUR,1.0,paid,N.Fra TB2026F/35 COUNTERPARTY_33572 Ef 1,COUNTERPARTY_33572
db57317af075062312f3f64d9e0ea1ee,COMP_0793,invoice,2025-07-24,2025-07-24,2025-07-24 00:00:00,-7022.33,0.0,EUR,EUR,1.0,paid,S.Fra /848 [COMPANY] Ef 196,COUNTERPARTY_22440
e57b5d63b5938adfb257e8f4b2bd40f1,COMP_0001,invoice,2025-09-29,2025-09-29,2025-10-14 00:00:00,5082.0,0.0,EUR,EUR,1.0,paid,N.Fra TB2025F/156 [COMPANY] Ef 1,COUNTERPARTY_03903
f04be7b8aa4702e8772ae7808c4ceb30,COMP_0793,invoice,2026-01-30,2026-01-30,2026-02-18 00:00:00,15461.62,0.0,EUR,EUR,1.0,paid,N.Fra TB2026F/62 COUNTERPARTY_48639 Ef 1,COUNTERPARTY_48639
f8364c31578f073eeecce88930346ee9,COMP_0001,invoice,2025-06-20,2025-06-20,2025-06-23 00:00:00,-26.77,0.0,EUR,EUR,1.0,paid,S.Fra /134 COUNTERPARTY_01678 Ef 1ES5[X],COUNTERPARTY_48241
fbce6ca737d8404cf2470cce7eb10821,COMP_0793,invoice,2025-06-27,2025-06-27,2025-07-10 00:00:00,-15730.0,0.0,EUR,EUR,1.0,paid,S.Fra /625 [COMPANY] Ef 171,COUNTERPARTY_22440
02ea90ac65d7f19f7e0a2bcb91414e32,COMP_0793,invoice,2025-08-31,2025-09-30,2025-10-13 00:00:00,-168.8,0.0,EUR,EUR,1.0,paid,S.Fra /1126 COUNTERPARTY_53835 Ef 1025/7492,COUNTERPARTY_53835
0550999d98fb6553efe3f872e06bc8a6,COMP_0793,invoice,2025-06-19,2025-06-19,2025-07-15 00:00:00,15661.13,0.0,EUR,EUR,1.0,paid,N.Fra TB2025F/223 COUNTERPARTY_48639 Ef 1,COUNTERPARTY_48639
0b276a9265f129af2c9067be2d85c94f,COMP_0793,invoice,2025-05-30,2025-06-29,2025-06-19 00:00:00,-257.49,0.0,EUR,EUR,1.0,paid,S.Fra /512 COUNTERPARTY_18583 Ef [NUM],COUNTERPARTY_18583
0eff4b00f04366ded146b42e010e9bd2,COMP_0793,invoice,2025-10-22,2025-10-22,2025-11-07 00:00:00,-5445.0,0.0,EUR,EUR,1.0,paid,S.Fra /1554 [COMPANY] Ef 1190,COUNTERPARTY_22440
147cb2de828ce4e50ac2420ca781d290,COMP_0793,invoice,2024-12-26,2024-12-26,2024-12-26 00:00:00,120.14,0.0,EUR,EUR,1.0,paid,N.Fra TB2024F/75 COUNTERPARTY_15358 Ef 1,COUNTERPARTY_15358
156623bce54c1c2ca5b77766746fc7c3,COMP_0001,invoice,2025-07-24,2025-07-24,2025-07-24 00:00:00,4598.0,0.0,EUR,EUR,1.0,paid,N.Fra TB2025F/126 [COMPANY] Ef 1,COUNTERPARTY_03903
1a6362bd221cf2b44499ac283fb019bc,COMP_0793,invoice,2025-06-25,2025-06-25,2025-07-24 00:00:00,239.93,0.0,EUR,EUR,1.0,paid,N.Fra TB2025F/231 COUNTERPARTY_06113 Ef 1,COUNTERPARTY_06113
2220fa5f0dc5217fd57f30484a4cccfb,COMP_0793,invoice,2025-05-29,2025-05-29,2025-08-11 00:00:00,152.81,0.0,EUR,EUR,1.0,paid,N.Fra TB2025F/201 COUNTERPARTY_04788 Ef 1,COUNTERPARTY_04788
28da69dc9aef654a73dffa8baaef88ed,COMP_0001,invoice,2025-08-31,2025-08-31,2025-08-31 00:00:00,-93.53,0.0,EUR,EUR,1.0,paid,S.Fra /177 COUNTERPARTY_51811 Ef 1C[NUM]-0825,COUNTERPARTY_51811
2ac98554e0e0ca5ec592519257c008a2,COMP_0793,invoice,2025-06-12,2025-08-11,2025-06-12 00:00:00,-136.05,0.0,EUR,EUR,1.0,paid,S.Fra /597 COUNTERPARTY_42722 Ef 1F[NUM],COUNTERPARTY_42722
2b2b47c6ab1c860d129d940b9cf5840e,COMP_0793,invoice,2025-11-30,2025-12-30,2026-01-12 00:00:00,-221.43,0.0,EUR,EUR,1.0,paid,S.Fra /1955 COUNTERPARTY_27660 Ef 125662,COUNTERPARTY_27660
2d1892c3d02ecf8d0774bbdc15600613,COMP_0001,invoice,2025-06-05,2025-06-05,2025-06-09 00:00:00,152.46,0.0,EUR,EUR,1.0,paid,N.Fra TB2025F/58 [COMPANY] Ef 1,COUNTERPARTY_03903
42df92267923db085f72725b2823452a,COMP_0793,invoice,2025-06-10,2025-06-10,2025-07-10 00:00:00,-145.19,0.0,EUR,EUR,1.0,paid,S.Fra /648 [COMPANY] Ef 162,COUNTERPARTY_22440
4bee98076ed8d59447c71bc752f863f4,COMP_0793,invoice,2025-06-12,2025-07-12,2025-08-11 00:00:00,-511.83,0.0,EUR,EUR,1.0,paid,S.Fra /596 COUNTERPARTY_53905 Ef 145.558,COUNTERPARTY_53905
597088465a6f8b753fa9c532675529a8,COMP_0793,invoice,2025-06-25,2025-06-25,2025-07-10 00:00:00,-887.05,0.0,EUR,EUR,1.0,paid,S.Fra /669 COUNTERPARTY_33161 Ef 1S25/2914,COUNTERPARTY_47731
71b93ddb199bd621a35f002be997256b,COMP_0793,invoice,2026-01-27,2026-02-26,2026-02-11 00:00:00,315.17,0.0,EUR,EUR,1.0,paid,N.Fra TB2026F/23 COUNTERPARTY_49557 Ef 1,COUNTERPARTY_49557
74928c2d3495a1863bb04a1c5a6a1c36,COMP_0793,invoice,2026-01-02,2026-01-02,2026-01-02 00:00:00,-256.52,0.0,EUR,EUR,1.0,paid,S.Fra /84 COUNTERPARTY_18906 Ef 1[X]/2026/01368,COUNTERPARTY_18906
809f754f8ee3ab4a53138fec592f5649,COMP_0793,invoice,2025-07-28,2025-07-28,2025-08-11 00:00:00,-1726.55,0.0,EUR,EUR,1.0,paid,S.Fra /912 COUNTERPARTY_33161 Ef 1S25/3883,COUNTERPARTY_47731
a786f9600bc24148609274bdd0cce898,COMP_0793,invoice,2025-09-30,2025-10-30,2025-11-07 00:00:00,-200.86,0.0,EUR,EUR,1.0,paid,S.Fra /1420 COUNTERPARTY_48090 Ef 190723,COUNTERPARTY_48090
ad245a036c74df8919b82893ef37e814,COMP_0001,invoice,2025-05-28,2025-06-20,2025-05-28 00:00:00,-53.15,0.0,EUR,EUR,1.0,paid,S.Fra /99 COUNTERPARTY_51086 Ef 1ES51[X]0AEUI,COUNTERPARTY_51086
b4a84f46c42f395f029c31492246f63e,COMP_0001,invoice,2025-05-22,2025-06-20,2025-05-26 00:00:00,-65.5,0.0,EUR,EUR,1.0,paid,S.Fra /91 COUNTERPARTY_51086 Ef 1ES51[X],COUNTERPARTY_51086
b80326d353f7aec951d4d8d36cc6d676,COMP_0793,invoice,2025-06-18,2025-06-18,2025-07-10 00:00:00,-1758.13,0.0,EUR,EUR,1.0,paid,S.Fra /546 COUNTERPARTY_42909. Ef 125/1172,COUNTERPARTY_42909
bbed92399c696c900810eac8561d794f,COMP_0793,invoice,2026-02-08,2026-03-10,2026-02-10 00:00:00,-30.0,0.0,EUR,EUR,1.0,paid,S.Fra /340 COUNTERPARTY_07226 Ef 1ES68KA1ABEI,COUNTERPARTY_18040
d39271f40b3181d62e5395adb88d2ed5,COMP_0793,invoice,2025-12-15,2025-12-15,2026-01-12 00:00:00,-57.48,0.0,EUR,EUR,1.0,paid,S.Fra /1979 COUNTERPARTY_42909. Ef 125/3062,COUNTERPARTY_42909
e1cae81d4e3a1e5fda3b7d73ee401ba1,COMP_0793,invoice,2025-12-25,2025-12-25,2025-12-25 00:00:00,-216.02,0.0,EUR,EUR,1.0,paid,S.Fra /2089 COUNTERPARTY_27278 Ef 12025/035431,COUNTERPARTY_27278
e22b20011c348e0f874705c9bdbc51b8,COMP_0793,invoice,2025-05-29,2025-05-29,2025-06-03 00:00:00,145.49,0.0,EUR,EUR,1.0,paid,N.Fra TB2025F/190 COUNTERPARTY_15358 Ef 1,COUNTERPARTY_15358
e25d2956abc573879bdd253a61c8d78c,COMP_0793,invoice,2025-04-29,2025-04-29,2025-05-16 00:00:00,24281.03,0.0,EUR,EUR,1.0,paid,N.Fra TB2025F/139 COUNTERPARTY_47852 Ef 1,COUNTERPARTY_47852
052f714ba40a35ab9cdc3615c74e2c23,COMP_0793,invoice,2025-06-02,2025-07-02,2025-06-23 00:00:00,-110.79,0.0,EUR,EUR,1.0,paid,S.Fra /517 COUNTERPARTY_18583 Ef [NUM],COUNTERPARTY_18583
0dafb8955c41c9c267b29c9dbd56bb40,COMP_0001,invoice,2025-06-27,2025-06-27,2025-07-11 00:00:00,1815.0,0.0,EUR,EUR,1.0,paid,N.Fra TB2025F/69 [COMPANY] Ef 1,COUNTERPARTY_03903
16fede8fa10d1aba67fb82e2901f1b32,COMP_0793,invoice,2025-10-10,2025-10-10,2025-12-23 00:00:00,-23.72,0.0,EUR,EUR,1.0,paid,S.Fra /1677 COUNTERPARTY_07277. Ef 12025/1265,COUNTERPARTY_07277
1fe113bf393e5bccff43402736154357,COMP_0793,invoice,2025-06-16,2025-08-15,2025-06-16 00:00:00,-266.81,0.0,EUR,EUR,1.0,paid,S.Fra /604 COUNTERPARTY_42722 Ef 1F[NUM],COUNTERPARTY_42722
51de0f4e73b83cffeddb7a5a640f2799,COMP_0793,invoice,2026-01-13,2026-01-13,2026-01-13 00:00:00,-23.9,0.0,EUR,EUR,1.0,paid,S.Fra /98 COUNTERPARTY_00061 Ef [REF],COUNTERPARTY_22769
52a4d759f157f4834cf52a3cbe9dfd9f,COMP_0793,invoice,2025-09-28,2025-10-28,2025-10-14 00:00:00,18860.66,0.0,EUR,EUR,1.0,paid,N.Fra TB2025F/399 COUNTERPARTY_49557 Ef 1,COUNTERPARTY_49557
54c4c5b5e420cd536ddf97aba349cfad,COMP_0793,invoice,2025-05-22,2025-05-22,2025-05-22 00:00:00,9000.0,0.0,EUR,EUR,1.0,paid,N.Fra TB2025F/176 COUNTERPARTY_20173 Ef 1,COUNTERPARTY_48413
6d063c228f5551881a7bfc31d9ee0ef1,COMP_0793,invoice,2025-10-08,2025-10-08,2025-11-07 00:00:00,-224.0,0.0,EUR,EUR,1.0,paid,S.Fra /1669 COUNTERPARTY_54170 Ef 1X-[NUM],COUNTERPARTY_54170
6eacf41490a77c296dd8139235ef4e9b,COMP_0793,invoice,2025-06-25,2025-07-25,2025-08-11 00:00:00,-670.97,0.0,EUR,EUR,1.0,paid,S.Fra /618 COUNTERPARTY_48090 Ef 189941,COUNTERPARTY_48090
762de3fd8b5a0e14deda105c3d673c93,COMP_0793,invoice,2025-05-29,2025-05-29,2025-06-02 00:00:00,774.0,0.0,EUR,EUR,1.0,paid,N.Fra TB2025F/202 COUNTERPARTY_04351 Ef 1,COUNTERPARTY_04351
88aa7aef951ec4b3901b3524d69b738a,COMP_0001,invoice,2025-06-02,2025-06-02,2025-06-03 00:00:00,-125.6,0.0,EUR,EUR,1.0,paid,S.Fra /106 COUNTERPARTY_01678 Ef 1ES51J2[X],COUNTERPARTY_48241
ce9453f6968e822eb23f2394a450680c,COMP_0001,invoice,2025-07-24,2025-07-24,2025-07-24 00:00:00,1506.11,0.0,EUR,EUR,1.0,paid,N.Fra TB2025F/99 [COMPANY] Ef 1,COUNTERPARTY_03903
d3bfd2c5713bb3b793a5d5599f9630a9,COMP_0001,invoice,2025-07-24,2025-07-24,2025-07-24 00:00:00,253.14,0.0,EUR,EUR,1.0,paid,N.Fra TB2025F/94 [COMPANY] Ef 1,COUNTERPARTY_03903
d5850ef4fecdf3d1ec7f0fe540deb591,COMP_0793,invoice,2025-09-04,2025-09-04,2025-09-04 00:00:00,1173.55,0.0,EUR,EUR,1.0,paid,S.Fra /1202 COUNTERPARTY_07783 Ef [NUM],COUNTERPARTY_49066
d613d88b328c5dde7bf81db17979faab,COMP_0793,invoice,2025-12-29,2026-02-27,2026-01-01 00:00:00,-3238.29,0.0,EUR,EUR,1.0,paid,S.Fra /56 COUNTERPARTY_20173 Ef 12456,COUNTERPARTY_20173
dd26e05f33aca6b1c4ec95e9ecdd5e94,COMP_0793,invoice,2025-12-18,2025-12-18,2026-01-08 00:00:00,29801.03,0.0,EUR,EUR,1.0,paid,N.Fra TB2025F/583 COUNTERPARTY_48639 Ef 1,COUNTERPARTY_48639
df424fe15c70e76d0a0f6829e46d0bc3,COMP_0793,invoice,2025-06-10,2025-07-10,2025-06-10 00:00:00,-69.97,0.0,EUR,EUR,1.0,paid,S.Fra /[COMPANY] Ef [NUM],COUNTERPARTY_43184
0864ce03446f8b7525dffedc908e20c3,COMP_0793,invoice,2025-04-30,2025-04-30,2025-05-20 00:00:00,272.25,0.0,EUR,EUR,1.0,paid,N.Fra TB2025F/157 COUNTERPARTY_42157 Ef 1,COUNTERPARTY_42157
0de36390594f6e87d179522145733a9a,COMP_0793,invoice,2025-09-29,2025-09-29,2025-09-30 00:00:00,51.49,0.0,EUR,EUR,1.0,paid,N.Fra TB2025F/425 COUNTERPARTY_15425 Ef 1,COUNTERPARTY_15425
0e0e79ed01172c1b2e1421d1f2d59bff,COMP_0793,invoice,2025-09-05,2025-10-05,2025-09-25 00:00:00,-789.49,0.0,EUR,EUR,1.0,paid,S.Fra /1265 COUNTERPARTY_18583 Ef [NUM],COUNTERPARTY_18583
18fccd1bf47b789e0a4ef8c356a3f048,COMP_0793,invoice,2025-04-30,2025-04-30,2025-04-30 00:00:00,-0.36,0.0,EUR,EUR,1.0,paid,S.Fra /[COMPANY] Ef 1FZ025119,COUNTERPARTY_47950
1e0cccde57d5e965326f78ecac803708,COMP_0793,invoice,2025-09-06,2025-09-06,2025-09-06 00:00:00,-142.88,0.0,EUR,EUR,1.0,paid,S.Fra /1222 COUNTERPARTY_23799. Ef 150922,COUNTERPARTY_28032
376528ba73cce313a26b8a68ac8f50ae,COMP_0793,invoice,2025-08-15,2025-09-14,2025-10-13 00:00:00,-474.15,0.0,EUR,EUR,1.0,paid,S.Fra /1237 COUNTERPARTY_48443 Ef [NUM],COUNTERPARTY_48443
3a8dd54bac0e141bfed75faa3f6e3e68,COMP_0001,invoice,2025-07-24,2025-07-24,2025-07-24 00:00:00,363.0,0.0,EUR,EUR,1.0,paid,N.Fra TB2025F/104 [COMPANY] Ef 1,COUNTERPARTY_03903
3b0ce9cb88585d7fde20c0875ee81b29,COMP_0793,invoice,2025-04-15,2025-04-15,2025-04-15 00:00:00,-6.53,0.0,EUR,EUR,1.0,paid,S.Fra /[COMPANY] Ef 1F[NUM],COUNTERPARTY_47950
3e42efde28d0496a4b86f2ec54832cea,COMP_0793,invoice,2025-07-17,2025-07-17,2025-08-11 00:00:00,-1517.78,0.0,EUR,EUR,1.0,paid,S.Fra /821 COUNTERPARTY_33161 Ef 1S25/3563,COUNTERPARTY_47731
501b15820ff472707e15848b54015bff,COMP_0793,invoice,2025-07-28,2025-07-28,2025-07-30 00:00:00,13649.63,0.0,EUR,EUR,1.0,paid,N.Fra TB2025F/310 COUNTERPARTY_47852 Ef 1,COUNTERPARTY_47852
533cad5270cc643c120f2557fdeac95c,COMP_0793,invoice,2025-10-07,2025-10-07,2025-10-07 00:00:00,-20.33,0.0,EUR,EUR,1.0,paid,S.Fra /[COMPANY] Ef [REF],COUNTERPARTY_47950
5cf9623b9f96756eda0152d5ec59fc2f,COMP_0793,invoice,2025-11-28,2025-12-28,2025-12-30 00:00:00,-77.84,0.0,EUR,EUR,1.0,paid,S.Fra /1885 COUNTERPARTY_23748 Ef 1FV[NUM],COUNTERPARTY_23748
5def41fa569497c19dd9df99bbadac72,COMP_0793,invoice,2025-11-29,2025-12-29,2026-02-10 00:00:00,-824.68,0.0,EUR,EUR,1.0,paid,S.Fra /1888 COUNTERPARTY_54378 Ef 1TB-2025-F25,COUNTERPARTY_54378
764e7261e7e927c3ede3dfaad38a51d1,COMP_0793,invoice,2026-02-19,2026-03-21,2026-02-19 00:00:00,-615.6,0.0,EUR,EUR,1.0,paid,S.Fra /326 COUNTERPARTY_47799 Ef [NUM],COUNTERPARTY_47799
8779513fa0fbe71b9c36f795c9029627,COMP_0001,invoice,2025-09-29,2025-09-29,2025-10-07 00:00:00,-7260.01,0.0,EUR,EUR,1.0,paid,S.Fra /187 COUNTERPARTY_08037 Ef 116,COUNTERPARTY_08037
8e1bc3eac0d59476dec5bdfcb25824e7,COMP_0793,invoice,2025-09-30,2025-11-29,2025-09-30 00:00:00,65.34,0.0,EUR,EUR,1.0,paid,S.Fra /1416 COUNTERPARTY_42722 Ef 1AB[NUM],COUNTERPARTY_42722
93d4e8f19d9965d106912ffd722937e0,COMP_0793,invoice,2025-06-19,2025-06-19,2025-07-15 00:00:00,4339.23,0.0,EUR,EUR,1.0,paid,N.Fra TB2025F/224 COUNTERPARTY_48639 Ef 1,COUNTERPARTY_48639
9d918438797b389a103a054281a84d6d,COMP_0793,invoice,2026-01-08,2026-01-08,2026-01-08 00:00:00,-74.4,0.0,EUR,EUR,1.0,paid,S.Fra /90 COUNTERPARTY_01639 Ef [NUM],COUNTERPARTY_11626
ac7e611a9c5cc84a65773dccef3f2073,COMP_0793,invoice,2025-10-29,2025-10-29,2025-10-29 00:00:00,-0.36,0.0,EUR,EUR,1.0,paid,S.Fra /[COMPANY] Ef [REF],COUNTERPARTY_47950
b8fac28da193b6b395696ec27929f758,COMP_0001,invoice,2025-12-15,2026-01-14,2025-12-23 00:00:00,-1237.14,0.0,EUR,EUR,1.0,paid,S.Fra /[COMPANY] Ef 1CI[NUM],COUNTERPARTY_28286
c1223d05c0173c3f6887eb8fd8b9ac2c,COMP_0793,invoice,2025-05-01,2025-05-01,2025-05-01 00:00:00,-36.3,0.0,EUR,EUR,1.0,paid,S.Fra /411 COUNTERPARTY_06745 Ef [NUM],COUNTERPARTY_06745
c3e13836906084bd0b71e1f4c9b660a0,COMP_0793,invoice,2025-10-31,2025-10-31,2025-11-27 00:00:00,27182.53,0.0,EUR,EUR,1.0,paid,N.Fra TB2025F/498 COUNTERPARTY_48639 Ef 1,COUNTERPARTY_48639
c67acd2d8cef3b5f773b421eeaa1dfff,COMP_0793,invoice,2025-06-18,2025-07-18,2025-06-18 00:00:00,-1131.35,0.0,EUR,EUR,1.0,paid,S.Fra /661 COUNTERPARTY_50051. Ef 1S01/10148,COUNTERPARTY_50051
ca3fedbee0e4660478f9f9febfce9544,COMP_0793,invoice,2025-06-10,2025-07-10,2025-06-10 00:00:00,-24.99,0.0,EUR,EUR,1.0,paid,S.Fra /[COMPANY] Ef [NUM],COUNTERPARTY_43184
cfc2ea0c191e5fdf4b42f87c82409145,COMP_0793,invoice,2025-12-31,2025-12-31,2026-01-26 00:00:00,254.56,0.0,EUR,EUR,1.0,paid,N.Fra TB2025F/617 COUNTERPARTY_15358 Ef 1,COUNTERPARTY_15358
ef2db51b45256327f8450141390aafc1,COMP_0793,invoice,2025-10-01,2025-10-01,2025-10-13 00:00:00,-222.64,0.0,EUR,EUR,1.0,paid,S.Fra /1457 COUNTERPARTY_07284 Ef 12.831,COUNTERPARTY_07284
f20b68295bf1732620bae783be4e307e,COMP_0001,invoice,2025-06-27,2025-06-27,2025-07-11 00:00:00,2420.0,0.0,EUR,EUR,1.0,paid,N.Fra TB2025F/75 [COMPANY] Ef 1,COUNTERPARTY_03903
f62fae0872d0e4b629dae2b73aad5abc,COMP_0793,invoice,2025-06-26,2025-06-26,2025-06-26 00:00:00,-42.11,0.0,EUR,EUR,1.0,paid,S.Fra /622 COUNTERPARTY_01639 Ef [NUM],COUNTERPARTY_11626
f6334208eda7086eccdf6a86f8119f10,COMP_0793,invoice,2025-11-18,2025-12-18,2026-01-12 00:00:00,-157.83,0.0,EUR,EUR,1.0,paid,S.Fra /1867 COUNTERPARTY_48090 Ef 191026,COUNTERPARTY_48090
f7416847af5756390c043de618b27ea1,COMP_0793,invoice,2025-08-22,2025-08-22,2025-08-22 00:00:00,-635.59,0.0,EUR,EUR,1.0,paid,S.Fra /1191 COUNTERPARTY_07783 Ef [NUM],COUNTERPARTY_49066
048bad33119727b6d66706d72760d2d8,COMP_0793,invoice,2025-08-29,2025-09-28,2025-09-18 00:00:00,-46089.07,0.0,EUR,EUR,1.0,paid,S.Fra /1244 COUNTERPARTY_18583 Ef [NUM],COUNTERPARTY_18583
14f3792ca833eda43d2c3fc36f2968ce,COMP_0001,invoice,2025-11-22,2025-12-22,2025-11-28 00:00:00,-194.11,0.0,EUR,EUR,1.0,paid,S.Fra /[COMPANY] Ef 1ZB25-[NUM],COUNTERPARTY_28286
19feb4f9f931dd2a2a74a4fa6ceee083,COMP_0793,invoice,2025-10-27,2025-10-27,2025-11-04 00:00:00,34552.05,0.0,EUR,EUR,1.0,paid,N.Fra TB2025F/455 COUNTERPARTY_47852 Ef 1,COUNTERPARTY_47852
1b181f2767d75e4ad323dedf0082fc5e,COMP_0793,invoice,2024-12-26,2024-12-26,2025-01-06 00:00:00,-999.38,0.0,EUR,EUR,1.0,paid,S.Fra /203 [COMPANY] Ef 18,COUNTERPARTY_22440
1eb4b9c5d73132a076a7186d2ae2e740,COMP_0793,invoice,2025-07-21,2025-07-21,2025-08-11 00:00:00,-169.6,0.0,EUR,EUR,1.0,paid,S.Fra /961 COUNTERPARTY_54547 Ef 1F/2025/7,COUNTERPARTY_54547
27821a7675cdf2eb73de6f55cf808926,COMP_0793,invoice,2025-06-26,2025-06-26,2025-07-07 00:00:00,1784.67,0.0,EUR,EUR,1.0,paid,N.Fra TB2025F/265 COUNTERPARTY_03512 Ef 1,COUNTERPARTY_03512
2eacb77a696f71f7316441f5c446cdae,COMP_0793,invoice,2025-11-28,2025-11-28,2025-12-11 00:00:00,-968.0,0.0,EUR,EUR,1.0,paid,S.Fra /1770 COUNTERPARTY_49814 Ef 1120/2025,COUNTERPARTY_49814
3794db6a47bb2939056649b7917c1af0,COMP_0793,invoice,2026-01-26,2026-01-26,2026-03-02 00:00:00,9999.99,0.0,EUR,EUR,1.0,paid,N.Fra TB2026F/4 COUNTERPARTY_20173 Ef 1,COUNTERPARTY_48413
42b033ca5b7b769b68296188942efa37,COMP_0793,invoice,2025-12-31,2025-12-31,2026-01-12 00:00:00,330.02,0.0,EUR,EUR,1.0,paid,N.Fra TB2025F/633 COUNTERPARTY_42157 Ef 1,COUNTERPARTY_42157
48f0a5c770397cdcb654a2a6cecb6aa8,COMP_0793,invoice,2025-11-10,2025-12-10,2025-11-10 00:00:00,-105.96,0.0,EUR,EUR,1.0,paid,S.Fra /1901 COUNTERPARTY_47799 Ef [NUM],COUNTERPARTY_47799
4a8f8610e715af1c3eb1cfcfb50a984b,COMP_0793,invoice,2025-06-30,2025-06-30,2025-07-01 00:00:00,-122.46,0.0,EUR,EUR,1.0,paid,S.Fra /1171 COUNTERPARTY_10802 Ef [NUM],COUNTERPARTY_10802
4e8f9a377d2e33d95b623acf0430f33a,COMP_0793,invoice,2025-08-17,2025-08-17,2025-09-10 00:00:00,-14520.0,0.0,EUR,EUR,1.0,paid,S.Fra /1181 [COMPANY] Ef 1148,COUNTERPARTY_22440
4f9ebeeb8fd573adab069345b65844bd,COMP_0793,invoice,2025-10-01,2025-10-01,2025-11-01 00:00:00,-23.78,0.0,EUR,EUR,1.0,paid,S.Fra /1854 COUNTERPARTY_54585 Ef [NUM],COUNTERPARTY_54585
719cf714ac246fd9aed3efdc462b0f91,COMP_0793,invoice,2026-01-20,2026-02-19,2026-02-10 00:00:00,-135.33,0.0,EUR,EUR,1.0,paid,S.Fra /106 COUNTERPARTY_48575 Ef [NUM],COUNTERPARTY_48575
815e322649fa41b58b75956cea78615e,COMP_0793,invoice,2025-07-04,2025-07-04,2025-07-04 00:00:00,-70.78,0.0,EUR,EUR,1.0,paid,S.Fra /762 COUNTERPARTY_18906 Ef 12025/5810,COUNTERPARTY_18906
83e40ead3e8108454b351f4046689e3e,COMP_0793,invoice,2025-10-09,2025-10-09,2025-10-09 00:00:00,-9.8,0.0,EUR,EUR,1.0,paid,S.Fra /[COMPANY] Ef [REF],COUNTERPARTY_47950
8b82424dda069ad843867772f662e692,COMP_0001,invoice,2025-04-30,2025-04-30,2025-05-07 00:00:00,1815.0,0.0,EUR,EUR,1.0,paid,N.Fra TB2025F/38 [COMPANY] Ef 1,COUNTERPARTY_03903
9cbba47d9e49dd884d9ca302331b4252,COMP_0793,invoice,2025-11-25,2025-11-25,2025-11-28 00:00:00,742.44,0.0,EUR,EUR,1.0,paid,N.Fra TB2025F/517 COUNTERPARTY_47852 Ef 1,COUNTERPARTY_47852
bcbd52dfa1e8c615463357951665e1ea,COMP_0793,invoice,2026-02-23,2026-03-25,2026-02-23 00:00:00,114.74,0.0,EUR,EUR,1.0,paid,N.Fra TB2026F/80 COUNTERPARTY_54687 Ef 1,COUNTERPARTY_54687
c78208760f07126c153aadb5e919d8c6,COMP_0793,invoice,2025-06-30,2025-06-30,2025-06-30 00:00:00,-907.5,0.0,EUR,EUR,1.0,paid,S.Fra /569 COUNTERPARTY_10819 Ef [REF],COUNTERPARTY_10819
db6aaf4d7e571945f7461ea884bd87d8,COMP_0001,invoice,2026-02-04,2026-02-04,2026-02-04 00:00:00,-512.12,0.0,EUR,EUR,1.0,paid,S.Fra /14 COUNTERPARTY_53300 Ef 10SW/[NUM],COUNTERPARTY_54710
1533da5db97bcff5561928fdc3427a9c,COMP_0793,invoice,2025-10-31,2025-10-31,2025-11-27 00:00:00,18504.07,0.0,EUR,EUR,1.0,paid,N.Fra TB2025F/500 COUNTERPARTY_48639 Ef 1,COUNTERPARTY_48639
2ab1900892a0ddc8a953ff810e73783f,COMP_0793,invoice,2025-06-27,2025-06-27,2025-06-27 00:00:00,-2420.0,0.0,EUR,EUR,1.0,paid,S.Fra /678 [COMPANY] Ef 176,COUNTERPARTY_22440
42e8d51471d679ca4a94a02eda222aa6,COMP_0001,invoice,2025-06-23,2025-07-23,2025-06-23 00:00:00,-149.46,0.0,EUR,EUR,1.0,paid,S.Fra /136 COUNTERPARTY_01023 Ef [REF],COUNTERPARTY_49480
4613e7c1b30b7caebe95b66da6304352,COMP_0793,invoice,2025-07-29,2025-08-28,2025-07-29 00:00:00,-116.16,0.0,EUR,EUR,1.0,paid,S.Fra /974 COUNTERPARTY_47799 Ef [NUM],COUNTERPARTY_47799
4b23ab909b2cc6c6a55bb0cf9325c935,COMP_0793,invoice,2025-07-08,2025-09-06,2025-07-08 00:00:00,-654.9,0.0,EUR,EUR,1.0,paid,S.Fra /799 COUNTERPARTY_42722 Ef 1F[NUM],COUNTERPARTY_42722
6c065ad02cbd7b424d94a832ba59efd4,COMP_0793,invoice,2025-06-10,2025-06-10,2025-07-10 00:00:00,-290.38,0.0,EUR,EUR,1.0,paid,S.Fra /654 [COMPANY] Ef 165,COUNTERPARTY_22440
89e8bc9d69450cf4ab7e1657f661919a,COMP_0793,invoice,2025-06-26,2025-07-26,2025-07-14 00:00:00,32800.06,0.0,EUR,EUR,1.0,paid,N.Fra TB2025F/243 COUNTERPARTY_49557 Ef 1,COUNTERPARTY_49557
8b632c1c95a25a4769fabbf1d3c84599,COMP_0793,invoice,2025-11-27,2025-11-27,2025-11-27 00:00:00,352.35,0.0,EUR,EUR,1.0,paid,N.Fra TB2025F/552 COUNTERPARTY_06305 Ef 1,COUNTERPARTY_06305
a63d002170df775163a60607c7b80068,COMP_0001,invoice,2026-01-30,2026-03-01,2026-02-06 00:00:00,-7260.0,0.0,EUR,EUR,1.0,paid,S.Fra /7 COUNTERPARTY_26899 Ef 11,COUNTERPARTY_26899
a9d3a0338d12cc86efe42f23c29b4447,COMP_0793,invoice,2025-09-30,2025-09-30,2025-11-01 00:00:00,-24.93,0.0,EUR,EUR,1.0,paid,S.Fra /1967 COUNTERPARTY_10802 Ef 11991,COUNTERPARTY_10802
ba5b6732d263ed6d5ee5f56d6a17fff4,COMP_0793,invoice,2025-12-22,2025-12-22,2026-01-12 00:00:00,-750.32,0.0,EUR,EUR,1.0,paid,S.Fra /1988 COUNTERPARTY_42909. Ef 125/3157,COUNTERPARTY_42909
c18f5f482b6cb812d1ce7b22bb9041d0,COMP_0793,invoice,2025-06-26,2025-06-26,2025-07-14 00:00:00,9560.51,0.0,EUR,EUR,1.0,paid,N.Fra TB2025F/249 COUNTERPARTY_26460 Ef 1,COUNTERPARTY_26460
cc33bc5658aa6d4b108d776ec73660d8,COMP_0001,invoice,2025-10-22,2025-10-22,2025-11-10 00:00:00,7260.0,0.0,EUR,EUR,1.0,paid,N.Fra TB2025F/184 [COMPANY] Ef 1,COUNTERPARTY_03903
cfcb61ab20e06c1b1d2e8048b0c86cf8,COMP_0793,invoice,2025-08-24,2025-09-23,2025-09-18 00:00:00,17987.59,0.0,EUR,EUR,1.0,paid,N.Fra TB2025F/366 COUNTERPARTY_54687 Ef 1,COUNTERPARTY_54687
d24a8c2246a8f93afec159dbfc671f73,COMP_0793,invoice,2025-06-03,2025-07-03,2025-06-03 00:00:00,-337.8,0.0,EUR,EUR,1.0,paid,S.Fra /497 COUNTERPARTY_51962 Ef 1N001093/2025,COUNTERPARTY_51962
d350985e562e2a94673c12abdc711b81,COMP_0793,invoice,2025-10-28,2025-10-28,2025-10-28 00:00:00,728.61,0.0,EUR,EUR,1.0,paid,N.Fra TB2025F/483 COUNTERPARTY_04351 Ef 1,COUNTERPARTY_04351
dc7a58a3fb7fca1ebe30fd16d253dbf4,COMP_0793,invoice,2025-10-28,2025-10-28,2025-12-17 00:00:00,204.36,0.0,EUR,EUR,1.0,paid,N.Fra TB2025F/471 COUNTERPARTY_15358 Ef 1,COUNTERPARTY_15358
e2167fd0c811797b716cd719e740414f,COMP_0793,invoice,2025-06-10,2025-07-10,2025-06-10 00:00:00,-189.98,0.0,EUR,EUR,1.0,paid,S.Fra /[COMPANY] Ef [NUM],COUNTERPARTY_43184
e5795ddc4cb99524458dc3d91ad53465,COMP_0793,invoice,2025-04-10,2025-05-10,2025-04-10 00:00:00,-184.89,0.0,EUR,EUR,1.0,paid,S.Fra /342 COUNTERPARTY_02692 Ef 125FF100546,COUNTERPARTY_50210
f02b3cbf5c011784aa64cdaa20282c49,COMP_0793,invoice,2025-07-03,2025-07-03,2025-07-03 00:00:00,3098.66,0.0,EUR,EUR,1.0,paid,N.Fra TB2025F/291 COUNTERPARTY_49391 Ef 1,COUNTERPARTY_49391
f38dea3b08ad6acd3c2a6699fd20cb3b,COMP_0793,invoice,2025-06-10,2025-06-10,2025-07-10 00:00:00,-145.19,0.0,EUR,EUR,1.0,paid,S.Fra /646 [COMPANY] Ef 166,COUNTERPARTY_22440
fea1e3812b08f1a1840d5486ff5ccf14,COMP_0793,invoice,2025-07-28,2025-07-28,2025-09-23 00:00:00,1414.79,0.0,EUR,EUR,1.0,paid,N.Fra TB2025F/327 COUNTERPARTY_14508 Ef 1,COUNTERPARTY_14508
04b11b0577d1250f6fd531d6b5870f44,COMP_0793,invoice,2025-06-30,2025-06-30,2025-07-10 00:00:00,-1086.04,0.0,EUR,EUR,1.0,paid,S.Fra /573 [COMPANY] Ef 181,COUNTERPARTY_22440
0e5b8588f7453fe9bb5a2f914bc88fef,COMP_0793,invoice,2025-10-01,2025-10-01,2025-10-31 00:00:00,14445.28,0.0,EUR,EUR,1.0,paid,N.Fra TB2025F/438 COUNTERPARTY_10380 Ef 1,COUNTERPARTY_10380
27c29ac635d91fae66281fe6b0ca1e0d,COMP_0878,invoice,2026-02-11,2026-02-11,2026-02-09 00:00:00,-120.65,0.0,EUR,EUR,1.0,paid,S.Fra /54 COUNTERPARTY_48052 Ef 162430,COUNTERPARTY_54982
281e6d9660b3903d47b747c96938651f,COMP_0001,invoice,2025-06-10,2025-06-10,2025-06-10 00:00:00,-31.97,0.0,EUR,EUR,1.0,paid,S.Fra /121 COUNTERPARTY_01678 Ef 1DS-AEU-INV-ES-2025-[NUM],COUNTERPARTY_48241
44052ae1dd6d7b91b60dc3411025f86b,COMP_0001,invoice,2025-07-24,2025-07-24,2025-07-24 00:00:00,963.18,0.0,EUR,EUR,1.0,paid,N.Fra TB2025F/93 [COMPANY] Ef 1,COUNTERPARTY_03903
45da8b845060572e0af415959bde6804,COMP_0793,invoice,2025-06-04,2025-07-04,2025-06-04 00:00:00,-24.99,0.0,EUR,EUR,1.0,paid,S.Fra /[COMPANY] Ef [NUM],COUNTERPARTY_43184
5ababae035481dc12c1c8e3d8a1a41f1,COMP_0793,invoice,2025-11-28,2025-11-28,2026-02-03 00:00:00,27836.75,0.0,EUR,EUR,1.0,paid,N.Fra TB2025F/566 COUNTERPARTY_10380 Ef 1,COUNTERPARTY_10380
66876ed6a14eeeb160b8d2f136571772,COMP_0793,invoice,2025-01-21,2025-02-20,2025-01-21 00:00:00,-130.63,0.0,EUR,EUR,1.0,paid,S.Fra /70 COUNTERPARTY_51962 Ef 1N001085/2025,COUNTERPARTY_51962
71ad9ccb9f30b561196a1eed82884a3e,COMP_0793,invoice,2025-07-04,2025-07-04,2025-07-04 00:00:00,-308.95,0.0,EUR,EUR,1.0,paid,S.Fra /707 COUNTERPARTY_55050 Ef [NUM],COUNTERPARTY_55050
788c545137f335aa52196f76a5c67697,COMP_0793,invoice,2025-06-12,2025-06-12,2025-07-10 00:00:00,-58.08,0.0,EUR,EUR,1.0,paid,S.Fra /598 COUNTERPARTY_27064 Ef 1F25/0206,COUNTERPARTY_47459
81a6e1d90ded0ca3ab88f796306c0883,COMP_0793,invoice,2025-04-27,2025-05-27,2025-05-27 00:00:00,-578.16,0.0,EUR,EUR,1.0,paid,S.Fra /361 COUNTERPARTY_18405 Ef 1FVT25-29114,COUNTERPARTY_18405
871c3ad31f5a079493d2a667cfcb365b,COMP_0793,invoice,2025-06-14,2025-06-14,2025-06-14 00:00:00,37.91,0.0,EUR,EUR,1.0,paid,S.Fra /760 COUNTERPARTY_23799. Ef 132387,COUNTERPARTY_28032
8c161d269afbc1d3615029c90490eb11,COMP_0793,invoice,2025-08-21,2025-09-20,2025-10-13 00:00:00,-450.3,0.0,EUR,EUR,1.0,paid,S.Fra /1239 COUNTERPARTY_48090 Ef 190401,COUNTERPARTY_48090
8e11f0c61d555494186928c493253302,COMP_0793,invoice,2025-06-25,2025-08-24,2025-06-25 00:00:00,-183.51,0.0,EUR,EUR,1.0,paid,S.Fra /620 COUNTERPARTY_42722 Ef 1F[NUM],COUNTERPARTY_42722
a4272b43793c6208ba5ced59acba6952,COMP_0793,invoice,2025-07-05,2025-07-05,2025-07-05 00:00:00,-205.7,0.0,EUR,EUR,1.0,paid,S.Fra /575 COUNTERPARTY_55082 Ef 18.870,COUNTERPARTY_55082
b5231a6e1651860150219e5f23ed15fd,COMP_0793,invoice,2025-07-01,2025-07-01,2025-07-01 00:00:00,-848.82,0.0,EUR,EUR,1.0,paid,S.Fra /731 COUNTERPARTY_18906 Ef 12025/5752,COUNTERPARTY_18906
b6fc0ccbc689d5a8d66927fb0b079c1e,COMP_0793,invoice,2025-06-12,2025-07-12,2025-06-12 00:00:00,-75.17,0.0,EUR,EUR,1.0,paid,S.Fra /558 COUNTERPARTY_55096 Ef 1N000729/2025,COUNTERPARTY_55096
b8fbf52ed92e264977773f9d3fcf7632,COMP_0793,invoice,2025-12-15,2026-01-14,2025-12-15 00:00:00,-87.89,0.0,EUR,EUR,1.0,paid,S.Fra /1980 COUNTERPARTY_49050 Ef 1IG2630,COUNTERPARTY_55099
c497843d411f49252e0af9ebb5c6e3af,COMP_0793,invoice,2025-04-30,2025-04-30,2025-06-10 00:00:00,81.87,0.0,EUR,EUR,1.0,paid,N.Fra TB2025F/152 COUNTERPARTY_04788 Ef 1,COUNTERPARTY_04788
db3f7a757fb81ad2701352eb389de455,COMP_0793,invoice,2025-08-31,2025-09-30,2025-10-13 00:00:00,-118.58,0.0,EUR,EUR,1.0,paid,S.Fra /1160 COUNTERPARTY_27660 Ef 1A/25474,COUNTERPARTY_27660
dbaa3dacc9db5d940466ffd85645995c,COMP_0793,invoice,2025-08-02,2025-08-02,2025-08-02 00:00:00,-2448.0,0.0,EUR,EUR,1.0,paid,S.Fra /947 COUNTERPARTY_16268. Ef 1TB-2025-F29,COUNTERPARTY_16268
e08affb9abbd62981f794c60be3683d3,COMP_0001,invoice,2025-06-10,2025-06-10,2025-07-11 00:00:00,290.38,0.0,EUR,EUR,1.0,paid,N.Fra TB2025F/64 [COMPANY] Ef 1,COUNTERPARTY_03903
f11f7ac42f2046d0aafaf66fe603cb24,COMP_0793,invoice,2025-06-04,2025-06-04,2025-06-04 00:00:00,-80.71,0.0,EUR,EUR,1.0,paid,S.Fra /503 COUNTERPARTY_55135 Ef 1F88203,COUNTERPARTY_55135
04f2871665737b8d6c8ea57996b48253,COMP_0793,invoice,2025-12-22,2026-01-21,2025-12-22 00:00:00,-64.26,0.0,EUR,EUR,1.0,paid,S.Fra /2040 COUNTERPARTY_33224 Ef 12025/[NUM],COUNTERPARTY_35897
0635dd9fc64578cb11f2a8771b567c40,COMP_0001,invoice,2025-06-08,2025-06-08,2025-06-08 00:00:00,-337.59,0.0,EUR,EUR,1.0,paid,S.Fra /116 COUNTERPARTY_01678 Ef 1ES51[X],COUNTERPARTY_48241
164bb1af05f37a34b40785deca929d3c,COMP_0793,invoice,2025-05-30,2025-06-28,2025-06-12 00:00:00,1755.94,0.0,EUR,EUR,1.0,paid,N.Fra TB2025F/210 COUNTERPARTY_49557 Ef 1,COUNTERPARTY_49557
500406c151583e788028d450bd1bdcc3,COMP_0793,invoice,2025-05-22,2025-05-22,2025-06-05 00:00:00,16507.23,0.0,EUR,EUR,1.0,paid,N.Fra TB2025F/179 COUNTERPARTY_49391 Ef 1,COUNTERPARTY_49391
517bd981e6ff3a2143aac8e5d469d717,COMP_0793,invoice,2025-12-31,2025-12-31,2026-01-07 00:00:00,663.07,0.0,EUR,EUR,1.0,paid,N.Fra TB2025F/628 COUNTERPARTY_04351 Ef 1,COUNTERPARTY_04351
790cc1fdcfb4e0eb35dd8825125591f3,COMP_0793,invoice,2025-05-17,2025-06-16,2025-05-17 00:00:00,-117.18,0.0,EUR,EUR,1.0,paid,S.Fra /463 COUNTERPARTY_55256 Ef [NUM],COUNTERPARTY_55256
7e78ec101a2e3bbfc043b5edb44a45ee,COMP_0793,invoice,2025-02-20,2025-02-20,2025-05-06 00:00:00,-6050.0,0.0,EUR,EUR,1.0,paid,S.Fra /198 [COMPANY] Ef 125,COUNTERPARTY_22440
80ed44cfd9f30c914ab582013c0aeca2,COMP_0793,invoice,2025-11-29,2025-12-29,2026-02-10 00:00:00,-824.68,0.0,EUR,EUR,1.0,paid,S.Fra /1889 COUNTERPARTY_54378 Ef 1TB-2025-F26,COUNTERPARTY_54378
816d30ac2c4ab42a2582978597dfc212,COMP_0793,invoice,2025-07-02,2025-07-02,2025-07-02 00:00:00,-2448.0,0.0,EUR,EUR,1.0,paid,S.Fra /699 COUNTERPARTY_16268. Ef 1TB-2025-F26,COUNTERPARTY_16268
850e475db3e1c637238ea288f5051102,COMP_0793,invoice,2025-06-19,2025-06-19,2025-07-15 00:00:00,44614.26,0.0,EUR,EUR,1.0,paid,N.Fra TB2025F/225 COUNTERPARTY_48639 Ef 1,COUNTERPARTY_48639
875f9f5b2fa8d5122ca408364c2f136a,COMP_0793,invoice,2025-07-02,2025-08-01,2025-07-02 00:00:00,-115.0,0.0,EUR,EUR,1.0,paid,S.Fra /732 COUNTERPARTY_55261 Ef [NUM],COUNTERPARTY_55261
907e1704b7325ca2a3ff92824b5d3b0f,COMP_0793,invoice,2025-12-23,2025-12-23,2026-02-03 00:00:00,26100.31,0.0,EUR,EUR,1.0,paid,N.Fra TB2025F/610 COUNTERPARTY_10380 Ef 1,COUNTERPARTY_10380
a2d2aae1ac978efcbbb00004017ad103,COMP_0793,invoice,2025-06-14,2025-07-14,2025-07-01 00:00:00,18.92,0.0,EUR,EUR,1.0,paid,S.Fra /813 COUNTERPARTY_23799. Ef 132386,COUNTERPARTY_28032
ae8291f752fd016e9546cb35c7e24555,COMP_0001,invoice,2025-09-29,2025-09-29,2025-10-07 00:00:00,-7260.0,0.0,EUR,EUR,1.0,paid,S.Fra /186 COUNTERPARTY_26899 Ef 117,COUNTERPARTY_26899
af211a292e7588315ca7aa355e962fbf,COMP_0793,invoice,2025-07-01,2025-07-31,2025-08-11 00:00:00,-239.58,0.0,EUR,EUR,1.0,paid,S.Fra /635 COUNTERPARTY_35858 Ef 114[X]93-0009,COUNTERPARTY_35858
df38807da283ebf7e7d73865a4820af0,COMP_0793,invoice,2025-07-08,2025-07-08,2025-07-10 00:00:00,-103.46,0.0,EUR,EUR,1.0,paid,S.Fra /719 COUNTERPARTY_07277. Ef 12025/798,COUNTERPARTY_07277
e282511ec79d751fc363ca9af0fc2d0d,COMP_0793,invoice,2025-07-11,2025-07-11,2025-08-11 00:00:00,-484.0,0.0,EUR,EUR,1.0,paid,S.Fra /819 COUNTERPARTY_33161 Ef 1S25/3427,COUNTERPARTY_47731
ec5612a753227d7a44e7c55c75b82c42,COMP_0793,invoice,2025-07-24,2025-07-24,2025-07-24 00:00:00,-5445.0,0.0,EUR,EUR,1.0,paid,S.Fra /775 [COMPANY] Ef 1133,COUNTERPARTY_22440
ee7c601142c212484fe7addeb59269c9,COMP_0793,invoice,2025-09-28,2025-09-27,2025-10-20 00:00:00,12181.55,0.0,EUR,EUR,1.0,paid,N.Fra TB2025F/392 COUNTERPARTY_14508 Ef 1,COUNTERPARTY_14508
f16d6474140906a30464f8d0634ff19b,COMP_0793,invoice,2025-10-01,2025-10-01,2025-10-31 00:00:00,3353.35,0.0,EUR,EUR,1.0,paid,N.Fra TB2025F/439 COUNTERPARTY_10380 Ef 1,COUNTERPARTY_10380
f976d6b4caf87368a7aaa485641ff800,COMP_0793,invoice,2026-01-28,2026-02-27,2026-01-28 00:00:00,-188.63,0.0,EUR,EUR,1.0,paid,S.Fra /73 COUNTERPARTY_47799 Ef [NUM],COUNTERPARTY_47799
13ae37ebbfa6342dcb1c6b2ec0b94673,COMP_0793,invoice,2025-10-30,2025-10-30,2025-10-30 00:00:00,-0.36,0.0,EUR,EUR,1.0,paid,S.Fra /[COMPANY] Ef [REF],COUNTERPARTY_47950
236bedd4e347259d957231443985105e,COMP_0001,invoice,2025-05-22,2025-06-21,2025-05-29 00:00:00,-194.11,0.0,EUR,EUR,1.0,paid,S.Fra /[COMPANY] Ef 1ZB25-[NUM],COUNTERPARTY_28286
2b9925dffb35b40022f56315f5d7d421,COMP_0793,invoice,2025-10-22,2025-10-22,2025-11-07 00:00:00,-840.88,0.0,EUR,EUR,1.0,paid,S.Fra /1582 [COMPANY] Ef 1173,COUNTERPARTY_22440
39788c506a0ef93695916cdf8b913942,COMP_0001,invoice,2025-06-10,2025-07-10,2025-06-10 00:00:00,-114.9,0.0,EUR,EUR,1.0,paid,S.Fra /154 COUNTERPARTY_55410 Ef [NUM],COUNTERPARTY_55410
3c856389c64cb853fdace67c1228bdbd,COMP_0001,invoice,2026-02-16,2026-03-18,2026-02-16 00:00:00,-98.67,0.0,EUR,EUR,1.0,paid,S.Fra /18 COUNTERPARTY_24926 Ef [NUM]/5/26/000507,COUNTERPARTY_55414
4a5546b8cc1511897f917f733cf0e571,COMP_0001,invoice,2025-06-12,2025-06-12,2025-06-16 00:00:00,-19.98,0.0,EUR,EUR,1.0,paid,S.Fra /123 COUNTERPARTY_55418 Ef [REF],COUNTERPARTY_55418
527a6e5aaddfae001c126173a721101f,COMP_0793,invoice,2025-07-21,2025-07-21,2025-07-21 00:00:00,-359.92,0.0,EUR,EUR,1.0,paid,S.Fra /948 COUNTERPARTY_55423 Ef [NUM],COUNTERPARTY_55423
586b2efd38f20648355b04a00f1abd62,COMP_0793,invoice,2025-12-29,2026-01-28,2026-01-30 00:00:00,-42.73,0.0,EUR,EUR,1.0,paid,S.Fra /2042 COUNTERPARTY_23748 Ef 1FV[NUM],COUNTERPARTY_23748
7a33de6248813582e98278496b22c9ec,COMP_0001,invoice,2025-01-23,2025-02-22,2025-01-23 00:00:00,-101.48,0.0,EUR,EUR,1.0,paid,S.Fra /14 COUNTERPARTY_01023 Ef [REF],COUNTERPARTY_49480
88933623dc38764816e1e88e1d99adb9,COMP_0793,invoice,2025-07-31,2025-08-30,2025-09-10 00:00:00,-194.21,0.0,EUR,EUR,1.0,paid,S.Fra /994 COUNTERPARTY_27660 Ef 1A/25404,COUNTERPARTY_27660
8bbcf5df060f72cd180809c644fc1a86,COMP_0793,invoice,2026-01-15,2026-01-15,2026-01-15 00:00:00,-0.91,0.0,EUR,EUR,1.0,paid,S.Fra /102 COUNTERPARTY_00061 Ef [REF],COUNTERPARTY_22769
90d5ee0e6c11fc3cc27b7fb96bac4b92,COMP_0793,invoice,2025-05-22,2025-05-22,2025-06-06 00:00:00,-169.6,0.0,EUR,EUR,1.0,paid,S.Fra /473 COUNTERPARTY_54547 Ef 1F/2025/5,COUNTERPARTY_54547
9420843b93f5ecfa7d9370501c1184f5,COMP_0001,invoice,2025-07-24,2025-07-24,2025-07-24 00:00:00,1227.41,0.0,EUR,EUR,1.0,paid,N.Fra TB2025F/102 [COMPANY] Ef 1,COUNTERPARTY_03903
947abaec8cf4ed5443b08e09fa2da373,COMP_0793,invoice,2025-05-07,2025-05-07,2025-05-12 00:00:00,-59.29,0.0,EUR,EUR,1.0,paid,S.Fra /409 COUNTERPARTY_01639 Ef [NUM],COUNTERPARTY_11626
a308e8ea374e675e15182e213aa36967,COMP_0793,invoice,2026-02-23,2026-02-23,2026-02-27 00:00:00,-121.0,0.0,EUR,EUR,1.0,paid,S.Fra /338 COUNTERPARTY_50141 Ef [NUM],COUNTERPARTY_50141
a6973b9375e38962d53356ce858f4e87,COMP_0793,invoice,2025-06-26,2025-06-26,2025-06-26 00:00:00,2198.69,0.0,EUR,EUR,1.0,paid,N.Fra TB2025F/254 COUNTERPARTY_49391 Ef 1,COUNTERPARTY_49391
c0edb75921f901aeb611b77acbdac3a3,COMP_0793,invoice,2025-07-24,2025-07-24,2025-07-24 00:00:00,-725.98,0.0,EUR,EUR,1.0,paid,S.Fra /861 [COMPANY] Ef 1116,COUNTERPARTY_22440
c59b7c1b16cdef515bbdc3ef8fde07f9,COMP_0793,invoice,2025-06-04,2025-06-04,2025-06-10 00:00:00,-74.4,0.0,EUR,EUR,1.0,paid,S.Fra /518 COUNTERPARTY_01639 Ef [NUM],COUNTERPARTY_11626
db403e6baab5a8d0093613e819246c3f,COMP_0793,invoice,2025-11-27,2026-01-26,2025-11-27 00:00:00,-509.13,0.0,EUR,EUR,1.0,paid,S.Fra /1880 COUNTERPARTY_42722 Ef 1F[NUM],COUNTERPARTY_42722
e629e4411c1d659c440c1f6879aafaac,COMP_0793,invoice,2025-07-26,2025-07-26,2025-07-26 00:00:00,-180.88,0.0,EUR,EUR,1.0,paid,S.Fra /777 COUNTERPARTY_40640 Ef [NUM],COUNTERPARTY_40640
e816bf85e8cc7a52582e0b8313e8f339,COMP_0793,invoice,2025-07-28,2025-07-28,2025-09-01 00:00:00,10990.83,0.0,EUR,EUR,1.0,paid,N.Fra TB2025F/321 COUNTERPARTY_49692 Ef 1,COUNTERPARTY_49692
f03fa161c288e84afd133e860aeb4c59,COMP_0793,invoice,2025-10-22,2025-10-22,2025-11-07 00:00:00,-4840.0,0.0,EUR,EUR,1.0,paid,S.Fra /1622 [COMPANY] Ef 1179,COUNTERPARTY_22440
f40577b88cec1ee7bf8f05237c6c774c,COMP_0793,invoice,2025-06-23,2025-06-23,2025-06-23 00:00:00,-1173.55,0.0,EUR,EUR,1.0,paid,S.Fra /663 COUNTERPARTY_07783 Ef [NUM],COUNTERPARTY_49066
09f1315aa55093fbecbfb1b2ffe7d4bf,COMP_0793,invoice,2025-06-06,2025-07-06,2025-06-10 00:00:00,-52.71,0.0,EUR,EUR,1.0,paid,S.Fra /554 COUNTERPARTY_49050 Ef 1IA4832,COUNTERPARTY_55099
0a059584fe3e96ee88bde6a6b8ab92e3,COMP_0793,invoice,2025-06-26,2025-06-26,2025-06-30 00:00:00,228.41,0.0,EUR,EUR,1.0,paid,N.Fra TB2025F/268 COUNTERPARTY_38868 Ef 1,COUNTERPARTY_38868
1191bf502bcd9c59ac5e74e762c71050,COMP_0793,invoice,2025-06-13,2025-07-13,2025-06-13 00:00:00,-60.7,0.0,EUR,EUR,1.0,paid,S.Fra /559 COUNTERPARTY_55561 Ef 163,COUNTERPARTY_55561
1208cb70cceb3ffd7c051be656321afc,COMP_0793,invoice,2025-09-28,2025-09-27,2025-10-23 00:00:00,17475.56,0.0,EUR,EUR,1.0,paid,N.Fra TB2025F/402 COUNTERPARTY_49391 Ef 1,COUNTERPARTY_49391
1b6cb1bbd205f0d2e417fc09a189e82c,COMP_0793,invoice,2025-09-28,2025-09-27,2025-10-04 00:00:00,15902.05,0.0,EUR,EUR,1.0,paid,N.Fra TB2025F/396 COUNTERPARTY_47852 Ef 1,COUNTERPARTY_47852
21820d1525c151f084264073e3ff15a5,COMP_0793,invoice,2025-04-30,2025-05-30,2025-06-06 00:00:00,-478.8,0.0,EUR,EUR,1.0,paid,S.Fra /455 COUNTERPARTY_48575 Ef [NUM],COUNTERPARTY_48575
3619c2f8d5817665c24119bb2a416426,COMP_0793,invoice,2025-10-30,2025-11-29,2025-10-30 00:00:00,-1368.24,0.0,EUR,EUR,1.0,paid,S.Fra /1631 COUNTERPARTY_47799 Ef [NUM],COUNTERPARTY_47799
53f95eca1aa262d296e1e83f18524f47,COMP_0001,invoice,2025-08-23,2025-09-22,2025-08-23 00:00:00,-149.46,0.0,EUR,EUR,1.0,paid,S.Fra /172 COUNTERPARTY_01023 Ef [REF],COUNTERPARTY_49480
55233b5cd758d9a605fa31be0bb56d26,COMP_0793,invoice,2025-06-26,2025-06-26,2025-06-26 00:00:00,237.4,0.0,EUR,EUR,1.0,paid,N.Fra TB2025F/261 COUNTERPARTY_48877 Ef 1,COUNTERPARTY_48877
71b1d5d84c12903a4c7972435aa8aeb0,COMP_0793,invoice,2025-10-29,2025-12-28,2025-10-29 00:00:00,196.02,0.0,EUR,EUR,1.0,paid,S.Fra /1703 COUNTERPARTY_42722 Ef 1AB[NUM],COUNTERPARTY_42722
7f8cb0728035cb5d895b2e42862a63c5,COMP_0001,invoice,2025-07-24,2025-07-24,2025-07-24 00:00:00,726.0,0.0,EUR,EUR,1.0,paid,N.Fra TB2025F/107 [COMPANY] Ef 1,COUNTERPARTY_03903
7fc1291b62b2c4589f632fd0bbeaf77b,COMP_0793,invoice,2025-04-30,2025-04-30,2025-06-06 00:00:00,-6050.0,0.0,EUR,EUR,1.0,paid,S.Fra /374 [COMPANY] Ef 141,COUNTERPARTY_22440
b7e76acb93682e6e8f997b65d08645d3,COMP_0793,invoice,2025-08-17,2025-08-17,2025-09-10 00:00:00,-3630.0,0.0,EUR,EUR,1.0,paid,S.Fra /1187 [COMPANY] Ef 1143,COUNTERPARTY_22440
bd4854e4a51d5d4ca7a38ea0d3a8fb79,COMP_0793,invoice,2025-05-21,2025-05-21,2025-05-21 00:00:00,-57.8,0.0,EUR,EUR,1.0,paid,S.Fra /537 COUNTERPARTY_50718 Ef [NUM]-C,COUNTERPARTY_55671
be1d9f4b280b366512def0eaefea3a92,COMP_0793,invoice,2025-10-01,2025-10-01,2025-10-23 00:00:00,14464.1,0.0,EUR,EUR,1.0,paid,N.Fra TB2025F/429 COUNTERPARTY_48639 Ef 1,COUNTERPARTY_48639
cc8076a5f0e2d31615de34ac746aadfc,COMP_0793,invoice,2025-04-30,2025-05-30,2025-06-06 00:00:00,-660.16,0.0,EUR,EUR,1.0,paid,S.Fra /401 COUNTERPARTY_48090 Ef 189514,COUNTERPARTY_48090
eb094e1bb01f8ae93d153a624454f57f,COMP_0793,invoice,2025-04-24,2025-04-24,2025-05-16 00:00:00,14576.62,0.0,EUR,EUR,1.0,paid,N.Fra TB2025F/132 COUNTERPARTY_49391 Ef 1,COUNTERPARTY_49391
ee513369f7bf369a1e1cf4658edb32f8,COMP_0793,invoice,2025-09-29,2025-10-29,2025-10-14 00:00:00,262808.1,0.0,EUR,EUR,1.0,paid,N.Fra TB2025F/405 COUNTERPARTY_44045 Ef 1,COUNTERPARTY_44045
f0fe4671dc034afa01f7d11a80441626,COMP_0793,invoice,2025-11-27,2025-11-27,2025-12-15 00:00:00,93143.8,0.0,EUR,EUR,1.0,paid,N.Fra TB2025F/561 COUNTERPARTY_48639 Ef 1,COUNTERPARTY_48639
15062027e416c4660cf3af47e5ca04e7,COMP_0793,invoice,2025-05-29,2025-05-29,2025-09-17 00:00:00,1641.95,0.0,EUR,EUR,1.0,paid,N.Fra TB2025F/197 COUNTERPARTY_03512 Ef 1,COUNTERPARTY_03512
1ec078840b177d8f349e005b48adfcb7,COMP_0793,invoice,2025-11-06,2025-11-06,2025-11-10 00:00:00,-74.4,0.0,EUR,EUR,1.0,paid,S.Fra /1856 COUNTERPARTY_01639 Ef [NUM],COUNTERPARTY_11626
375b6a1b357fcf31cb651ccae7e5e308,COMP_0001,invoice,2025-07-24,2025-07-24,2025-07-24 00:00:00,2722.5,0.0,EUR,EUR,1.0,paid,N.Fra TB2025F/130 [COMPANY] Ef 1,COUNTERPARTY_03903
3e03abea4514d0bd52d6252f8ed62454,COMP_0793,invoice,2025-07-24,2025-07-24,2025-07-24 00:00:00,-447.7,0.0,EUR,EUR,1.0,paid,S.Fra /849 [COMPANY] Ef 1103,COUNTERPARTY_22440
4bfa990090cbc5cbe8640ef0f9eec033,COMP_0793,invoice,2025-06-01,2025-06-01,2025-06-01 00:00:00,-29.04,0.0,EUR,EUR,1.0,paid,S.Fra /509 COUNTERPARTY_06745 Ef [NUM],COUNTERPARTY_06745
501c33aa26d67eba918ae7591e4385d8,COMP_0001,invoice,2025-10-15,2025-11-14,2025-10-23 00:00:00,-1356.29,0.0,EUR,EUR,1.0,paid,S.Fra /[COMPANY] Ef 1CI[NUM],COUNTERPARTY_28286
716b105e28fc6460e595e6adb17a6f6a,COMP_0793,invoice,2025-04-22,2025-04-22,2025-04-22 00:00:00,-0.73,0.0,EUR,EUR,1.0,paid,S.Fra /[COMPANY] Ef 1F[NUM],COUNTERPARTY_47950
7da699f3c1b6ff35f8e5e98b64d17c22,COMP_0793,invoice,2025-07-07,2025-08-06,2025-07-07 00:00:00,-95.93,0.0,EUR,EUR,1.0,paid,S.Fra /884 COUNTERPARTY_53445 Ef 1V01/[NUM],COUNTERPARTY_53445
80b2398a2306d7d5561379bc42dc169b,COMP_0793,invoice,2025-06-10,2025-07-10,2025-06-10 00:00:00,-146.42,0.0,EUR,EUR,1.0,paid,S.Fra /557 COUNTERPARTY_49050 Ef 1IA5642,COUNTERPARTY_55099
83a1c8da0cc2ec92a85c08374db0c7e7,COMP_0793,invoice,2025-10-12,2025-11-11,2025-10-12 00:00:00,-16.5,0.0,EUR,EUR,1.0,paid,S.Fra /1510 COUNTERPARTY_07226 Ef 1ES51EX0CABEI,COUNTERPARTY_18040
891ecb48fab4707ea0a304c741a566b7,COMP_0793,invoice,2025-04-29,2025-05-29,2025-06-06 00:00:00,-670.97,0.0,EUR,EUR,1.0,paid,S.Fra /363 COUNTERPARTY_48090 Ef 189462,COUNTERPARTY_48090
9d5c5b50f390c0b7a063e14d6d628320,COMP_0001,invoice,2025-09-29,2025-09-29,2025-10-14 00:00:00,7260.0,0.0,EUR,EUR,1.0,paid,N.Fra TB2025F/163 [COMPANY] Ef 1,COUNTERPARTY_03903
bd8d4912a835a1dc1f3a557032406e40,COMP_0001,invoice,2025-07-24,2025-07-24,2025-07-24 00:00:00,399.28,0.0,EUR,EUR,1.0,paid,N.Fra TB2025F/95 [COMPANY] Ef 1,COUNTERPARTY_03903
c83b84026330e78b393cffacacfe1111,COMP_0001,invoice,2025-12-31,2026-01-30,2025-12-31 00:00:00,-235.96,0.0,EUR,EUR,1.0,paid,S.Fra /238 COUNTERPARTY_07183 Ef [NUM],COUNTERPARTY_50543
cc19f0b11ed925567ae44f290533403d,COMP_0793,invoice,2025-06-25,2025-06-25,2025-06-25 00:00:00,89.56,0.0,EUR,EUR,1.0,paid,N.Fra TB2025F/236 COUNTERPARTY_15425 Ef 1,COUNTERPARTY_15425
cd07a6488aee1a9e40677ad81fb8c3af,COMP_0793,invoice,2025-05-23,2025-05-23,2025-05-29 00:00:00,-409.13,0.0,EUR,EUR,1.0,paid,S.Fra /466 COUNTERPARTY_50141 Ef 102[X],COUNTERPARTY_50141
cdd4b23811139d2cb77b8c1aa0202dfb,COMP_0001,invoice,2025-05-22,2025-06-20,2025-05-26 00:00:00,-65.49,0.0,EUR,EUR,1.0,paid,S.Fra /89 COUNTERPARTY_51086 Ef 1ES51[X],COUNTERPARTY_51086
d78589e31c54cd4dc7d833c6817c9dc6,COMP_0793,invoice,2025-12-25,2025-12-25,2025-12-25 00:00:00,-290.4,0.0,EUR,EUR,1.0,paid,N.Fra [X]/17 COUNTERPARTY_10380 Ef 1,COUNTERPARTY_10380
d7bbe1da19b453b4964f3a03cb5103ac,COMP_0793,invoice,2025-09-01,2025-09-01,2025-09-01 00:00:00,-29.04,0.0,EUR,EUR,1.0,paid,S.Fra /1234 COUNTERPARTY_06745 Ef 19837,COUNTERPARTY_06745
e3bb95caae4d816373156bc517877d79,COMP_0793,invoice,2025-07-11,2025-07-11,2025-07-11 00:00:00,-45.77,0.0,EUR,EUR,1.0,paid,S.Fra /782 COUNTERPARTY_55879 Ef 1FCE/2025/002461,COUNTERPARTY_55879
e5ee1a6678fed13cf0f3ce744ffa4c7f,COMP_0793,invoice,2026-01-20,2026-02-19,2026-02-10 00:00:00,-1537.1,0.0,EUR,EUR,1.0,paid,S.Fra /110 COUNTERPARTY_48575 Ef [NUM],COUNTERPARTY_48575
0be732453150dfa7d67e817f03f25181,COMP_0793,invoice,2025-06-28,2025-07-28,2025-07-01 00:00:00,-125.18,0.0,EUR,EUR,1.0,paid,S.Fra /1029 COUNTERPARTY_55923 Ef [NUM],COUNTERPARTY_55923
143ac2eed4665694758a9c0e40e9a659,COMP_0793,invoice,2025-09-09,2025-10-09,2025-09-10 00:00:00,-116.2,0.0,EUR,EUR,1.0,paid,S.Fra /1272 COUNTERPARTY_07226 Ef 1ES517[X],COUNTERPARTY_18040
1691406e446ecdfc00e210da705f1556,COMP_0001,invoice,2025-06-05,2025-06-05,2025-06-09 00:00:00,1603.53,0.0,EUR,EUR,1.0,paid,N.Fra TB2025F/57 [COMPANY] Ef 1,COUNTERPARTY_03903
1f36122341ee5ae7b11a95a03463cc17,COMP_0793,invoice,2025-12-31,2025-12-31,2025-12-31 00:00:00,45.4,0.0,EUR,EUR,1.0,paid,N.Fra TB2025F/625 COUNTERPARTY_15082 Ef 1,COUNTERPARTY_15082
21453e63ba83a05aaad883e264ec582f,COMP_0793,invoice,2025-04-30,2025-04-30,2025-05-06 00:00:00,-302.23,0.0,EUR,EUR,1.0,paid,S.Fra /375 [COMPANY] Ef 134,COUNTERPARTY_22440
39a92072df6f962d7b0efcb4e8796630,COMP_0001,invoice,2025-09-30,2025-10-30,2025-10-07 00:00:00,-1154.63,0.0,EUR,EUR,1.0,paid,S.Fra /190 COUNTERPARTY_23347 Ef 1RR/250.594,COUNTERPARTY_23347
4726ca891916026e4af85490f8a43f88,COMP_0001,invoice,2025-10-06,2025-11-05,2025-10-06 00:00:00,-72.6,0.0,EUR,EUR,1.0,paid,S.Fra /194 COUNTERPARTY_02168 Ef [REF],COUNTERPARTY_55961
4ac6f89f78f23a3f4e62fd121f5378e4,COMP_0793,invoice,2025-07-28,2025-07-28,2025-09-23 00:00:00,8894.47,0.0,EUR,EUR,1.0,paid,N.Fra TB2025F/325 COUNTERPARTY_14508 Ef 1,COUNTERPARTY_14508
5624981c7347292e631f101eda867f46,COMP_0793,invoice,2025-12-16,2026-01-15,2026-01-05 00:00:00,-257.49,0.0,EUR,EUR,1.0,paid,S.Fra /2034 COUNTERPARTY_18583 Ef [NUM],COUNTERPARTY_18583
79111c137a6e34b72d5d85023ef8572b,COMP_0793,invoice,2025-06-25,2025-07-25,2025-06-26 00:00:00,218.78,0.0,EUR,EUR,1.0,paid,N.Fra TB2025F/235 COUNTERPARTY_55999 Ef 1,COUNTERPARTY_55999
7978bce1bad069b6ad2805c40393d842,COMP_0793,invoice,2026-01-13,2026-02-12,2026-01-13 00:00:00,-60.5,0.0,EUR,EUR,1.0,paid,S.Fra /99 COUNTERPARTY_51816 Ef 1654,COUNTERPARTY_51816
837c36ae203f94cecf14d72f42b6ae33,COMP_0793,invoice,2025-10-01,2025-10-01,2025-10-31 00:00:00,25475.52,0.0,EUR,EUR,1.0,paid,N.Fra TB2025F/435 COUNTERPARTY_10380 Ef 1,COUNTERPARTY_10380
91d07561400bb923803e2f2d2c9f95d9,COMP_0793,invoice,2025-07-27,2025-08-20,2025-09-01 00:00:00,17575.25,0.0,EUR,EUR,1.0,paid,N.Fra TB2025F/303 COUNTERPARTY_34957 Ef 1,COUNTERPARTY_34957
971478f32275a519b4ce9ef14a85411c,COMP_0001,invoice,2025-06-05,2025-06-05,2025-06-09 00:00:00,516.2,0.0,EUR,EUR,1.0,paid,N.Fra TB2025F/59 [COMPANY] Ef 1,COUNTERPARTY_03903
dfcc8160576577c8973dd81415a7f580,COMP_0793,invoice,2025-11-25,2025-11-25,2025-12-19 00:00:00,41597.5,0.0,EUR,EUR,1.0,paid,N.Fra TB2025F/512 COUNTERPARTY_19200 Ef 1,COUNTERPARTY_19200
e2edd20679b18373ccbe32ca95dbbb5f,COMP_0793,invoice,2025-11-14,2025-12-14,2025-11-17 00:00:00,-8.12,0.0,EUR,EUR,1.0,paid,S.Fra /1763 COUNTERPARTY_07226 Ef 1ES51MS84ABEI,COUNTERPARTY_18040
eac25e949ec5a5e334dcdcba54f8d593,COMP_0793,invoice,2025-07-24,2025-07-24,2025-07-24 00:00:00,-1210.0,0.0,EUR,EUR,1.0,paid,S.Fra /863 [COMPANY] Ef 1134,COUNTERPARTY_22440
f27cebc4707dd97eb36e1d4a5d9b5997,COMP_0001,invoice,2025-10-23,2025-11-22,2025-10-23 00:00:00,-149.46,0.0,EUR,EUR,1.0,paid,S.Fra /202 COUNTERPARTY_01023 Ef [REF],COUNTERPARTY_49480
f67026209142325dba34fb1e02d6e6fa,COMP_0793,invoice,2025-06-05,2025-06-05,2025-06-06 00:00:00,-152.46,0.0,EUR,EUR,1.0,paid,S.Fra /508 [COMPANY] Ef 158,COUNTERPARTY_22440
03ec105ee2d660cfbab57637b5608bde,COMP_0793,invoice,2025-06-26,2025-06-26,2025-06-27 00:00:00,304.97,0.0,EUR,EUR,1.0,paid,N.Fra TB2025F/259 COUNTERPARTY_33572 Ef 1,COUNTERPARTY_33572
05dab8812204802e51e824904544bf12,COMP_0793,invoice,2025-06-19,2025-06-19,2025-06-19 00:00:00,434.49,0.0,EUR,EUR,1.0,paid,N.Fra TB2025F/222 COUNTERPARTY_56097 Ef 1,COUNTERPARTY_56097
0bf96ec94ddca5c0854c11538e31261d,COMP_0793,invoice,2025-11-26,2025-12-26,2025-12-11 00:00:00,33678.03,0.0,EUR,EUR,1.0,paid,N.Fra TB2025F/530 COUNTERPARTY_49557 Ef 1,COUNTERPARTY_49557
1b4553881b034f60ece6597eb3a9c5bb,COMP_0793,invoice,2025-06-27,2025-06-27,2025-07-10 00:00:00,-4235.0,0.0,EUR,EUR,1.0,paid,S.Fra /672 [COMPANY] Ef 174,COUNTERPARTY_22440
28e1281478fef3a00e86623e223a5207,COMP_0793,invoice,2025-09-28,2025-09-27,2025-10-23 00:00:00,11164.31,0.0,EUR,EUR,1.0,paid,N.Fra TB2025F/404 COUNTERPARTY_49391 Ef 1,COUNTERPARTY_49391
2fc920da0ca61ec649ff571c2a70c3b3,COMP_0001,invoice,2025-12-29,2025-12-29,2025-12-29 00:00:00,-3630.0,0.0,EUR,EUR,1.0,paid,S.Fra /236 COUNTERPARTY_56127 Ef 13,COUNTERPARTY_56127
4859f9fa92ad81aa6b7e41fbc4f31b67,COMP_0793,invoice,2025-08-17,2025-08-17,2025-10-13 00:00:00,-12100.0,0.0,EUR,EUR,1.0,paid,S.Fra /1150 [COMPANY] Ef 1151,COUNTERPARTY_22440
551ad19f7f63eafd31f8079c0d3350f1,COMP_0793,invoice,2025-08-04,2025-08-04,2025-08-12 00:00:00,-118.7,0.0,EUR,EUR,1.0,paid,S.Fra /1014 [COMPANY] Ef [REF],COUNTERPARTY_21065
69b8ad2554071b8cbc0b4770b5674e1d,COMP_0793,invoice,2025-10-17,2025-11-16,2025-10-17 00:00:00,-84.4,0.0,EUR,EUR,1.0,paid,S.Fra /1516 COUNTERPARTY_56174 Ef 1O19A-12072,COUNTERPARTY_56174
7505981f90d512b3f2f697b51fa4d287,COMP_0793,invoice,2025-05-30,2025-05-30,2025-06-06 00:00:00,-968.0,0.0,EUR,EUR,1.0,paid,S.Fra /452 COUNTERPARTY_49814 Ef 146/2025,COUNTERPARTY_49814
77937f58acfb74384095f97f331d2488,COMP_0793,invoice,2025-07-31,2025-07-31,2025-07-31 00:00:00,-773.43,0.0,EUR,EUR,1.0,paid,S.Fra /953 COUNTERPARTY_23799. Ef 143887,COUNTERPARTY_28032
8b3f473cf8058c2098673cfb79f8b2f1,COMP_0793,invoice,2025-07-23,2025-07-23,2025-07-23 00:00:00,-2119.32,0.0,EUR,EUR,1.0,paid,S.Fra /879 COUNTERPARTY_42909. Ef 125/1497,COUNTERPARTY_42909
8f67116e6f3eae2f350099838503b22f,COMP_0793,invoice,2025-06-27,2025-06-27,2025-06-27 00:00:00,-15730.0,0.0,EUR,EUR,1.0,paid,S.Fra /677 [COMPANY] Ef 178,COUNTERPARTY_22440
96243c050e60e4ec0d0e3b1812a0dee9,COMP_0793,invoice,2025-06-18,2025-07-18,2025-08-11 00:00:00,-68.63,0.0,EUR,EUR,1.0,paid,S.Fra /608 COUNTERPARTY_48090 Ef 189881,COUNTERPARTY_48090
9b175f25bf59e3312d2fcaae9198a681,COMP_0793,invoice,2026-01-29,2026-02-28,2026-03-02 00:00:00,-44.55,0.0,EUR,EUR,1.0,paid,S.Fra /122 COUNTERPARTY_23748 Ef 1FV[NUM],COUNTERPARTY_23748
cfc83120a080697275b47cf4cc79bc64,COMP_0001,invoice,2025-06-27,2025-06-27,2025-07-11 00:00:00,1815.0,0.0,EUR,EUR,1.0,paid,N.Fra TB2025F/68 [COMPANY] Ef 1,COUNTERPARTY_03903
d71875213e45b613f9c35fb7600137ff,COMP_0001,invoice,2025-04-07,2025-04-07,2025-04-07 00:00:00,319.0,0.0,EUR,EUR,1.0,paid,S.Fra /69 COUNTERPARTY_23347 Ef 1A/250.015,COUNTERPARTY_23347
d9e3a7fe9481987203e2be307689b908,COMP_0793,invoice,2026-01-26,2026-02-25,2026-02-23 00:00:00,17987.59,0.0,EUR,EUR,1.0,paid,N.Fra TB2026F/8 COUNTERPARTY_54687 Ef 1,COUNTERPARTY_54687
e307279c63fdfc3e5a810ac93eb0ead8,COMP_0793,invoice,2025-06-30,2025-06-30,2025-07-10 00:00:00,-344.85,0.0,EUR,EUR,1.0,paid,S.Fra /683 COUNTERPARTY_33161 Ef 1S25/3054,COUNTERPARTY_47731
17fb82ffd015736c9c3577a00f3561f6,COMP_0793,invoice,2025-06-20,2025-07-20,2025-07-01 00:00:00,-366.52,0.0,EUR,EUR,1.0,paid,S.Fra /1028 COUNTERPARTY_47799 Ef [NUM],COUNTERPARTY_47799
1ae75638922e5dc6c714687b21f57a13,COMP_0793,invoice,2025-06-06,2025-07-06,2025-06-06 00:00:00,-199.98,0.0,EUR,EUR,1.0,paid,S.Fra /522 COUNTERPARTY_49050 Ef 1IA5119,COUNTERPARTY_55099
1ec70d7c0c67d0b2797ae33fac8ff1b6,COMP_0793,invoice,2026-02-01,2026-02-01,2026-02-01 00:00:00,-29.04,0.0,EUR,EUR,1.0,paid,S.Fra /77 COUNTERPARTY_06745 Ef [NUM],COUNTERPARTY_06745
2ad297a3d7bf62d7565b8707b5986c63,COMP_0793,invoice,2025-12-22,2025-12-22,2026-01-12 00:00:00,-169.6,0.0,EUR,EUR,1.0,paid,S.Fra /2048 COUNTERPARTY_54547 Ef 1F/2025/11,COUNTERPARTY_54547
3097baf60dcf707fbffc57b02380642c,COMP_0793,invoice,2025-06-10,2025-06-10,2025-06-10 00:00:00,-290.38,0.0,EUR,EUR,1.0,paid,S.Fra /653 [COMPANY] Ef 164,COUNTERPARTY_22440
31f8e16310c971a8d02e9ec3ba5732f0,COMP_0793,invoice,2025-07-29,2025-08-28,2025-07-29 00:00:00,-890.0,0.0,EUR,EUR,1.0,paid,S.Fra /926 COUNTERPARTY_50051. Ef 1S05/5278,COUNTERPARTY_50051
63ea16c510d8b32a82c53a80078e6325,COMP_0001,invoice,2025-06-27,2025-06-27,2025-07-11 00:00:00,15730.0,0.0,EUR,EUR,1.0,paid,N.Fra TB2025F/71 [COMPANY] Ef 1,COUNTERPARTY_03903
7771a69020f616bee3fbc7bd792f3a54,COMP_0793,invoice,2025-05-29,2025-05-29,2025-05-29 00:00:00,209.15,0.0,EUR,EUR,1.0,paid,N.Fra TB2025F/192 COUNTERPARTY_48877 Ef 1,COUNTERPARTY_48877
85135d80bca586446b400a9b927963c0,COMP_0001,invoice,2025-09-29,2025-09-29,2025-11-10 00:00:00,12100.0,0.0,EUR,EUR,1.0,paid,N.Fra TB2025F/155 [COMPANY] Ef 1,COUNTERPARTY_03903
8f1203033be62424efa44a068e9aa4ee,COMP_0793,invoice,2025-09-22,2025-11-21,2025-09-22 00:00:00,-988.86,0.0,EUR,EUR,1.0,paid,S.Fra /1399 COUNTERPARTY_42722 Ef 1F[NUM],COUNTERPARTY_42722
a505bee0a3caa2919961b8d92b5c23e0,COMP_0793,invoice,2025-04-30,2025-04-30,2025-05-28 00:00:00,41322.43,0.0,EUR,EUR,1.0,paid,N.Fra TB2025F/169 COUNTERPARTY_48639 Ef 1,COUNTERPARTY_48639
df3ea234a996a53057210efc96ada0e2,COMP_0793,invoice,2025-04-30,2025-05-30,2025-05-30 00:00:00,-68.1,0.0,EUR,EUR,1.0,paid,S.Fra /398 COUNTERPARTY_23748 Ef 1FV[NUM],COUNTERPARTY_23748
0697e008c92bd76d539095c3604dd2ec,COMP_0793,invoice,2026-01-23,2026-01-23,2026-01-23 00:00:00,-245.92,0.0,EUR,EUR,1.0,paid,S.Fra /113 COUNTERPARTY_50141 Ef 102GC480,COUNTERPARTY_50141
0b581aaae360e9d1dc9aa26353594ccf,COMP_0793,invoice,2025-04-29,2025-05-29,2025-06-06 00:00:00,-1544.55,0.0,EUR,EUR,1.0,paid,S.Fra /369 COUNTERPARTY_47596 Ef 1FV2025-0099,COUNTERPARTY_47596
1aef879e04094cd6b44a9f53d3b8d807,COMP_0793,invoice,2025-12-23,2026-01-22,2026-01-14 00:00:00,990.53,0.0,EUR,EUR,1.0,paid,N.Fra TB2025F/605 COUNTERPARTY_49557 Ef 1,COUNTERPARTY_49557
1b35fcf0af4e32ab26251778843d45c4,COMP_0793,invoice,2025-05-06,2025-05-06,2025-05-06 00:00:00,550.17,0.0,EUR,EUR,1.0,paid,N.Fra TB2025F/173 COUNTERPARTY_48877 Ef 1,COUNTERPARTY_48877
32a7fe1e45c8d03966f2031cf93b7984,COMP_0793,invoice,2025-09-22,2025-10-22,2025-09-24 00:00:00,-29.61,0.0,EUR,EUR,1.0,paid,S.Fra /1279 COUNTERPARTY_07226 Ef 1ES51ACH0ABEI,COUNTERPARTY_18040
39265aa893fdccb3f8d68b2aa17274a0,COMP_0001,invoice,2025-05-30,2025-05-30,2025-06-03 00:00:00,-119.63,0.0,EUR,EUR,1.0,paid,S.Fra /COUNTERPARTY_49568 SUCURSAL ESPAÑA Ef 1ES51[X],COUNTERPARTY_48241
39bcecfdddc122b4411fec496871c288,COMP_0793,invoice,2025-06-10,2025-07-10,2025-06-10 00:00:00,-19.99,0.0,EUR,EUR,1.0,paid,S.Fra /[COMPANY] Ef [NUM],COUNTERPARTY_43184
3ec0aba590d72e9158ad93d80409054e,COMP_0793,invoice,2025-01-28,2025-01-28,2025-01-28 00:00:00,153.75,0.0,EUR,EUR,1.0,paid,N.Fra TB2025F/18 COUNTERPARTY_48877 Ef 1,COUNTERPARTY_48877
478eef3c7ff1c7183d37e3401f151c36,COMP_0001,invoice,2026-01-26,2026-01-26,2026-02-06 00:00:00,32726.87,0.0,EUR,EUR,1.0,paid,N.Fra TB2026F/6 [COMPANY] Ef 1,COUNTERPARTY_03903
54477ee75b8fbff365b735746a2b9909,COMP_0793,invoice,2026-01-01,2026-01-01,2026-02-10 00:00:00,-222.64,0.0,EUR,EUR,1.0,paid,S.Fra /57 COUNTERPARTY_07284 Ef 187,COUNTERPARTY_07284
5a49d9c96768bd1c7d214c65612611ae,COMP_0793,invoice,2025-07-31,2025-07-31,2025-09-10 00:00:00,-336.31,0.0,EUR,EUR,1.0,paid,S.Fra /919 COUNTERPARTY_56541 Ef 125/3896,COUNTERPARTY_56541
60e0afd0413d3ec70c17fb462754aaac,COMP_0001,invoice,2025-07-23,2025-08-22,2025-07-23 00:00:00,-149.46,0.0,EUR,EUR,1.0,paid,S.Fra /160 COUNTERPARTY_01023 Ef [REF],COUNTERPARTY_49480
65d87d2a2754fbafafb319ac50db52c5,COMP_0793,invoice,2025-12-18,2025-12-18,2026-01-08 00:00:00,21396.89,0.0,EUR,EUR,1.0,paid,N.Fra TB2025F/580 COUNTERPARTY_48639 Ef 1,COUNTERPARTY_48639
6a33fbfffd6fd165e91c006d3b908623,COMP_0793,invoice,2025-11-13,2025-12-13,2025-11-17 00:00:00,-46.77,0.0,EUR,EUR,1.0,paid,S.Fra /1762 COUNTERPARTY_07226 Ef 1ES51MMT8ABEI,COUNTERPARTY_18040
714088fcc086d3461c1dd478219b4529,COMP_0793,invoice,2025-07-08,2025-08-07,2025-08-11 00:00:00,-2178.0,0.0,EUR,EUR,1.0,paid,S.Fra /780 COUNTERPARTY_40572 Ef 12025-035,COUNTERPARTY_40572
748589df636ef2b74550c96ef29a5156,COMP_0793,invoice,2025-09-29,2025-09-29,2025-10-06 00:00:00,132.6,0.0,EUR,EUR,1.0,paid,N.Fra TB2025F/424 COUNTERPARTY_06305 Ef 1,COUNTERPARTY_06305
778a9176a4a6dfeb6cfa12dc35c8b239,COMP_0001,invoice,2025-06-10,2025-06-10,2025-07-11 00:00:00,145.19,0.0,EUR,EUR,1.0,paid,N.Fra TB2025F/62 [COMPANY] Ef 1,COUNTERPARTY_03903
7b50301084d421dd3560f2e27cd911fa,COMP_0001,invoice,2025-01-07,2025-01-07,2025-01-07 00:00:00,-644.24,0.0,EUR,EUR,1.0,paid,S.Fra /3 COUNTERPARTY_56571 Ef 1TB-2025-A2,COUNTERPARTY_56571
8335f3071fcde9f1cf9bd9a905bdf1f0,COMP_0793,invoice,2026-01-26,2026-01-26,2026-02-09 00:00:00,17167.98,0.0,EUR,EUR,1.0,paid,N.Fra TB2026F/9 COUNTERPARTY_49391 Ef 1,COUNTERPARTY_49391
85654fc15489e5231552fa21d2851978,COMP_0793,invoice,2026-01-26,2026-01-26,2026-02-11 00:00:00,24449.96,0.0,EUR,EUR,1.0,paid,N.Fra TB2026F/12 COUNTERPARTY_47852 Ef 1,COUNTERPARTY_47852
8654341b25ecbbcd4bc8c6d5dcefadaf,COMP_0793,invoice,2025-10-22,2025-10-22,2025-11-07 00:00:00,-6050.0,0.0,EUR,EUR,1.0,paid,S.Fra /1612 [COMPANY] Ef 1185,COUNTERPARTY_22440
8a1fbc154927eaeed9b51e177dcec104,COMP_0793,invoice,2025-04-30,2025-04-30,2025-05-06 00:00:00,-3630.0,0.0,EUR,EUR,1.0,paid,S.Fra /376 [COMPANY] Ef 136,COUNTERPARTY_22440
9586ae0838387ec8be353ebdb7eb04b4,COMP_0793,invoice,2025-11-27,2025-11-27,2025-12-15 00:00:00,73318.01,0.0,EUR,EUR,1.0,paid,N.Fra TB2025F/565 COUNTERPARTY_48639 Ef 1,COUNTERPARTY_48639
98fd5bc83d3601402a50a47c93fb69f2,COMP_0793,invoice,2025-08-08,2025-10-07,2025-08-08 00:00:00,-193.12,0.0,EUR,EUR,1.0,paid,S.Fra /1142 COUNTERPARTY_42722 Ef 1F[NUM],COUNTERPARTY_42722
a7343bd64089e283a296ee2bcc3d60f9,COMP_0001,invoice,2025-05-23,2025-05-23,2025-06-09 00:00:00,259.57,0.0,EUR,EUR,1.0,paid,N.Fra TB2025F/54 [COMPANY] Ef 1,COUNTERPARTY_03903
ae070b7891f559ced759e85f4f9424a2,COMP_0793,invoice,2025-06-27,2025-06-27,2025-07-15 00:00:00,3341.71,0.0,EUR,EUR,1.0,paid,N.Fra TB2025F/276 COUNTERPARTY_48639 Ef 1,COUNTERPARTY_48639
b04e1f893c7d032bbc6a3168e882a226,COMP_0793,invoice,2025-12-19,2025-12-19,2025-12-19 00:00:00,-1380.61,0.0,EUR,EUR,1.0,paid,S.Fra /2015 COUNTERPARTY_56602 Ef [NUM],COUNTERPARTY_56602
b7967631d786bb4dfd36aecc687d8439,COMP_0793,invoice,2025-10-05,2025-11-04,2025-10-05 00:00:00,-24.6,0.0,EUR,EUR,1.0,paid,S.Fra /1505 COUNTERPARTY_07226 Ef 1ES51DAI1ABEI,COUNTERPARTY_18040
dba27f366d957e933cc620f0551b060c,COMP_0793,invoice,2025-03-26,2025-03-26,2025-03-26 00:00:00,904.4,0.0,EUR,EUR,1.0,paid,N.Fra TB2025F/95 COUNTERPARTY_48877 Ef 1,COUNTERPARTY_48877
e6c430d25dd2c1b330ca196727607290,COMP_0793,invoice,2025-12-31,2025-12-31,2026-01-02 00:00:00,477.64,0.0,EUR,EUR,1.0,paid,N.Fra TB2025F/616 COUNTERPARTY_33572 Ef 1,COUNTERPARTY_33572
e6d724a30c7ec71d92440a915e57f85e,COMP_0793,invoice,2025-07-24,2025-07-24,2025-07-24 00:00:00,-3207.71,0.0,EUR,EUR,1.0,paid,S.Fra /774 [COMPANY] Ef 190,COUNTERPARTY_22440
f25b54cf114398de0c8902b88a741adf,COMP_0001,invoice,2025-11-30,2025-11-30,2025-11-30 00:00:00,-79.46,0.0,EUR,EUR,1.0,paid,S.Fra /224 COUNTERPARTY_51811 Ef 1CI[NUM]-1125,COUNTERPARTY_51811
f595e32782795b0d7620aa821e0e8d5c,COMP_0793,invoice,2025-06-30,2025-07-30,2025-06-30 00:00:00,-308.94,0.0,EUR,EUR,1.0,paid,S.Fra /690 COUNTERPARTY_10436 Ef [NUM],COUNTERPARTY_10436
fed7d4f5f3b8258b54d00d3580bff77a,COMP_0793,invoice,2025-07-25,2025-08-24,2025-07-25 00:00:00,-11.58,0.0,EUR,EUR,1.0,paid,S.Fra /973 COUNTERPARTY_07226 Ef 1ES510[X],COUNTERPARTY_18040
0301e3a31073889241fb1a617e2683b0,COMP_0793,invoice,2025-05-22,2025-05-22,2025-06-04 00:00:00,124.84,0.0,EUR,EUR,1.0,paid,N.Fra TB2025F/182 COUNTERPARTY_47852 Ef 1,COUNTERPARTY_47852
075b7d8b70711cd4b1567463b8ed3d12,COMP_0793,invoice,2025-09-02,2025-09-02,2025-09-10 00:00:00,142.56,0.0,EUR,EUR,1.0,paid,N.Fra TB2025F/377 COUNTERPARTY_38868 Ef 1,COUNTERPARTY_38868
24ea42160000383fdf136b4a3455fbaa,COMP_0001,invoice,2026-02-22,2026-03-24,2026-02-22 00:00:00,-203.76,0.0,EUR,EUR,1.0,paid,S.Fra /[COMPANY] Ef 1ZB26-[NUM],COUNTERPARTY_28286
2ff5bff82cbd8e25b6b97271696fc6da,COMP_0001,invoice,2025-01-09,2025-01-09,2025-01-09 00:00:00,12100.0,0.0,EUR,EUR,1.0,paid,N.Fra TB2025F/4 [COMPANY] Ef 1,COUNTERPARTY_03903
46023f3f2a1e1b9c17921ceb16dac102,COMP_0793,invoice,2025-12-18,2025-12-18,2026-01-08 00:00:00,26995.5,0.0,EUR,EUR,1.0,paid,N.Fra TB2025F/585 COUNTERPARTY_48639 Ef 1,COUNTERPARTY_48639
473ec865c8ab787546c93e024d6fdd8d,COMP_0001,invoice,2025-04-30,2025-04-30,2025-04-30 00:00:00,6050.0,0.0,EUR,EUR,1.0,paid,N.Fra TB2025F/41 [COMPANY] Ef 1,COUNTERPARTY_03903
49bbd813d0e42f440c5ea68a252dfe63,COMP_0001,invoice,2025-06-10,2025-07-10,2025-06-10 00:00:00,-146.42,0.0,EUR,EUR,1.0,paid,S.Fra /153 COUNTERPARTY_49050 Ef 1IA5642,COUNTERPARTY_49050
528aebe71ede0a5e726b20d7fac8a3c9,COMP_0793,invoice,2025-07-28,2025-07-28,2025-09-15 00:00:00,7678.31,0.0,EUR,EUR,1.0,paid,N.Fra TB2025F/306 COUNTERPARTY_49391 Ef 1,COUNTERPARTY_49391
550aad537b9cf7661f739356074acfd0,COMP_0793,invoice,2026-07-31,2026-08-30,2026-07-31 00:00:00,-697.88,0.0,EUR,EUR,1.0,paid,S.Fra /1831 COUNTERPARTY_51927 Ef 171,COUNTERPARTY_51927
576ebffdba2d35e3bf33a3711b302d5f,COMP_0793,invoice,2025-05-28,2025-06-27,2025-05-28 00:00:00,-33.57,0.0,EUR,EUR,1.0,paid,S.Fra /479 COUNTERPARTY_10160 Ef 1F[NUM],COUNTERPARTY_35185
5c522820d3312152410eb77559f71738,COMP_0793,invoice,2025-04-08,2025-05-08,2025-04-08 00:00:00,-332.81,0.0,EUR,EUR,1.0,paid,S.Fra /382 COUNTERPARTY_18906 Ef 22025/3530,COUNTERPARTY_18906
5ea86ca01ec1b1e41400cf82d4010f5e,COMP_0793,invoice,2025-07-24,2025-07-24,2025-07-24 00:00:00,-464.64,0.0,EUR,EUR,1.0,paid,S.Fra /845 [COMPANY] Ef 1110,COUNTERPARTY_22440
5f8a13af4f24f4478154f90439c57df5,COMP_0793,invoice,2025-07-11,2025-07-11,2025-07-11 00:00:00,-6050.0,0.0,EUR,EUR,1.0,paid,S.Fra /757 COUNTERPARTY_15356 Ef 119,COUNTERPARTY_22140
7163f340dbe35099f351fc14c0001649,COMP_0793,invoice,2026-01-21,2026-01-21,2026-01-21 00:00:00,-24.3,0.0,EUR,EUR,1.0,paid,S.Fra /152 COUNTERPARTY_01767 Ef 15,COUNTERPARTY_01767
71b9b64bf6dd094d420f8a01f3a6aaa0,COMP_0793,invoice,2025-04-08,2025-04-08,2025-05-13 00:00:00,-332.81,0.0,EUR,EUR,1.0,paid,S.Fra /382 COUNTERPARTY_18906 Ef 12025/3530,COUNTERPARTY_18906
72bf36a9ae55bba2ca8cf7586d983f11,COMP_0793,invoice,2025-11-12,2025-12-12,2025-11-12 00:00:00,-34.34,0.0,EUR,EUR,1.0,paid,S.Fra /1903 COUNTERPARTY_48052 Ef 1A356182,COUNTERPARTY_48052
7851cf3c40341d327868989bb3e9caeb,COMP_0793,invoice,2025-12-01,2025-12-31,2025-12-30 00:00:00,-34.92,0.0,EUR,EUR,1.0,paid,S.Fra /1892 COUNTERPARTY_11579 Ef 12025/21/007338,COUNTERPARTY_11579
7ab7cd6720fa28aa48e2e8f18c841f8f,COMP_0793,invoice,2026-02-10,2026-03-12,2026-02-10 00:00:00,47287.38,0.0,EUR,EUR,1.0,paid,S.Fra /290 COUNTERPARTY_18583 Ef [REF],COUNTERPARTY_18583
84d18d52652fb07255b091df74bab91b,COMP_0793,invoice,2025-07-31,2025-07-31,2025-09-01 00:00:00,-582.71,0.0,EUR,EUR,1.0,paid,S.Fra /952 COUNTERPARTY_10436 Ef 1FA122726,COUNTERPARTY_10436
9c15b00134876a92d3daeb68500d2ad4,COMP_0793,invoice,2025-07-03,2025-08-02,2025-07-03 00:00:00,-1.5,0.0,EUR,EUR,1.0,paid,S.Fra /795 COUNTERPARTY_56769 Ef 1034-[NUM],COUNTERPARTY_56769
a6a99568442a4f1dba687fbefb78d07f,COMP_0793,invoice,2025-10-01,2025-10-01,2025-10-23 00:00:00,18703.58,0.0,EUR,EUR,1.0,paid,N.Fra TB2025F/434 COUNTERPARTY_48639 Ef 1,COUNTERPARTY_48639
b0f463be6ad954299ee11594e655f87f,COMP_0793,invoice,2025-04-10,2025-05-10,2025-04-10 00:00:00,2218.76,0.0,EUR,EUR,1.0,paid,S.Fra /344 COUNTERPARTY_02692 Ef 125AA007140,COUNTERPARTY_50210
b306d6528a7c057ca38c37a2a20296ee,COMP_0793,invoice,2025-08-07,2025-10-06,2025-08-07 00:00:00,-1629.54,0.0,EUR,EUR,1.0,paid,S.Fra /1137 COUNTERPARTY_42722 Ef 1F[NUM],COUNTERPARTY_42722
cd674e89b590192bcb56dfa03872ff8d,COMP_0793,invoice,2025-09-25,2025-09-25,2025-12-01 00:00:00,-118.45,0.0,EUR,EUR,1.0,paid,S.Fra /2088 COUNTERPARTY_27278 Ef 12025/034820,COUNTERPARTY_27278
d5923f8bbc7a642927aa21430e373082,COMP_0793,invoice,2025-05-01,2025-05-01,2025-05-01 00:00:00,-2448.0,0.0,EUR,EUR,1.0,paid,S.Fra /534 COUNTERPARTY_16268. Ef 1TB-2025-F20,COUNTERPARTY_16268
d6ba7667262b378c6b61b941b5dd60dc,COMP_0793,invoice,2025-08-19,2025-08-19,2025-08-19 00:00:00,-0.3,0.0,EUR,EUR,1.0,paid,S.Fra /1153 COUNTERPARTY_00061 Ef [REF],COUNTERPARTY_22769
d75783fb89f1df292ce2edce2c912354,COMP_0793,invoice,2025-09-29,2025-09-29,2025-10-22 00:00:00,87588.2,0.0,EUR,EUR,1.0,paid,N.Fra TB2025F/408 COUNTERPARTY_48298 Ef 1,COUNTERPARTY_48298
df6209887374e84b694dc7d4be4df6d0,COMP_0793,invoice,2026-01-30,2026-01-30,2026-01-30 00:00:00,-0.91,0.0,EUR,EUR,1.0,paid,S.Fra /123 COUNTERPARTY_00061 Ef [REF],COUNTERPARTY_22769
e1c0782edfcc8594cb081c43d6639c7c,COMP_0793,invoice,2025-10-31,2025-10-31,2025-12-01 00:00:00,-37.79,0.0,EUR,EUR,1.0,paid,S.Fra /1633 COUNTERPARTY_10436 Ef 1DA124330,COUNTERPARTY_10436
e2cc9c18dbad006a068d971fdc4118b1,COMP_0793,invoice,2025-01-28,2025-01-28,2025-01-28 00:00:00,452.98,0.0,EUR,EUR,1.0,paid,N.Fra TB2025F/15 COUNTERPARTY_48877 Ef 1,COUNTERPARTY_48877
e4bbff470691faa44d08875fa79ce071,COMP_0793,invoice,2025-04-30,2025-05-30,2025-06-06 00:00:00,-174.85,0.0,EUR,EUR,1.0,paid,S.Fra /456 COUNTERPARTY_48575 Ef [NUM],COUNTERPARTY_48575
eebfb11124ae663ae4f3425a4efdcd6c,COMP_0793,invoice,2025-07-28,2025-07-28,2025-09-15 00:00:00,14576.62,0.0,EUR,EUR,1.0,paid,N.Fra TB2025F/304 COUNTERPARTY_49391 Ef 1,COUNTERPARTY_49391
f0be6b2a70c275a13b38be2bfa709afe,COMP_0793,invoice,2025-08-29,2025-09-28,2025-09-08 00:00:00,-29.0,0.0,EUR,EUR,1.0,paid,S.Fra /1196 COUNTERPARTY_18477 Ef [NUM]/AV,COUNTERPARTY_31747
f257c87bac6b65d59f159f99e241c18b,COMP_0793,invoice,2025-05-23,2025-05-23,2025-06-06 00:00:00,-397.5,0.0,EUR,EUR,1.0,paid,S.Fra /444 [COMPANY] Ef 153,COUNTERPARTY_22440
f2e103044a5c0f97380107abebec2220,COMP_0793,invoice,2025-12-01,2025-12-01,2026-01-12 00:00:00,-222.64,0.0,EUR,EUR,1.0,paid,S.Fra /1921 COUNTERPARTY_07284 Ef 13.526,COUNTERPARTY_07284
1349900009ad4092e2038228dff265a4,COMP_0793,invoice,2025-09-29,2025-09-29,2025-10-30 00:00:00,140.94,0.0,EUR,EUR,1.0,paid,N.Fra TB2025F/420 COUNTERPARTY_38868 Ef 1,COUNTERPARTY_38868
1d453e5c3da2dd524feb14c8f616dec6,COMP_0793,invoice,2025-07-03,2025-07-03,2025-07-03 00:00:00,15903.44,0.0,EUR,EUR,1.0,paid,N.Fra TB2025F/290 COUNTERPARTY_49391 Ef 1,COUNTERPARTY_49391
3137adea1a35a0978295a49bdfb25fb2,COMP_0793,invoice,2025-12-31,2025-12-31,2025-12-31 00:00:00,165.31,0.0,EUR,EUR,1.0,paid,N.Fra TB2025F/634 COUNTERPARTY_51678 Ef 1,COUNTERPARTY_51678
31d2f0597e19237588b45a5b3d5723d2,COMP_0793,invoice,2025-07-02,2025-07-02,2025-07-02 00:00:00,230.87,0.0,EUR,EUR,1.0,paid,N.Fra TB2025F/287 COUNTERPARTY_15652 Ef 1,COUNTERPARTY_15652
3c65e0c8843e70f155dd86cf36516c2c,COMP_0793,invoice,2025-10-01,2025-10-31,2025-10-01 00:00:00,-809.71,0.0,EUR,EUR,1.0,paid,S.Fra /1428 COUNTERPARTY_10795 Ef 11T01578M,COUNTERPARTY_23778
472c5f0e9dbdb4f665d63c0e3894355c,COMP_0793,invoice,2025-12-31,2025-12-31,2026-01-05 00:00:00,306.89,0.0,EUR,EUR,1.0,paid,N.Fra TB2025F/631 COUNTERPARTY_06305 Ef 1,COUNTERPARTY_06305
4dfb803551ac028f274b5aded01881d7,COMP_0793,invoice,2025-04-30,2025-05-30,2025-07-10 00:00:00,-24169.75,0.0,EUR,EUR,1.0,paid,S.Fra /365 COUNTERPARTY_07215 Ef 181,COUNTERPARTY_07215
64650247b3b94d4c5c0d08ea92f48686,COMP_0793,invoice,2025-05-08,2025-05-08,2025-05-09 00:00:00,-2212.18,0.0,EUR,EUR,1.0,paid,S.Fra /413 COUNTERPARTY_07277. Ef 12025/488,COUNTERPARTY_07277
7088d8dd80a161a22f6eb2a120e0decc,COMP_0793,invoice,2025-05-30,2025-06-29,2025-07-10 00:00:00,-245.53,0.0,EUR,EUR,1.0,paid,S.Fra /490 COUNTERPARTY_51473 Ef 1F25-1876,COUNTERPARTY_51473
7b729be3cdbdf3e74e0f4d45aeba2583,COMP_0001,invoice,2025-05-18,2025-06-20,2025-05-18 00:00:00,-69.99,0.0,EUR,EUR,1.0,paid,S.Fra /86 COUNTERPARTY_01678 Ef 1ES51[X]7AEUI,COUNTERPARTY_48241
86356af140b019e2a2b61ab51d390dc7,COMP_0793,invoice,2025-09-15,2025-10-15,2025-11-07 00:00:00,-786.17,0.0,EUR,EUR,1.0,paid,S.Fra /1378 COUNTERPARTY_48090 Ef 190602,COUNTERPARTY_48090
89f18e95386127c032fbd04e0e60226d,COMP_0793,invoice,2025-06-12,2025-07-12,2025-06-12 00:00:00,-530.46,0.0,EUR,EUR,1.0,paid,S.Fra /523 COUNTERPARTY_49050 Ef 1IA6870,COUNTERPARTY_55099
9daefafca9b2740066e7774182727f0d,COMP_0793,invoice,2025-04-15,2025-04-15,2025-04-15 00:00:00,-664.99,0.0,EUR,EUR,1.0,paid,S.Fra /422 COUNTERPARTY_56937 Ef 1FG-ES-[NUM],COUNTERPARTY_56937
a039231afd33ebf7be86d11cc37d99ce,COMP_0793,invoice,2025-04-29,2025-04-29,2025-04-29 00:00:00,-94.99,0.0,EUR,EUR,1.0,paid,S.Fra /[COMPANY] Ef [NUM],COUNTERPARTY_43184
ba67b01f4a784181a1ae908928460ebd,COMP_0793,invoice,2026-02-09,2026-03-11,2026-02-09 00:00:00,-488.07,0.0,EUR,EUR,1.0,paid,S.Fra /249 COUNTERPARTY_48052 Ef 162234,COUNTERPARTY_48052
c57eaf1a84083dc33404449605a358f8,COMP_0793,invoice,2025-03-26,2025-03-26,2025-03-26 00:00:00,188.94,0.0,EUR,EUR,1.0,paid,N.Fra TB2025F/112 COUNTERPARTY_48877 Ef 1,COUNTERPARTY_48877
d16bb84a3a83b9305a723269fb45d498,COMP_0793,invoice,2025-08-17,2025-08-17,2025-09-10 00:00:00,-9680.0,0.0,EUR,EUR,1.0,paid,S.Fra /1120 [COMPANY] Ef 1139,COUNTERPARTY_22440
d1b9b33577a1f07784894347d7969db3,COMP_0793,invoice,2025-07-03,2025-07-03,2025-07-10 00:00:00,-125.84,0.0,EUR,EUR,1.0,paid,S.Fra /700 [COMPANY] Ef [REF],COUNTERPARTY_21065
d24f410f5f4ba7d7619cae955495e37d,COMP_0793,invoice,2025-06-01,2025-06-01,2025-06-01 00:00:00,-190.73,0.0,EUR,EUR,1.0,paid,S.Fra /521 COUNTERPARTY_02242 Ef [NUM],COUNTERPARTY_56974
d7f7842e5b65be7d20be686817ec667c,COMP_0793,invoice,2025-09-05,2025-11-04,2025-09-05 00:00:00,125.24,0.0,EUR,EUR,1.0,paid,S.Fra /1373 COUNTERPARTY_42722 Ef 1AB[NUM],COUNTERPARTY_42722
edd4e81ee362f6e5efe4f9e3f9e5f893,COMP_0793,invoice,2024-12-17,2025-01-16,2024-12-17 00:00:00,-89.99,0.0,EUR,EUR,1.0,paid,S.Fra /[COMPANY] Ef [NUM],COUNTERPARTY_43184
fc04a9b4036b39045d10d21ff8bae4d6,COMP_0001,invoice,2025-02-03,2025-02-03,2025-02-03 00:00:00,-281.89,0.0,EUR,EUR,1.0,paid,S.Fra /18 COUNTERPARTY_56571 Ef 1:TB-2025-A5,COUNTERPARTY_56571
04a567af28e3bde390d4028c4359de38,COMP_0793,invoice,2025-07-03,2025-07-03,2025-07-03 00:00:00,-637.96,0.0,EUR,EUR,1.0,paid,N.Fra TB2025F/288 COUNTERPARTY_49391 Ef 1,COUNTERPARTY_49391
09d415aed0e3f284b77f8383be3b06f1,COMP_0793,invoice,2025-06-22,2025-06-22,2025-06-22 00:00:00,-85.92,0.0,EUR,EUR,1.0,paid,S.Fra /528 COUNTERPARTY_23799. Ef 133718,COUNTERPARTY_28032
09d93c872767a2be12832151d135f1c6,COMP_0793,invoice,2026-02-26,2026-02-26,2026-02-27 00:00:00,298.83,0.0,EUR,EUR,1.0,paid,N.Fra TB2026F/131 COUNTERPARTY_38868 Ef 1,COUNTERPARTY_38868
0d418ca0b9d17a30fb035144903effa4,COMP_0793,invoice,2025-08-17,2025-08-17,2025-10-13 00:00:00,-4840.0,0.0,EUR,EUR,1.0,paid,S.Fra /1188 [COMPANY] Ef 1149,COUNTERPARTY_22440
2103d5c41479cd313e74bbdaecc143ab,COMP_0793,invoice,2025-06-04,2025-06-04,2025-06-04 00:00:00,-2448.0,0.0,EUR,EUR,1.0,paid,S.Fra /498 COUNTERPARTY_16268. Ef 1TB-2025-Z1,COUNTERPARTY_16268
2e3742a042d0e5d3d16bf64ba6a6bba4,COMP_0793,invoice,2026-01-30,2026-01-30,2026-02-18 00:00:00,27980.55,0.0,EUR,EUR,1.0,paid,N.Fra TB2026F/63 COUNTERPARTY_48639 Ef 1,COUNTERPARTY_48639
3ce9df7e898cafe460288d7e7f4ea8dc,COMP_0793,invoice,2025-07-28,2025-07-28,2025-07-28 00:00:00,-1087.14,0.0,EUR,EUR,1.0,paid,S.Fra /913 COUNTERPARTY_57044 Ef [NUM],COUNTERPARTY_57044
3eb4f5f3803f1548a045bc57fb4ad1c9,COMP_0793,invoice,2026-01-12,2026-02-11,2026-01-12 00:00:00,-248.05,0.0,EUR,EUR,1.0,paid,S.Fra /96 COUNTERPARTY_57046 Ef 1XS26-4124,COUNTERPARTY_57046
465e5d5b9d98f6be0663542e597bf563,COMP_0793,invoice,2025-11-25,2025-11-25,2025-11-28 00:00:00,31241.0,0.0,EUR,EUR,1.0,paid,N.Fra TB2025F/516 COUNTERPARTY_47852 Ef 1,COUNTERPARTY_47852
49ada86298f799173da28c9a1f42d4b6,COMP_0793,invoice,2026-02-10,2026-02-10,2026-03-01 00:00:00,-0.91,0.0,EUR,EUR,1.0,paid,S.Fra /688 COUNTERPARTY_00061 Ef 189555,COUNTERPARTY_22769
55a85e8d3f65558b961d308ec344dcda,COMP_0001,invoice,2025-09-29,2025-09-29,2025-10-14 00:00:00,9075.0,0.0,EUR,EUR,1.0,paid,N.Fra TB2025F/167 [COMPANY] Ef 1,COUNTERPARTY_03903
73213bbacbf53b35300423b87eb21db3,COMP_0793,invoice,2025-07-28,2025-07-28,2025-07-29 00:00:00,115.08,0.0,EUR,EUR,1.0,paid,N.Fra TB2025F/329 COUNTERPARTY_33572 Ef 1,COUNTERPARTY_33572
7923caba39bd64fd5c9d4651139113f6,COMP_0793,invoice,2025-03-25,2025-04-24,2025-04-01 00:00:00,-553.83,0.0,EUR,EUR,1.0,paid,S.Fra /421 COUNTERPARTY_47799 Ef [NUM],COUNTERPARTY_47799
81b9e828f30c6a1d836d7653408d4f89,COMP_0793,invoice,2025-09-23,2025-09-23,2025-09-23 00:00:00,-477.0,0.0,EUR,EUR,1.0,paid,"S.Fra /1435 COUNTERPARTY_57085, Ef [NUM]",COUNTERPARTY_57085
89990aee2d112f5c52796e8a506edd6b,COMP_0793,invoice,2026-01-26,2026-02-25,2026-02-18 00:00:00,76998.35,0.0,EUR,EUR,1.0,paid,N.Fra TB2026F/7 COUNTERPARTY_05961 Ef 1,COUNTERPARTY_05961
aa94620cfdbd844d2f213624e87f1f5a,COMP_0793,invoice,2025-09-24,2025-10-24,2025-09-24 00:00:00,-109.0,0.0,EUR,EUR,1.0,paid,S.Fra /1285 COUNTERPARTY_52064 Ef 1RO2025-[NUM],COUNTERPARTY_52064
b6af4b452fba371963319e870c16a52f,COMP_0793,invoice,2025-08-01,2025-08-01,2025-08-01 00:00:00,-1.31,0.0,EUR,EUR,1.0,paid,S.Fra /[COMPANY] Ef [REF],COUNTERPARTY_47950
bb6d9ce862e97b1382bae12c0ebbb819,COMP_0793,invoice,2025-06-20,2025-07-20,2025-06-20 00:00:00,-316.32,0.0,EUR,EUR,1.0,paid,S.Fra /527 COUNTERPARTY_49050 Ef 1IA9459,COUNTERPARTY_55099
bee88f54e09eb2a1f8b1a438d12256fb,COMP_0793,invoice,2025-08-07,2025-09-06,2025-08-07 00:00:00,-221.61,0.0,EUR,EUR,1.0,paid,S.Fra /998 COUNTERPARTY_33224 Ef [NUM],COUNTERPARTY_35897
cb870c5dee256ff472918e53aa614bc7,COMP_0793,invoice,2025-10-28,2025-11-27,2025-11-17 00:00:00,-162.99,0.0,EUR,EUR,1.0,paid,S.Fra /1695 COUNTERPARTY_18583 Ef [REF],COUNTERPARTY_18583
dfa2a50dec8c56116418f0cfa0fa4917,COMP_0001,invoice,2025-06-19,2025-06-19,2025-06-20 00:00:00,-33.72,0.0,EUR,EUR,1.0,paid,S.Fra /131 COUNTERPARTY_01678 Ef 1ES51PY1[X],COUNTERPARTY_48241
e23ed677c1a1f726b526637d977f82a7,COMP_0793,invoice,2025-06-06,2025-06-06,2025-06-06 00:00:00,-653.04,0.0,EUR,EUR,1.0,paid,S.Fra /641 COUNTERPARTY_33161 Ef 1S25/2459,COUNTERPARTY_47731
ef597b96b837082891c454e24025a3b5,COMP_0793,invoice,2025-09-29,2025-09-29,2025-10-13 00:00:00,-4840.0,0.0,EUR,EUR,1.0,paid,S.Fra /1450 [COMPANY] Ef 1157,COUNTERPARTY_22440
f39ae8a4033c3a704f0d8feba38355a9,COMP_0793,invoice,2025-12-31,2025-12-31,2025-12-31 00:00:00,-29.04,0.0,EUR,EUR,1.0,paid,S.Fra /2057 COUNTERPARTY_06745 Ef 19056,COUNTERPARTY_06745
f86a2ae7ebe5bd8cd546704416d3c5b2,COMP_0793,invoice,2025-11-19,2025-12-19,2025-11-19 00:00:00,454.95,0.0,EUR,EUR,1.0,paid,S.Fra /1908 COUNTERPARTY_47799 Ef 118608,COUNTERPARTY_47799
fcde517f3d683afc4615715deaacc97e,COMP_0793,invoice,2025-08-06,2025-08-06,2025-09-10 00:00:00,-108.78,0.0,EUR,EUR,1.0,paid,S.Fra /1048 COUNTERPARTY_57169 Ef 1A/125,COUNTERPARTY_57169
01137684b7da1660aa6db96ce6fba505,COMP_0793,invoice,2025-07-31,2025-07-31,2025-08-11 00:00:00,-968.0,0.0,EUR,EUR,1.0,paid,S.Fra /880 COUNTERPARTY_49814 Ef 182/2025,COUNTERPARTY_49814
1603280c1c2ce1cea36bf6cc48fccab1,COMP_0793,invoice,2026-02-10,2026-03-12,2026-03-02 00:00:00,-46191.17,0.0,EUR,EUR,1.0,paid,S.Fra /292 COUNTERPARTY_18583 Ef [REF],COUNTERPARTY_18583
1763910fe051cb339e32622da3b4de84,COMP_0793,invoice,2025-10-30,2025-11-29,2025-12-02 00:00:00,-70.24,0.0,EUR,EUR,1.0,paid,S.Fra /1709 COUNTERPARTY_23748 Ef 1FV[NUM],COUNTERPARTY_23748
2e15edf7694a4190393030686e1d7fcf,COMP_0793,invoice,2025-09-22,2025-11-21,2025-09-22 00:00:00,-1699.42,0.0,EUR,EUR,1.0,paid,S.Fra /1397 COUNTERPARTY_42722 Ef 1F[NUM],COUNTERPARTY_42722
34256ac4e8998e8c8b29b8e54ca6d3d5,COMP_0793,invoice,2025-08-17,2025-08-17,2025-09-10 00:00:00,-2722.5,0.0,EUR,EUR,1.0,paid,S.Fra /1183 [COMPANY] Ef 1141,COUNTERPARTY_22440
3ca30d7c68b21334238b5fd232951d54,COMP_0793,invoice,2025-12-05,2026-01-04,2025-12-05 00:00:00,-1247.11,0.0,EUR,EUR,1.0,paid,S.Fra /1956 COUNTERPARTY_33224 Ef [NUM],COUNTERPARTY_35897
4687642cf2eafae10ff2349e23b20c94,COMP_0001,invoice,2025-06-27,2025-06-27,2025-07-11 00:00:00,4235.0,0.0,EUR,EUR,1.0,paid,N.Fra TB2025F/72 [COMPANY] Ef 1,COUNTERPARTY_03903
5297990014adca7f8d5b10d11e661d9b,COMP_0001,invoice,2025-05-19,2025-05-19,2025-06-09 00:00:00,1815.0,0.0,EUR,EUR,1.0,paid,N.Fra TB2025F/50 [COMPANY] Ef 1,COUNTERPARTY_03903
591218b6018e965d2745696aa4785d4f,COMP_0793,invoice,2025-05-12,2025-06-11,2025-05-12 00:00:00,-378.76,0.0,EUR,EUR,1.0,paid,S.Fra /426 COUNTERPARTY_18477 Ef [NUM]/AV,COUNTERPARTY_31747
59ca92d5ae8e1bfb65d4b5d13d23b5fd,COMP_0793,invoice,2025-09-24,2025-09-24,2025-10-13 00:00:00,-190.8,0.0,EUR,EUR,1.0,paid,S.Fra /1436 COUNTERPARTY_54547 Ef 1F/2025/8,COUNTERPARTY_54547
70e3c455cc060e46fe2a39a3ca8f652b,COMP_0793,invoice,2025-07-24,2025-07-24,2025-07-24 00:00:00,-363.0,0.0,EUR,EUR,1.0,paid,S.Fra /810 [COMPANY] Ef 1104,COUNTERPARTY_22440
8514ba2e57ec8ec23f953a1855b2cb19,COMP_0793,invoice,2025-08-27,2025-09-26,2025-09-16 00:00:00,-350.78,0.0,EUR,EUR,1.0,paid,S.Fra /1242 COUNTERPARTY_18583 Ef [NUM],COUNTERPARTY_18583
abb4739b6f570646a6470f378a5375a5,COMP_0793,invoice,2025-02-26,2025-02-26,2025-02-26 00:00:00,1020.36,0.0,EUR,EUR,1.0,paid,N.Fra TB2025F/71 COUNTERPARTY_04351 Ef 1,COUNTERPARTY_04351
b4f03458c0bdc7fafcd3b9b828053b1f,COMP_0001,invoice,2025-07-24,2025-07-24,2025-07-24 00:00:00,827.64,0.0,EUR,EUR,1.0,paid,N.Fra TB2025F/112 [COMPANY] Ef 1,COUNTERPARTY_03903
b94ceda16c377e2387e0b741d573396e,COMP_0793,invoice,2026-02-25,2026-03-27,2026-02-26 00:00:00,248.78,0.0,EUR,EUR,1.0,paid,N.Fra TB2026F/108 COUNTERPARTY_57294 Ef 1,COUNTERPARTY_57294
c0a72c650e8dc51956b3354ec6bf82de,COMP_0001,invoice,2025-04-28,2025-05-20,2025-04-28 00:00:00,-189.21,0.0,EUR,EUR,1.0,paid,S.Fra /82 COUNTERPARTY_01678 Ef 1ES516YT0AEUI,COUNTERPARTY_48241
ed42e857da63c8d9432bf1be315e0275,COMP_0793,invoice,2026-01-13,2026-02-12,2026-02-10 00:00:00,-10744.8,0.0,EUR,EUR,1.0,paid,S.Fra /3 COUNTERPARTY_57323 Ef 1BIL[NUM],COUNTERPARTY_57323
f82d57c5f1a63aa9ad28005317d8f269,COMP_0001,invoice,2025-05-29,2025-06-20,2025-06-02 00:00:00,-21.49,0.0,EUR,EUR,1.0,paid,S.Fra /103 COUNTERPARTY_57328 Ef [REF],COUNTERPARTY_57328
fb6e768853e1a3b7c6e92f7521a13ad6,COMP_0793,invoice,2025-12-18,2025-12-18,2026-01-12 00:00:00,-105.27,0.0,EUR,EUR,1.0,paid,S.Fra /1984 COUNTERPARTY_42909. Ef 125/3097,COUNTERPARTY_42909
02798f6d83d7ae90c2610502c41ab78a,COMP_0793,invoice,2025-06-08,2025-06-08,2025-06-08 00:00:00,-7463.45,0.0,EUR,EUR,1.0,paid,S.Fra /555 COUNTERPARTY_23799. Ef 131275,COUNTERPARTY_28032
35a78695cbb8a85daefa23fd1b69f9a4,COMP_0793,invoice,2025-05-31,2025-06-30,2025-07-10 00:00:00,-194.21,0.0,EUR,EUR,1.0,paid,S.Fra /587 COUNTERPARTY_27660 Ef 1A/25260,COUNTERPARTY_27660
35e7a76141d1f3781339de5046f4096b,COMP_0001,invoice,2025-06-10,2025-06-10,2025-07-11 00:00:00,145.19,0.0,EUR,EUR,1.0,paid,N.Fra TB2025F/66 [COMPANY] Ef 1,COUNTERPARTY_03903
371a82cfd3350566a2fa87d40caf3af3,COMP_0793,invoice,2025-06-30,2025-06-30,2025-07-10 00:00:00,-968.0,0.0,EUR,EUR,1.0,paid,S.Fra /552 COUNTERPARTY_49814 Ef 161/2025,COUNTERPARTY_49814
3c219c31b5c47193e07e33f1306f7708,COMP_0793,invoice,2025-04-24,2025-04-24,2025-05-16 00:00:00,16495.83,0.0,EUR,EUR,1.0,paid,N.Fra TB2025F/130 COUNTERPARTY_49391 Ef 1,COUNTERPARTY_49391
3e4244ce453b0504468de95634ffd388,COMP_0001,invoice,2025-03-01,2025-03-31,2025-03-01 00:00:00,-238.77,0.0,EUR,EUR,1.0,paid,S.Fra /57 COUNTERPARTY_07183 Ef 12025L/25,COUNTERPARTY_50543
47f09bbca112c652a6881119c57853eb,COMP_0001,invoice,2025-10-22,2025-10-22,2025-11-10 00:00:00,5445.0,0.0,EUR,EUR,1.0,paid,N.Fra TB2025F/190 [COMPANY] Ef 1,COUNTERPARTY_03903
57828560cc52b28f4a3fc48e29c5e18c,COMP_0793,invoice,2025-05-29,2025-05-29,2025-05-30 00:00:00,280.6,0.0,EUR,EUR,1.0,paid,N.Fra TB2025F/189 COUNTERPARTY_33572 Ef 1,COUNTERPARTY_33572
5fb310e2efac2b56fb57f172122296bd,COMP_0793,invoice,2025-09-15,2025-09-15,2025-10-13 00:00:00,-27.83,0.0,EUR,EUR,1.0,paid,S.Fra /1346 COUNTERPARTY_39976 Ef 1A/251483,COUNTERPARTY_39976
61f53375cf351d079d552b8ac2ab99a9,COMP_0793,invoice,2025-10-09,2025-11-08,2025-11-01 00:00:00,-326.42,0.0,EUR,EUR,1.0,paid,S.Fra /1897 COUNTERPARTY_47799 Ef [NUM],COUNTERPARTY_47799
6dd7b6549d9c6dd735c816f6a74114e1,COMP_0001,invoice,2024-12-25,2025-01-24,2024-12-25 00:00:00,-4688.75,0.0,EUR,EUR,1.0,paid,S.Fra /116 COUNTERPARTY_08037 Ef 16,COUNTERPARTY_08037
6e1ad2a37acf6bc9f13f5e0cf804059a,COMP_0001,invoice,2025-08-17,2025-08-17,2025-08-26 00:00:00,-7260.01,0.0,EUR,EUR,1.0,paid,S.Fra /169 COUNTERPARTY_08037 Ef 115,COUNTERPARTY_08037
74a4b5dd24d269483639a3b1794ecc57,COMP_0001,invoice,2025-08-07,2025-08-07,2025-08-11 00:00:00,-25.98,0.0,EUR,EUR,1.0,paid,S.Fra /164 COUNTERPARTY_01678 Ef 1ES512[X],COUNTERPARTY_48241
8055272307a019c6301303813f8f21d5,COMP_0793,invoice,2025-06-04,2025-06-04,2025-06-11 00:00:00,-89.5,0.0,EUR,EUR,1.0,paid,S.Fra /538 [COMPANY] Ef [REF],COUNTERPARTY_21065
863e797ef2ef4d8e752e0079ef2bdf4c,COMP_0001,invoice,2026-01-29,2026-02-28,2026-02-17 00:00:00,-392.04,0.0,EUR,EUR,1.0,paid,S.Fra /12 COUNTERPARTY_57430 Ef 12026/176/01,COUNTERPARTY_57430
8786a0325d9dc1106603b049cf8a56ba,COMP_0793,invoice,2025-06-26,2025-07-26,2025-06-26 00:00:00,-14.98,0.0,EUR,EUR,1.0,paid,S.Fra /696 COUNTERPARTY_07226 Ef 1ES5[X]0ABEI,COUNTERPARTY_18040
984369e58a3ab0a6d9f4e93f75394943,COMP_0793,invoice,2025-05-29,2025-05-29,2025-05-29 00:00:00,966.51,0.0,EUR,EUR,1.0,paid,N.Fra TB2025F/207 COUNTERPARTY_57440 Ef 1,COUNTERPARTY_57440
9a8ca7c93b45fbc92a87f9ec5f942f12,COMP_0793,invoice,2025-12-31,2025-12-31,2025-12-31 00:00:00,724.55,0.0,EUR,EUR,1.0,paid,N.Fra TB2025F/639 COUNTERPARTY_15594 Ef 1,COUNTERPARTY_15594
9e1c9b04faccee3c4e6b68c458c2b22d,COMP_0793,invoice,2026-01-27,2026-01-27,2026-03-02 00:00:00,14407.93,0.0,EUR,EUR,1.0,paid,N.Fra TB2026F/26 COUNTERPARTY_49692 Ef 1,COUNTERPARTY_49692
a4467b447783c11296e4d159859293b6,COMP_0793,invoice,2025-06-30,2025-06-30,2025-07-10 00:00:00,-1070.9,0.0,EUR,EUR,1.0,paid,S.Fra /687 [COMPANY] Ef 186,COUNTERPARTY_22440
b09acb54f5a4dc40c84edcb5e778b458,COMP_0001,invoice,2025-08-17,2025-08-16,2025-09-11 00:00:00,2722.5,0.0,EUR,EUR,1.0,paid,N.Fra TB2025F/141 [COMPANY] Ef 1,COUNTERPARTY_03903
bc97a1292ae7da55df21c4d155b005f5,COMP_0001,invoice,2025-09-29,2025-09-29,2025-10-14 00:00:00,9680.0,0.0,EUR,EUR,1.0,paid,N.Fra TB2025F/168 [COMPANY] Ef 1,COUNTERPARTY_03903
c6cec7a38748c27b5bae3bea8331b679,COMP_0793,invoice,2025-09-04,2025-09-04,2025-09-04 00:00:00,635.59,0.0,EUR,EUR,1.0,paid,S.Fra /1204 COUNTERPARTY_07783 Ef [NUM],COUNTERPARTY_49066
c8637d22b1316ac0c3a6667724cc319f,COMP_0793,invoice,2025-07-03,2025-07-03,2025-07-03 00:00:00,-17521.13,0.0,EUR,EUR,1.0,paid,N.Fra [X]/11 COUNTERPARTY_49391 Ef 1,COUNTERPARTY_49391
ca6643965c95c68d58dddb3c9f7da78e,COMP_0793,invoice,2025-12-10,2026-01-09,2025-12-12 00:00:00,-225.95,0.0,EUR,EUR,1.0,paid,S.Fra /2026 COUNTERPARTY_18477 Ef [NUM]/AV,COUNTERPARTY_31747
da069addf83775a175ee5ccf0592257e,COMP_0793,invoice,2025-04-30,2025-04-30,2025-05-08 00:00:00,178.08,0.0,EUR,EUR,1.0,paid,N.Fra TB2025F/156 COUNTERPARTY_06305 Ef 1,COUNTERPARTY_06305
db36a1774eb41f03f7e4e47adfb44806,COMP_0793,invoice,2025-10-06,2025-10-06,2025-10-06 00:00:00,-256.21,0.0,EUR,EUR,1.0,paid,S.Fra /[COMPANY] Ef [REF],COUNTERPARTY_47950
ddd28a2dc8e10bf012279897deaf438e,COMP_0793,invoice,2026-03-02,2026-03-02,2026-03-02 00:00:00,-2448.0,0.0,EUR,EUR,1.0,paid,S.Fra /349 COUNTERPARTY_16268. Ef 1TB-2026-F9,COUNTERPARTY_16268
e046173d96f70311e0b4b467499bd947,COMP_0793,invoice,2026-01-29,2026-02-28,2026-03-02 00:00:00,-38.74,0.0,EUR,EUR,1.0,paid,S.Fra /121 COUNTERPARTY_23748 Ef 1FV[NUM],COUNTERPARTY_23748
e4c119203864dff3dc6e2527619a67f9,COMP_0793,invoice,2025-04-24,2025-05-24,2025-06-02 00:00:00,76998.35,0.0,EUR,EUR,1.0,paid,N.Fra TB2025F/137 COUNTERPARTY_05961 Ef 1,COUNTERPARTY_05961
fd91c5c864f6bd45a6d859c18ef96ae4,COMP_0793,invoice,2025-07-18,2025-08-17,2025-07-18 00:00:00,-1919.36,0.0,EUR,EUR,1.0,paid,S.Fra /959 COUNTERPARTY_50051. Ef 1S01/10381,COUNTERPARTY_50051
0708adae4531a787a85b50e328badf19,COMP_0793,invoice,2025-07-24,2025-07-24,2025-08-11 00:00:00,-866.46,0.0,EUR,EUR,1.0,paid,S.Fra /971 COUNTERPARTY_33161 Ef 1S25/3812,COUNTERPARTY_47731
10a87f46f0585635803bb9c91404d076,COMP_0793,invoice,2025-09-12,2025-10-12,2025-09-19 00:00:00,-228.46,0.0,EUR,EUR,1.0,paid,S.Fra /1375 COUNTERPARTY_18477 Ef [NUM]/AV,COUNTERPARTY_31747
2a3930fa7ea22f178e9bb6bad5b698b9,COMP_0001,invoice,2025-08-17,2025-08-16,2025-10-14 00:00:00,5082.0,0.0,EUR,EUR,1.0,paid,N.Fra TB2025F/150 [COMPANY] Ef 1,COUNTERPARTY_03903
2f6d6a70e53b51c048ab7cbecbe55e5c,COMP_0793,invoice,2025-10-28,2025-10-28,2025-11-04 00:00:00,1733.08,0.0,EUR,EUR,1.0,paid,N.Fra TB2025F/478 COUNTERPARTY_03512 Ef 1,COUNTERPARTY_03512
2fd92bc874d1b1ba0dd01219b98c70bf,COMP_0001,invoice,2025-04-24,2025-05-24,2025-04-24 00:00:00,-71.97,0.0,EUR,EUR,1.0,paid,S.Fra /75 COUNTERPARTY_01023 Ef [REF],COUNTERPARTY_49480
3ce7af92f3b27013356f00f5086fab25,COMP_0793,invoice,2025-09-22,2025-10-22,2025-11-07 00:00:00,-484.24,0.0,EUR,EUR,1.0,paid,S.Fra /1398 COUNTERPARTY_48090 Ef 190643,COUNTERPARTY_48090
41375b3f7603110061033f88d7b7b915,COMP_0793,invoice,2025-05-12,2025-06-11,2025-05-12 00:00:00,81.68,0.0,EUR,EUR,1.0,paid,N.Fra TB2025F/175 COUNTERPARTY_57566 Ef 1,COUNTERPARTY_57566
4420c320c61e922cc41fd5141c94b895,COMP_0793,invoice,2026-01-03,2026-01-03,2026-01-03 00:00:00,-2047.32,0.0,EUR,EUR,1.0,paid,S.Fra /85 COUNTERPARTY_18906 Ef 1[X]/2026/01590,COUNTERPARTY_18906
7250755cb29703c0d18b5f8537c40ab5,COMP_0001,invoice,2025-10-22,2025-10-22,2025-11-10 00:00:00,6655.0,0.0,EUR,EUR,1.0,paid,N.Fra TB2025F/180 [COMPANY] Ef 1,COUNTERPARTY_03903
7afc211a5764dda59b36c4103c0c315f,COMP_0793,invoice,2025-07-01,2025-07-31,2025-07-01 00:00:00,-13.35,0.0,EUR,EUR,1.0,paid,S.Fra /705 COUNTERPARTY_01767 Ef 129,COUNTERPARTY_01767
8d003e56264cbcc8e4a3bf71c3c9b52b,COMP_0793,invoice,2025-06-26,2025-06-26,2025-07-02 00:00:00,407.36,0.0,EUR,EUR,1.0,paid,N.Fra TB2025F/242 COUNTERPARTY_47852 Ef 1,COUNTERPARTY_47852
8e41aa8f497035bd5cd93a97ab685a16,COMP_0793,invoice,2025-07-28,2025-08-27,2025-08-27 00:00:00,86055.68,0.0,EUR,EUR,1.0,paid,N.Fra TB2025F/313 COUNTERPARTY_49557 Ef 1,COUNTERPARTY_49557
9509d5c747e775c1b6c8213af494be2f,COMP_0793,invoice,2025-10-07,2025-10-07,2025-10-07 00:00:00,-5.08,0.0,EUR,EUR,1.0,paid,S.Fra /[COMPANY] Ef 1279[X],COUNTERPARTY_47950
970f795b54c09115fc70d5c3c2ba3ba2,COMP_0793,invoice,2025-12-23,2025-12-23,2026-02-02 00:00:00,17372.35,0.0,EUR,EUR,1.0,paid,N.Fra TB2025F/591 COUNTERPARTY_49692 Ef 1,COUNTERPARTY_49692
c609f3ba06b6791ce8861984cecfbc38,COMP_0793,invoice,2025-05-08,2025-06-07,2025-07-10 00:00:00,-431.95,0.0,EUR,EUR,1.0,paid,S.Fra /430 COUNTERPARTY_48090 Ef 189568,COUNTERPARTY_48090
d50d78b8bd384d9c4d532564d078c172,COMP_0793,invoice,2025-04-01,2025-05-01,2025-07-01 00:00:00,-239.58,0.0,EUR,EUR,1.0,paid,S.Fra /1367 COUNTERPARTY_35858 Ef 114[X]93-0006,COUNTERPARTY_35858
d7826cff4b67fa22d8f16586708a7fdf,COMP_0793,invoice,2025-07-16,2025-08-15,2025-10-13 00:00:00,-511.29,0.0,EUR,EUR,1.0,paid,S.Fra /805 COUNTERPARTY_51965 Ef 12025A/3439,COUNTERPARTY_57664
e91fabf00182bcd9125bf3828dee0ad9,COMP_0793,invoice,2025-05-30,2025-06-29,2025-05-30 00:00:00,-42.0,0.0,EUR,EUR,1.0,paid,S.Fra /489 COUNTERPARTY_50051. Ef 1S05/5180,COUNTERPARTY_50051
f477979b711d7f6ccbd6ec2dc40539a4,COMP_0793,invoice,2025-11-04,2025-12-04,2025-12-11 00:00:00,-937.85,0.0,EUR,EUR,1.0,paid,S.Fra /1725 COUNTERPARTY_48090 Ef 190944,COUNTERPARTY_48090
ffc27dbb034bcfd184c2341fa54ee347,COMP_0793,invoice,2025-09-30,2025-10-30,2025-11-07 00:00:00,-518.99,0.0,EUR,EUR,1.0,paid,S.Fra /1481 COUNTERPARTY_48443 Ef [NUM],COUNTERPARTY_48443
0a1ddb8e4f1e4069d02012b3424a7c09,COMP_0793,invoice,2025-04-10,2025-04-10,2025-04-10 00:00:00,-75.29,0.0,EUR,EUR,1.0,paid,S.Fra /338 COUNTERPARTY_07466. Ef [NUM],COUNTERPARTY_57689
0c3ee11b5ad8b15ac36a299d2c58a356,COMP_0793,invoice,2024-11-08,2024-11-08,2025-07-10 00:00:00,-74.4,0.0,EUR,EUR,1.0,paid,S.Fra /111 COUNTERPARTY_01639 Ef [NUM],COUNTERPARTY_11626
16f19c637fcafdfae79c11a24d14ae45,COMP_0793,invoice,2025-03-31,2025-04-30,2025-06-06 00:00:00,-24169.75,0.0,EUR,EUR,1.0,paid,S.Fra /310 COUNTERPARTY_07215 Ef 144,COUNTERPARTY_07215
2e8844e9cb3181bbed74a53d06f57c3f,COMP_0793,invoice,2025-10-22,2025-10-22,2025-10-22 00:00:00,425.44,0.0,EUR,EUR,1.0,paid,N.Fra TB2025F/449 COUNTERPARTY_57710 Ef 1,COUNTERPARTY_57710
362e15b32248395bbbee3bce752cf02d,COMP_0793,invoice,2025-05-06,2025-05-06,2025-05-06 00:00:00,-947.56,0.0,EUR,EUR,1.0,paid,N.Fra [X]/6 COUNTERPARTY_48877 Ef 1,COUNTERPARTY_48877
3f5438567b57299a96367a5abf6f6922,COMP_0793,invoice,2025-06-16,2025-06-16,2025-06-16 00:00:00,-601.47,0.0,EUR,EUR,1.0,paid,S.Fra /694 COUNTERPARTY_42922 Ef 1P/00956,COUNTERPARTY_42922
481549f64c266f78a5737d9a99c14be8,COMP_0793,invoice,2025-08-31,2025-08-31,2025-10-13 00:00:00,-140.84,0.0,EUR,EUR,1.0,paid,S.Fra /1107 COUNTERPARTY_44986 Ef 1L22185,COUNTERPARTY_44986
72926c10386f40eb1911da1164d24aad,COMP_0001,invoice,2025-10-22,2025-10-22,2025-11-10 00:00:00,309.78,0.0,EUR,EUR,1.0,paid,N.Fra TB2025F/175 [COMPANY] Ef 1,COUNTERPARTY_03903
75b61b754798856289deddd82ac32183,COMP_0001,invoice,2025-06-30,2025-06-30,2025-07-11 00:00:00,424.09,0.0,EUR,EUR,1.0,paid,N.Fra TB2025F/83 [COMPANY] Ef 1,COUNTERPARTY_03903
808716523d56093ee1430f06b9a40f76,COMP_0001,invoice,2025-08-17,2025-08-16,2025-10-14 00:00:00,7260.0,0.0,EUR,EUR,1.0,paid,N.Fra TB2025F/144 [COMPANY] Ef 1,COUNTERPARTY_03903
84b409ec1aff4f289095168b4d8f6bf4,COMP_0793,invoice,2025-04-14,2025-05-14,2025-04-14 00:00:00,-7.5,0.0,EUR,EUR,1.0,paid,S.Fra /334 COUNTERPARTY_57773 Ef 1A07447,COUNTERPARTY_57773
a58eeeb6b4b8fe9bcc2f40843dd216cf,COMP_0793,invoice,2025-07-08,2025-07-08,2025-07-08 00:00:00,-30.25,0.0,EUR,EUR,1.0,paid,S.Fra /905 COUNTERPARTY_01767 Ef 135,COUNTERPARTY_01767
b8b143df168389eee5438a21ec19b67d,COMP_0793,invoice,2025-03-31,2025-04-30,2025-05-06 00:00:00,-194.21,0.0,EUR,EUR,1.0,paid,S.Fra /295 COUNTERPARTY_27660 Ef 1A/25139,COUNTERPARTY_27660
bfaab61bc0fba5b3aeee7d7862d352d8,COMP_0793,invoice,2025-07-31,2025-08-30,2025-07-31 00:00:00,-679.05,0.0,EUR,EUR,1.0,paid,S.Fra /1035 COUNTERPARTY_51927 Ef 156,COUNTERPARTY_51927
c4d3c1a361e084dc454d1ecac2ea4331,COMP_0793,invoice,2025-08-17,2025-08-17,2025-10-13 00:00:00,-5082.0,0.0,EUR,EUR,1.0,paid,S.Fra /1186 [COMPANY] Ef 1150,COUNTERPARTY_22440
c56b152be0e6ccf4b98a9e304815ef40,COMP_0793,invoice,2025-06-10,2025-06-10,2025-06-10 00:00:00,-145.19,0.0,EUR,EUR,1.0,paid,S.Fra /655 [COMPANY] Ef 163,COUNTERPARTY_22440
ddddfd78c49f9311981f54a5556b4e1e,COMP_0001,invoice,2025-06-30,2025-06-30,2025-06-30 00:00:00,-443.94,0.0,EUR,EUR,1.0,paid,S.Fra /143 COUNTERPARTY_57836 Ef 1E001-[NUM],COUNTERPARTY_57836
de59b519bbf2f46c3709bb4e4133e39c,COMP_0793,invoice,2025-07-28,2025-07-28,2025-07-28 00:00:00,227.32,0.0,EUR,EUR,1.0,paid,N.Fra TB2025F/335 COUNTERPARTY_14912 Ef 1,COUNTERPARTY_14912
e1a015a0443202772cd1adc9aa973ba6,COMP_0001,invoice,2025-10-22,2025-10-22,2025-11-10 00:00:00,9680.0,0.0,EUR,EUR,1.0,paid,N.Fra TB2025F/189 [COMPANY] Ef 1,COUNTERPARTY_03903
ebdfc8a821ab7597b44181e7f166aa31,COMP_0793,invoice,2025-04-16,2025-04-16,2025-04-16 00:00:00,-1.09,0.0,EUR,EUR,1.0,paid,S.Fra /[COMPANY] Ef 1F[NUM],COUNTERPARTY_47950
03d8c2042dc7d685591b851b1bcffef4,COMP_0793,invoice,2025-10-29,2025-12-28,2025-10-29 00:00:00,-69.21,0.0,EUR,EUR,1.0,paid,S.Fra /1698 COUNTERPARTY_42722 Ef 1F[NUM],COUNTERPARTY_42722
0f4684e6fbe232cd9cb1eb0b66763d89,COMP_0793,invoice,2025-05-12,2025-05-12,2025-05-12 00:00:00,-0.36,0.0,EUR,EUR,1.0,paid,S.Fra /[COMPANY] Ef [REF],COUNTERPARTY_47950
128ec2c877be84ccbb9338ab84e7b698,COMP_0793,invoice,2025-07-08,2025-08-07,2025-07-08 00:00:00,-93.01,0.0,EUR,EUR,1.0,paid,S.Fra /702 COUNTERPARTY_24926 Ef [NUM]/5/25/000284,COUNTERPARTY_57870
321875d37c1e3a93f09d073a0594cde6,COMP_0793,invoice,2025-09-11,2025-09-11,2025-09-11 00:00:00,236.3,0.0,EUR,EUR,1.0,paid,N.Fra TB2025F/382 COUNTERPARTY_21752 Ef 1,COUNTERPARTY_21752
3644c4922ecbafdf2639f870ecd65039,COMP_0001,invoice,2025-07-24,2025-07-24,2025-07-24 00:00:00,14520.0,0.0,EUR,EUR,1.0,paid,N.Fra TB2025F/122 [COMPANY] Ef 1,COUNTERPARTY_03903
3ef8699087244b216ebdfc60b0c9e82a,COMP_0001,invoice,2025-10-22,2025-10-22,2025-11-10 00:00:00,2722.5,0.0,EUR,EUR,1.0,paid,N.Fra TB2025F/186 [COMPANY] Ef 1,COUNTERPARTY_03903
3ff8b80dbbec1e19d3e567fe73675903,COMP_0793,invoice,2025-08-27,2025-09-26,2025-09-16 00:00:00,-1259.71,0.0,EUR,EUR,1.0,paid,S.Fra /1243 COUNTERPARTY_18583 Ef [NUM],COUNTERPARTY_18583
59b9bcaa3109eaa8a3ba62e61b4eff6f,COMP_0793,invoice,2026-01-29,2026-01-29,2026-01-29 00:00:00,-189.21,0.0,EUR,EUR,1.0,paid,S.Fra /74 COUNTERPARTY_40288 Ef 1TB-2026-F1,COUNTERPARTY_40288
7d06f27af29be1fa9363410948bfd731,COMP_0793,invoice,2025-04-30,2025-04-30,2025-05-28 00:00:00,9975.24,0.0,EUR,EUR,1.0,paid,N.Fra TB2025F/168 COUNTERPARTY_48639 Ef 1,COUNTERPARTY_48639
7f4a9defe4a9b549dbd4e096557b18c5,COMP_0793,invoice,2025-10-29,2025-11-28,2025-12-11 00:00:00,-492.83,0.0,EUR,EUR,1.0,paid,S.Fra /1705 COUNTERPARTY_48090 Ef 190909,COUNTERPARTY_48090
9926279198f2064d85da98283128f920,COMP_0793,invoice,2025-12-15,2026-02-13,2025-12-15 00:00:00,-579.35,0.0,EUR,EUR,1.0,paid,S.Fra /2033 COUNTERPARTY_42722 Ef 1F[NUM],COUNTERPARTY_42722
a95b14d11a4f4b09ab0cde78622a6f00,COMP_0793,invoice,2025-06-30,2025-07-30,2025-06-30 00:00:00,-2787.91,0.0,EUR,EUR,1.0,paid,S.Fra /579 COUNTERPARTY_10436 Ef 1FA122359,COUNTERPARTY_10436
c01362038104133644080eccd687dce7,COMP_0793,invoice,2025-07-31,2025-08-30,2025-07-31 00:00:00,-468.03,0.0,EUR,EUR,1.0,paid,S.Fra /1117 COUNTERPARTY_30606 Ef 1S25/370,COUNTERPARTY_30606
c07df1693786359c85e89f8fb46d8a18,COMP_0793,invoice,2026-02-23,2026-02-23,2026-02-09 00:00:00,14576.62,0.0,EUR,EUR,1.0,paid,N.Fra TB2026F/74 COUNTERPARTY_49391 Ef 1,COUNTERPARTY_49391
c29843a942d51ee3052674d5a291b8fa,COMP_0793,invoice,2025-12-01,2025-12-31,2026-01-12 00:00:00,-239.58,0.0,EUR,EUR,1.0,paid,S.Fra /1891 COUNTERPARTY_35858 Ef 114[X]93-0016,COUNTERPARTY_35858
c5da6d0aec2455bdf49ac856a5d71c3d,COMP_0793,invoice,2025-10-01,2025-10-01,2025-10-23 00:00:00,997.52,0.0,EUR,EUR,1.0,paid,N.Fra TB2025F/433 COUNTERPARTY_48639 Ef 1,COUNTERPARTY_48639
c869de1807865858d5743447dbd1c829,COMP_0793,invoice,2025-07-28,2025-07-28,2025-07-28 00:00:00,21.83,0.0,EUR,EUR,1.0,paid,N.Fra TB2025F/331 COUNTERPARTY_48877 Ef 1,COUNTERPARTY_48877
d06518c4b020597170972b5942432451,COMP_0793,invoice,2025-10-08,2025-11-07,2025-11-07 00:00:00,-429.55,0.0,EUR,EUR,1.0,paid,S.Fra /1668 COUNTERPARTY_57979 Ef 1:TB-2025-F184,COUNTERPARTY_57979
d689412a591a0b5734140aef7aca6a90,COMP_0001,invoice,2025-07-03,2025-07-03,2025-07-03 00:00:00,38.36,0.0,EUR,EUR,1.0,paid,S.Fra /152 COUNTERPARTY_01678 Ef 1ES51LF6[X],COUNTERPARTY_48241
ea8d38863e2875b8ca30b28e702b80f3,COMP_0793,invoice,2025-10-28,2025-10-28,2025-11-19 00:00:00,1414.79,0.0,EUR,EUR,1.0,paid,N.Fra TB2025F/492 COUNTERPARTY_14508 Ef 1,COUNTERPARTY_14508
eaa6f3e97b09b87e3b64b6d3506642a0,COMP_0793,invoice,2025-09-30,2025-10-30,2025-12-11 00:00:00,-24169.75,0.0,EUR,EUR,1.0,paid,S.Fra /1415 COUNTERPARTY_07215 Ef 1197,COUNTERPARTY_07215
f7b0c51cf5a5e1c7fd67e5b111f49e1b,COMP_0793,invoice,2025-07-31,2025-07-31,2025-08-26 00:00:00,-37.1,0.0,EUR,EUR,1.0,paid,S.Fra /874 COUNTERPARTY_10262 Ef 125ME027195,COUNTERPARTY_58004
f9e1d4e715909fc17aed895fafdd1ca8,COMP_0793,invoice,2025-07-15,2025-08-14,2025-07-18 00:00:00,-194.05,0.0,EUR,EUR,1.0,paid,S.Fra /832 COUNTERPARTY_18477 Ef [NUM]/AV,COUNTERPARTY_31747
0554f7a1660058db0f0e8290e98dbbb4,COMP_0001,invoice,2025-02-23,2025-03-25,2025-02-23 00:00:00,-125.47,0.0,EUR,EUR,1.0,paid,S.Fra /24 COUNTERPARTY_01023 Ef [REF],COUNTERPARTY_49480
088164e8759ddb6196ac5c288881e20b,COMP_0001,invoice,2025-07-24,2025-07-24,2025-07-24 00:00:00,4235.0,0.0,EUR,EUR,1.0,paid,N.Fra TB2025F/123 [COMPANY] Ef 1,COUNTERPARTY_03903
0c309c88d94096220f3b8d2d0ce9482d,COMP_0001,invoice,2025-06-27,2025-06-27,2025-06-09 00:00:00,6050.0,0.0,EUR,EUR,1.0,paid,N.Fra TB2025F/77 [COMPANY] Ef 1,COUNTERPARTY_03903
0d5eb8e3deda76adf253db4ddbac7749,COMP_0793,invoice,2025-06-30,2025-06-30,2025-07-10 00:00:00,-669.13,0.0,EUR,EUR,1.0,paid,S.Fra /550 COUNTERPARTY_30748. Ef 12025/10134,COUNTERPARTY_30748
0e4e0e3d4a0e6ea2c30d731d1af4227c,COMP_0793,invoice,2025-10-31,2025-11-30,2025-12-11 00:00:00,-120.35,0.0,EUR,EUR,1.0,paid,S.Fra /1852 COUNTERPARTY_58017 Ef [NUM],COUNTERPARTY_58017
321be1fd56647e17bee76d3749fbb0a9,COMP_0793,invoice,2026-02-25,2026-03-27,2026-02-25 00:00:00,-17987.59,0.0,EUR,EUR,1.0,paid,N.Fra [X]/3 COUNTERPARTY_54687 Ef 1,COUNTERPARTY_54687
38849e78bd5ef6d774c1a65b24b34074,COMP_0793,invoice,2025-06-23,2025-06-23,2025-06-23 00:00:00,-382.76,0.0,EUR,EUR,1.0,paid,S.Fra /563 COUNTERPARTY_58048 Ef 125-0023,COUNTERPARTY_58048
3a3c4e4a15aab72e7a1809f6304e6997,COMP_0793,invoice,2025-10-27,2025-11-26,2025-11-20 00:00:00,17987.59,0.0,EUR,EUR,1.0,paid,N.Fra TB2025F/451 COUNTERPARTY_54687 Ef 1,COUNTERPARTY_54687
4b9846536834102976586052ff3096ce,COMP_0001,invoice,2024-10-31,2024-10-31,2024-10-31 00:00:00,-274.4,0.0,EUR,EUR,1.0,paid,S.Fra /74 COUNTERPARTY_07183 Ef 1L/24/[NUM],COUNTERPARTY_50543
50ec8436148adc33313c3a208c4be5ba,COMP_0793,invoice,2025-10-06,2025-10-06,2025-10-06 00:00:00,-0.73,0.0,EUR,EUR,1.0,paid,S.Fra /[COMPANY] Ef [REF],COUNTERPARTY_47950
52848490a7daaf3fe9776394e9134f85,COMP_0793,invoice,2025-11-27,2025-11-27,2025-11-28 00:00:00,617.2,0.0,EUR,EUR,1.0,paid,N.Fra TB2025F/536 COUNTERPARTY_33572 Ef 1,COUNTERPARTY_33572
54ba9c728a973036105d6db70ba3fb83,COMP_0001,invoice,2025-06-16,2025-06-16,2025-06-18 00:00:00,-15.79,0.0,EUR,EUR,1.0,paid,S.Fra /124 COUNTERPARTY_01678 Ef 1ES51OMS9AEUI,COUNTERPARTY_48241
57891eac9177c8a34bf3a4c3bf583a9b,COMP_0793,invoice,2025-11-04,2025-11-04,2026-02-03 00:00:00,11458.6,0.0,EUR,EUR,1.0,paid,N.Fra TB2025F/505 COUNTERPARTY_10380 Ef 1,COUNTERPARTY_10380
5b69b2df57f9c8869c29d2bf9abb40cc,COMP_0793,invoice,2026-02-26,2026-02-26,2026-02-26 00:00:00,621.24,0.0,EUR,EUR,1.0,paid,N.Fra TB2026F/120 COUNTERPARTY_33572 Ef 1,COUNTERPARTY_33572
5cb79f369e68b1eabea7fe4612507ae3,COMP_0793,invoice,2025-09-01,2025-09-01,2025-10-13 00:00:00,-222.64,0.0,EUR,EUR,1.0,paid,S.Fra /1200 COUNTERPARTY_07284 Ef 12.558,COUNTERPARTY_07284
6507debe13d0684c17c3ed4b0a8b6f6f,COMP_0793,invoice,2025-12-29,2026-01-28,2025-12-29 00:00:00,-310.0,0.0,EUR,EUR,1.0,paid,S.Fra /2054 COUNTERPARTY_50051. Ef 1S05/5477,COUNTERPARTY_50051
687e82888badc599ab1a6a52ed0170ab,COMP_0793,invoice,2026-01-23,2026-01-23,2026-01-23 00:00:00,-2176.78,0.0,EUR,EUR,1.0,paid,S.Fra /67 COUNTERPARTY_07783 Ef [NUM],COUNTERPARTY_49066
68a7c52d8dc7cc72439d94b58854fc23,COMP_0001,invoice,2025-07-24,2025-07-24,2025-07-24 00:00:00,-4841.0,0.0,EUR,EUR,1.0,paid,N.Fra TB2025F/89 [COMPANY] Ef 1,COUNTERPARTY_03903
737820fce137dc631599917127b519ff,COMP_0001,invoice,2025-09-30,2025-10-30,2025-10-07 00:00:00,-14520.0,0.0,EUR,EUR,1.0,paid,S.Fra /189 COUNTERPARTY_09820 Ef 13,COUNTERPARTY_09820
74cb7dac2f09a829c05ca1d2bc4a9f17,COMP_0793,invoice,2025-05-22,2025-05-22,2025-06-04 00:00:00,30182.36,0.0,EUR,EUR,1.0,paid,N.Fra TB2025F/181 COUNTERPARTY_47852 Ef 1,COUNTERPARTY_47852
7e4ac274185b974e985deffae8064c5b,COMP_0793,invoice,2025-07-23,2025-08-22,2025-07-23 00:00:00,-870.97,0.0,EUR,EUR,1.0,paid,S.Fra /965 COUNTERPARTY_48052 Ef 1A347074,COUNTERPARTY_48052
7e56611a3e69947ce2e80346db4793ff,COMP_0793,invoice,2025-07-08,2025-07-08,2025-07-08 00:00:00,-81.99,0.0,EUR,EUR,1.0,paid,S.Fra /740 COUNTERPARTY_53445 Ef 1V03/[NUM],COUNTERPARTY_53445
8b456710d16769c906e7b0a47e40e6de,COMP_0793,invoice,2025-06-30,2025-07-30,2025-07-30 00:00:00,-665.5,0.0,EUR,EUR,1.0,paid,S.Fra /630 COUNTERPARTY_18405 Ef 1FVT25-45847,COUNTERPARTY_18405
a8a270f51dc4b2811d292f47a70c7c2d,COMP_0793,invoice,2025-09-29,2025-09-29,2025-10-16 00:00:00,9000.0,0.0,EUR,EUR,1.0,paid,N.Fra TB2025F/406 COUNTERPARTY_20173 Ef 1,COUNTERPARTY_48413
b3d2d0091c9aff030cfcd7a3bb1c9b68,COMP_0793,invoice,2025-10-22,2025-10-22,2025-11-07 00:00:00,-9075.0,0.0,EUR,EUR,1.0,paid,S.Fra /1729 [COMPANY] Ef 1187,COUNTERPARTY_22440
c495c5b898b643542769eb16044e68ef,COMP_0793,invoice,2025-10-08,2025-11-07,2025-11-07 00:00:00,-314.6,0.0,EUR,EUR,1.0,paid,S.Fra /1673 COUNTERPARTY_57979 Ef 1:TB-2025-F182,COUNTERPARTY_57979
c6608d806562f7020f658f7a3e933d87,COMP_0793,invoice,2025-06-30,2025-06-30,2025-07-16 00:00:00,3884.68,0.0,EUR,EUR,1.0,paid,N.Fra TB2025F/284 COUNTERPARTY_14508 Ef 1,COUNTERPARTY_14508
d2ca7f6b3027c75990f76862023f8a7f,COMP_0793,invoice,2026-01-01,2026-01-31,2026-01-01 00:00:00,-46.94,0.0,EUR,EUR,1.0,paid,S.Fra /83 COUNTERPARTY_10795 Ef 11E08495L,COUNTERPARTY_23778
ddb6ebf104c4bfcf3b8714c70fe3218c,COMP_0793,invoice,2025-12-01,2025-12-01,2025-12-01 00:00:00,13685.97,0.0,EUR,EUR,1.0,paid,N.Fra TB2025F/572 COUNTERPARTY_10380 Ef 1,COUNTERPARTY_10380
e9ba94063aeeb7611771a968f181fba3,COMP_0793,invoice,2026-01-15,2026-02-14,2026-02-10 00:00:00,-216.74,0.0,EUR,EUR,1.0,paid,S.Fra /104 COUNTERPARTY_48090 Ef 191386,COUNTERPARTY_48090
3083de2abe24b14f86cc828c362b0743,COMP_0793,invoice,2025-06-16,2025-07-16,2025-06-20 00:00:00,-214.69,0.0,EUR,EUR,1.0,paid,S.Fra /660 COUNTERPARTY_18477 Ef [NUM]/AV,COUNTERPARTY_31747
38fb57740b5435f6297d2eb06cd50ae1,COMP_0793,invoice,2025-08-08,2025-08-08,2025-09-15 00:00:00,-161.27,0.0,EUR,EUR,1.0,paid,S.Fra /1339 COUNTERPARTY_01767 Ef 148,COUNTERPARTY_01767
3a8ccf38effda23654e286dd9567ba47,COMP_0001,invoice,2025-01-28,2025-02-20,2025-01-28 00:00:00,-392.04,0.0,EUR,EUR,1.0,paid,S.Fra /15 COUNTERPARTY_57430 Ef 12025/176/01,COUNTERPARTY_57430
4873673f57c51e28754a626b35255a09,COMP_0793,invoice,2025-07-28,2025-07-28,2025-07-28 00:00:00,70.94,0.0,EUR,EUR,1.0,paid,N.Fra TB2025F/330 COUNTERPARTY_48877 Ef 1,COUNTERPARTY_48877
4c12c4ad7856a355139051515d2fe8f2,COMP_0878,invoice,2026-03-02,2026-03-02,2026-03-10 00:00:00,-0.91,0.0,EUR,EUR,1.0,paid,S.Fra /85 COUNTERPARTY_00061 Ef 10665,COUNTERPARTY_51700
527fb7332cbb574d95e2fd6ad62fae69,COMP_0001,invoice,2025-03-25,2025-03-25,2025-05-07 00:00:00,6050.0,0.0,EUR,EUR,1.0,paid,N.Fra TB2025F/32 [COMPANY] Ef 1,COUNTERPARTY_03903
64da274a3a8a8f07ccbb922b3019287f,COMP_0001,invoice,2024-12-02,2025-01-01,2024-12-02 00:00:00,-108.9,0.0,EUR,EUR,1.0,paid,S.Fra /98 COUNTERPARTY_27064 Ef 1F24/0405,COUNTERPARTY_27064
6acc1742f38d15a732e6dd2c511a87b3,COMP_0793,invoice,2025-09-28,2025-09-27,2025-11-03 00:00:00,18793.04,0.0,EUR,EUR,1.0,paid,N.Fra TB2025F/386 COUNTERPARTY_49692 Ef 1,COUNTERPARTY_49692
73e1f2f931b84cbc151b22fb6c6b12f0,COMP_0793,invoice,2025-10-06,2025-10-06,2025-10-06 00:00:00,-1.09,0.0,EUR,EUR,1.0,paid,S.Fra /[COMPANY] Ef [REF],COUNTERPARTY_47950
744b88b7091d001399ed8b7baec2944e,COMP_0793,invoice,2025-05-29,2025-05-29,2025-05-29 00:00:00,423.5,0.0,EUR,EUR,1.0,paid,N.Fra TB2025F/196 COUNTERPARTY_48877 Ef 1,COUNTERPARTY_48877
808bad7cbf11a116b2c2a9a49f2b6e2b,COMP_0793,invoice,2025-09-30,2025-10-30,2025-10-20 00:00:00,-46089.07,0.0,EUR,EUR,1.0,paid,S.Fra /1417 COUNTERPARTY_18583 Ef [REF],COUNTERPARTY_18583
825e2fc5f69f4f1ad2c7eb07d0c37a42,COMP_0793,invoice,2025-10-31,2025-10-31,2025-11-27 00:00:00,9276.97,0.0,EUR,EUR,1.0,paid,N.Fra TB2025F/502 COUNTERPARTY_48639 Ef 1,COUNTERPARTY_48639
907cab3e4217e9dc5ffb6c6fd40cbba8,COMP_0001,invoice,2025-04-30,2025-04-30,2025-05-07 00:00:00,381.56,0.0,EUR,EUR,1.0,paid,N.Fra TB2025F/33 [COMPANY] Ef 1,COUNTERPARTY_03903
9235e515da83e814c44c5abfc9c03a70,COMP_0793,invoice,2025-05-04,2025-06-03,2025-06-06 00:00:00,-363.47,0.0,EUR,EUR,1.0,paid,S.Fra /405 COUNTERPARTY_51816 Ef 12025K/24,COUNTERPARTY_51816
98e7370fc1bbc398be27136facd84f49,COMP_0793,invoice,2025-07-25,2025-07-25,2025-07-25 00:00:00,-482.3,0.0,EUR,EUR,1.0,paid,S.Fra /987 COUNTERPARTY_58280 Ef [NUM],COUNTERPARTY_58280
9dc98205e3c6c17bf4d65d71341dd5d8,COMP_0793,invoice,2025-10-31,2025-11-30,2025-10-31 00:00:00,-54.0,0.0,EUR,EUR,1.0,paid,S.Fra /1632 COUNTERPARTY_50051. Ef 1S05/5367,COUNTERPARTY_50051
a2ff5196384d114a3e7413c3cb9e4edf,COMP_0793,invoice,2026-01-26,2026-01-26,2026-02-11 00:00:00,35783.46,0.0,EUR,EUR,1.0,paid,N.Fra TB2026F/11 COUNTERPARTY_47852 Ef 1,COUNTERPARTY_47852
b510544eab2aed4681ce2ac989edccd8,COMP_0793,invoice,2025-06-26,2025-06-26,2025-07-03 00:00:00,26.52,0.0,EUR,EUR,1.0,paid,N.Fra TB2025F/272 COUNTERPARTY_06305 Ef 1,COUNTERPARTY_06305
c97aed2fe71c57f7a14c8cc980ca0cbe,COMP_0793,invoice,2025-10-22,2025-11-21,2025-10-24 00:00:00,-6.75,0.0,EUR,EUR,1.0,paid,S.Fra /1521 COUNTERPARTY_07226 Ef 1ES51[X],COUNTERPARTY_18040
e56223f110cf5d42a644601ec0ef7e77,COMP_0001,invoice,2025-06-27,2025-06-27,2025-07-11 00:00:00,2178.0,0.0,EUR,EUR,1.0,paid,N.Fra TB2025F/70 [COMPANY] Ef 1,COUNTERPARTY_03903
fc2412bc4050487fc87da91bfc1fa7db,COMP_0793,invoice,2025-10-31,2025-11-30,2025-12-11 00:00:00,-273.92,0.0,EUR,EUR,1.0,paid,S.Fra /1637 COUNTERPARTY_58340 Ef 12725,COUNTERPARTY_58340
0ae01728f3ad4828c1e2c7d3ac1b799e,COMP_0001,invoice,2025-10-22,2025-10-22,2025-11-10 00:00:00,3932.5,0.0,EUR,EUR,1.0,paid,N.Fra TB2025F/182 [COMPANY] Ef 1,COUNTERPARTY_03903
2112144a16bdb61aeea5066f2dc24e27,COMP_0793,invoice,2025-07-04,2025-07-04,2025-07-04 00:00:00,-59.29,0.0,EUR,EUR,1.0,paid,S.Fra /706 COUNTERPARTY_01639 Ef [NUM],COUNTERPARTY_11626
3719dc5733aa89a7be2061bafcbaf457,COMP_0793,invoice,2025-10-21,2025-11-20,2025-10-22 00:00:00,-59.02,0.0,EUR,EUR,1.0,paid,S.Fra /1519 COUNTERPARTY_07226 Ef 1ES51[X],COUNTERPARTY_18040
4b494ff7423b74acdeb3ccd72d4570d7,COMP_0001,invoice,2025-02-28,2025-03-20,2025-02-28 00:00:00,-36.77,0.0,EUR,EUR,1.0,paid,S.Fra /55 COUNTERPARTY_51811 Ef 1CI[NUM]-0225,COUNTERPARTY_51811
4bb8f96286facf2328a3b626b4c36ec6,COMP_0793,invoice,2026-02-26,2026-02-26,2026-02-27 00:00:00,76.81,0.0,EUR,EUR,1.0,paid,N.Fra TB2026F/137 COUNTERPARTY_15425 Ef 1,COUNTERPARTY_15425
4f0d8812e8e86fd797acca7bcb7bc695,COMP_0793,invoice,2025-03-31,2025-03-31,2025-04-01 00:00:00,-180.29,0.0,EUR,EUR,1.0,paid,S.Fra /581 COUNTERPARTY_17313 Ef 129065,COUNTERPARTY_17313
53abf1a2402825c55528450031b2291b,COMP_0001,invoice,2025-05-01,2025-05-31,2025-05-01 00:00:00,-242.66,0.0,EUR,EUR,1.0,paid,S.Fra /108 COUNTERPARTY_07183 Ef 1L/25/[NUM],COUNTERPARTY_50543
5809ba549fa34472931f0ca2ee17bdbd,COMP_0793,invoice,2025-12-11,2026-01-10,2026-02-10 00:00:00,-486.73,0.0,EUR,EUR,1.0,paid,S.Fra /2027 COUNTERPARTY_48090 Ef 191184,COUNTERPARTY_48090
7680ec04dd6f8b3b729f7eafe7373665,COMP_0001,invoice,2025-05-02,2025-05-02,2025-05-02 00:00:00,-62.26,0.0,EUR,EUR,1.0,paid,S.Fra /104 COUNTERPARTY_01678 Ef 1ES517[X],COUNTERPARTY_48241
8225f012a9d0c2666457798f5d215e15,COMP_0001,invoice,2025-06-11,2025-07-11,2025-06-12 00:00:00,-15.1,0.0,EUR,EUR,1.0,paid,S.Fra /122 COUNTERPARTY_33161 Ef [REF],COUNTERPARTY_58422
8bb3ae1e340a83ae3e4427eccef30220,COMP_0001,invoice,2025-05-16,2025-06-20,2025-05-20 00:00:00,-39.16,0.0,EUR,EUR,1.0,paid,S.Fra /85 COUNTERPARTY_51086 Ef 1ES51D46[X],COUNTERPARTY_51086
9c1c3b1388de4a863f6fd8bec692d79e,COMP_0793,invoice,2025-11-28,2025-11-28,2026-02-03 00:00:00,28151.05,0.0,EUR,EUR,1.0,paid,N.Fra TB2025F/568 COUNTERPARTY_10380 Ef 1,COUNTERPARTY_10380
b09311895207971238ef44be3f719e69,COMP_0793,invoice,2025-06-26,2025-07-26,2025-07-21 00:00:00,18171.18,0.0,EUR,EUR,1.0,paid,N.Fra TB2025F/239 COUNTERPARTY_54687 Ef 1,COUNTERPARTY_54687
fb2be3e14c50fa8ebd78a1f2cd77f07c,COMP_0793,invoice,2026-03-02,2026-03-02,2026-03-02 00:00:00,-261.36,0.0,EUR,EUR,1.0,paid,N.Fra [X]/6 COUNTERPARTY_15652 Ef 1,COUNTERPARTY_15652
fcbf386072d61158306ed52182e5306b,COMP_0793,invoice,2025-06-02,2025-07-02,2025-06-23 00:00:00,-100.66,0.0,EUR,EUR,1.0,paid,S.Fra /515 COUNTERPARTY_18583 Ef [NUM],COUNTERPARTY_18583
0316380d86aca572306f51ed8f154faf,COMP_0793,invoice,2025-11-17,2025-12-17,2025-12-15 00:00:00,-126.38,0.0,EUR,EUR,1.0,paid,S.Fra /1863 COUNTERPARTY_11579 Ef 12025/21/007016,COUNTERPARTY_11579
0d8ae7ee79f05fcb425b9e413ec45d58,COMP_0793,invoice,2025-05-19,2025-05-19,2025-06-06 00:00:00,-2420.0,0.0,EUR,EUR,1.0,paid,S.Fra /436 [COMPANY] Ef 145,COUNTERPARTY_22440
1706e2088133e21db47e529395756256,COMP_0793,invoice,2025-07-28,2025-08-27,2025-07-28 00:00:00,-15.26,0.0,EUR,EUR,1.0,paid,S.Fra /871 COUNTERPARTY_58520 Ef [NUM],COUNTERPARTY_58520
2175bb9ff639f31726a7a769b7302ea7,COMP_0793,invoice,2025-10-24,2025-10-24,2025-10-24 00:00:00,-292.43,0.0,EUR,EUR,1.0,paid,S.Fra /1625 COUNTERPARTY_07783 Ef [NUM],COUNTERPARTY_49066
2494142b9bad18af79688cba0c43e217,COMP_0001,invoice,2025-06-30,2025-06-30,2025-07-11 00:00:00,454.37,0.0,EUR,EUR,1.0,paid,N.Fra TB2025F/84 [COMPANY] Ef 1,COUNTERPARTY_03903
319918798b06be061cb5a462abc1a733,COMP_0001,invoice,2025-06-03,2025-07-03,2025-06-05 00:00:00,-24.75,0.0,EUR,EUR,1.0,paid,S.Fra /110 COUNTERPARTY_58537 Ef 1TPV25/8160,COUNTERPARTY_58537
35420f34b4d07ff0415fd28ac33aee4f,COMP_0793,invoice,2025-07-04,2025-08-03,2025-07-04 00:00:00,-129.0,0.0,EUR,EUR,1.0,paid,S.Fra /738 COUNTERPARTY_55261 Ef 1250.317,COUNTERPARTY_55261
384e9e1af8ac9b24c0c86e21d06105a4,COMP_0793,invoice,2025-07-03,2025-07-03,2025-07-03 00:00:00,1200.01,0.0,EUR,EUR,1.0,paid,N.Fra TB2025F/293 COUNTERPARTY_18367 Ef 1,COUNTERPARTY_18367
3ac33e2a552033c63ff3175dfccb3378,COMP_0793,invoice,2025-10-22,2025-11-21,2025-12-11 00:00:00,-776.44,0.0,EUR,EUR,1.0,paid,S.Fra /1685 COUNTERPARTY_48090 Ef 190871,COUNTERPARTY_48090
4fe2c1302ae58fd43ca3c669a33f9c03,COMP_0793,invoice,2025-05-15,2025-07-14,2025-05-15 00:00:00,152.46,0.0,EUR,EUR,1.0,paid,S.Fra /460 COUNTERPARTY_42722 Ef 1AB[NUM],COUNTERPARTY_42722
5526e9070280af23807560601275942e,COMP_0793,invoice,2025-12-31,2025-12-31,2025-12-31 00:00:00,1337.88,0.0,EUR,EUR,1.0,paid,N.Fra TB2025F/635 COUNTERPARTY_51678 Ef 1,COUNTERPARTY_51678
57d69ab05755a5013fd5b4dec4b9bae6,COMP_0793,invoice,2026-02-23,2026-02-23,2026-02-23 00:00:00,9999.99,0.0,EUR,EUR,1.0,paid,N.Fra TB2026F/75 COUNTERPARTY_20173 Ef 1,COUNTERPARTY_48413
57eab45aaf10427bc71535434c372f5d,COMP_0793,invoice,2025-06-15,2025-07-15,2025-06-15 00:00:00,-47.92,0.0,EUR,EUR,1.0,paid,S.Fra /603 COUNTERPARTY_51473 Ef 1F25-2080,COUNTERPARTY_51473
5e7db8dddd77ea480a1a1eb3fc42ec1c,COMP_0793,invoice,2025-09-29,2025-09-29,2025-09-30 00:00:00,165.83,0.0,EUR,EUR,1.0,paid,N.Fra TB2025F/411 COUNTERPARTY_33572 Ef 1,COUNTERPARTY_33572
6f2cd4bdb64b7ae51f9cc8a5101ae5d6,COMP_0793,invoice,2025-06-25,2025-06-25,2025-07-10 00:00:00,-109.0,0.0,EUR,EUR,1.0,paid,S.Fra /621 COUNTERPARTY_54170 Ef 1X-[NUM],COUNTERPARTY_54170
763f6872f49bd983e5f18d51f3ea8555,COMP_0793,invoice,2026-01-22,2026-02-21,2026-01-22 00:00:00,-92.69,0.0,EUR,EUR,1.0,paid,S.Fra /61 COUNTERPARTY_47799 Ef [NUM],COUNTERPARTY_47799
8d3303c211ceea3e364013390bdc7fb9,COMP_0793,invoice,2025-06-30,2025-06-30,2025-07-02 00:00:00,773.92,0.0,EUR,EUR,1.0,paid,N.Fra TB2025F/286 COUNTERPARTY_58584 Ef 1,COUNTERPARTY_58584
9cf8c28775a46b55000c6ff6ada738a6,COMP_0793,invoice,2025-08-05,2025-08-05,2025-08-11 00:00:00,-41.14,0.0,EUR,EUR,1.0,paid,S.Fra /981 COUNTERPARTY_53445 Ef 1V03/[NUM],COUNTERPARTY_53445
a00e4286df2b2e51206122e6ac81a316,COMP_0793,invoice,2025-06-24,2025-06-24,2025-06-24 00:00:00,-99.98,0.0,EUR,EUR,1.0,paid,S.Fra /665 COUNTERPARTY_58599 Ef [REF],COUNTERPARTY_58599
a512626686a16cca89938888d0b295d0,COMP_0793,invoice,2026-02-23,2026-03-25,2026-02-23 00:00:00,17987.59,0.0,EUR,EUR,1.0,paid,N.Fra TB2026F/79 COUNTERPARTY_54687 Ef 1,COUNTERPARTY_54687
b1ef87418a356eafb8d8594760ff5cdd,COMP_0001,invoice,2025-07-08,2025-08-07,2025-10-29 00:00:00,-50499.43,0.0,EUR,EUR,1.0,paid,S.Fra /144 COUNTERPARTY_58611 Ef 1F-2025-054,COUNTERPARTY_58611
c4d10ab4bbb3363145163715e5179136,COMP_0793,invoice,2025-02-10,2025-03-12,2025-06-19 00:00:00,-2042.38,0.0,EUR,EUR,1.0,paid,S.Fra /580 COUNTERPARTY_48575 Ef [NUM],COUNTERPARTY_48575
caa4e576928ea948f7ae55e1ffc73695,COMP_0793,invoice,2025-11-10,2025-11-10,2025-11-10 00:00:00,-636.0,0.0,EUR,EUR,1.0,paid,"S.Fra /1860 COUNTERPARTY_57085, Ef [NUM]",COUNTERPARTY_57085
cc45e36606ebcd9727ae03429af47dc6,COMP_0001,invoice,2025-06-05,2025-06-05,2025-06-05 00:00:00,62.24,0.0,EUR,EUR,1.0,paid,N.Fra TB2025F/55 [COMPANY] Ef 1,COUNTERPARTY_03903
d758914ce6afbe6227e1f3b6eb0da48c,COMP_0793,invoice,2025-06-05,2025-06-05,2025-06-06 00:00:00,-516.2,0.0,EUR,EUR,1.0,paid,S.Fra /505 [COMPANY] Ef 159,COUNTERPARTY_22440
d7cb8db5e267445f967f03548815284b,COMP_0793,invoice,2025-07-03,2025-07-03,2025-07-03 00:00:00,16370.53,0.0,EUR,EUR,1.0,paid,N.Fra TB2025F/289 COUNTERPARTY_49391 Ef 1,COUNTERPARTY_49391
de38f5b6c5b31df03346d30d1588e718,COMP_0793,invoice,2025-10-30,2025-10-30,2025-10-30 00:00:00,8787.4,0.0,EUR,EUR,1.0,paid,N.Fra TB2025F/494 COUNTERPARTY_58628. Ef 1,COUNTERPARTY_58628
df70478b668d363c9e8e855aebead2e3,COMP_0793,invoice,2025-02-26,2025-02-26,2025-02-26 00:00:00,423.5,0.0,EUR,EUR,1.0,paid,N.Fra TB2025F/65 COUNTERPARTY_48877 Ef 1,COUNTERPARTY_48877
fa67ff075c7c1abc46da23ef4e5fa3f4,COMP_0793,invoice,2025-07-28,2025-07-28,2025-09-16 00:00:00,1918.53,0.0,EUR,EUR,1.0,paid,N.Fra TB2025F/311 COUNTERPARTY_47852 Ef 1,COUNTERPARTY_47852
0984294baabe963de79c7986550e6f17,COMP_0001,invoice,2025-05-19,2025-05-19,2025-06-09 00:00:00,2420.0,0.0,EUR,EUR,1.0,paid,N.Fra TB2025F/44 [COMPANY] Ef 1,COUNTERPARTY_03903
09e302158c18a73606a0d8952c996246,COMP_0793,invoice,2026-01-27,2026-01-27,2026-02-03 00:00:00,1679.0,0.0,EUR,EUR,1.0,paid,N.Fra TB2026F/42 COUNTERPARTY_03512 Ef 1,COUNTERPARTY_03512
119a62acfea7d4a65786b25d960840f4,COMP_0793,invoice,2026-01-27,2026-02-26,2026-02-11 00:00:00,1305.7,0.0,EUR,EUR,1.0,paid,N.Fra TB2026F/22 COUNTERPARTY_49557 Ef 1,COUNTERPARTY_49557
12eb0d14ca2688ed2a31d032000c6801,COMP_0793,invoice,2025-09-12,2025-10-12,2025-09-12 00:00:00,-30.67,0.0,EUR,EUR,1.0,paid,S.Fra /1502 COUNTERPARTY_48052 Ef 1A350444,COUNTERPARTY_48052
14f24b8143521770e7fd635d891cec0d,COMP_0793,invoice,2025-08-14,2025-08-14,2025-09-10 00:00:00,-4840.0,0.0,EUR,EUR,1.0,paid,S.Fra /1051 COUNTERPARTY_15356 Ef 121,COUNTERPARTY_22140
17bbef70c040250ad549eea4a464724d,COMP_0793,invoice,2025-10-06,2025-10-06,2025-10-08 00:00:00,-27.23,0.0,EUR,EUR,1.0,paid,S.Fra /[COMPANY] Ef [REF],COUNTERPARTY_47950
2278902b94700a1e6a0ca87293c578f0,COMP_0793,invoice,2025-07-04,2025-08-03,2025-07-04 00:00:00,-43.43,0.0,EUR,EUR,1.0,paid,S.Fra /708 COUNTERPARTY_01767 Ef 134,COUNTERPARTY_01767
24abc0aaccb55a0b67fe35b4c65cb3a4,COMP_0793,invoice,2025-08-24,2025-08-23,2025-10-01 00:00:00,705.35,0.0,EUR,EUR,1.0,paid,N.Fra TB2025F/351 COUNTERPARTY_49692 Ef 1,COUNTERPARTY_49692
333b795f0bb851f3408c3aeecdc87533,COMP_0793,invoice,2025-08-12,2025-09-11,2025-10-13 00:00:00,-256.07,0.0,EUR,EUR,1.0,paid,S.Fra /1143 COUNTERPARTY_48090 Ef 190324,COUNTERPARTY_48090
3d32092cb9607313c958909f79daeac4,COMP_0793,invoice,2026-02-01,2026-02-01,2026-02-10 00:00:00,-222.64,0.0,EUR,EUR,1.0,paid,S.Fra /75 COUNTERPARTY_07284 Ef 1428,COUNTERPARTY_07284
4775d8ce30c0d6b4e90d3d9adacac72a,COMP_0793,invoice,2025-10-22,2025-10-22,2025-11-07 00:00:00,-6655.0,0.0,EUR,EUR,1.0,paid,S.Fra /1620 [COMPANY] Ef 1180,COUNTERPARTY_22440
77714881cc46983017599d3485cb67fc,COMP_0793,invoice,2025-03-27,2025-03-27,2025-03-27 00:00:00,288.29,0.0,EUR,EUR,1.0,paid,N.Fra TB2025F/121 COUNTERPARTY_58728 Ef 1,COUNTERPARTY_58728
7c96308ee40ab92a0aa0eda3d8aa9397,COMP_0793,invoice,2025-04-30,2025-05-30,2025-05-12 00:00:00,24864.56,0.0,EUR,EUR,1.0,paid,N.Fra TB2025F/161 COUNTERPARTY_49557 Ef 1,COUNTERPARTY_49557
8afa93342d7ed8ace184f6c2f6a7f3cc,COMP_0793,invoice,2025-09-30,2025-09-30,2025-10-13 00:00:00,-177.14,0.0,EUR,EUR,1.0,paid,S.Fra /1328 COUNTERPARTY_44986 Ef 1L22543,COUNTERPARTY_44986
8c7503c63825bf528ce605c5a14090b6,COMP_0793,invoice,2025-08-18,2025-08-18,2025-10-01 00:00:00,-169.4,0.0,EUR,EUR,1.0,paid,S.Fra /1601 COUNTERPARTY_45406 Ef 1TB-2025-F127,COUNTERPARTY_45406
8ec7f2659b494016807fb6d74b076894,COMP_0001,invoice,2026-01-23,2026-01-23,2026-02-01 00:00:00,-149.46,0.0,EUR,EUR,1.0,paid,S.Fra /20 COUNTERPARTY_01023 Ef [REF],COUNTERPARTY_49480
933f28f00247e6fdca8232edfbd9dd7d,COMP_0001,invoice,2025-04-07,2025-05-07,2025-04-07 00:00:00,-269.71,0.0,EUR,EUR,1.0,paid,S.Fra /67 COUNTERPARTY_42922 Ef 1A/02464,COUNTERPARTY_58744
a8952e2f4f318fddbb9102ffdeb6e6eb,COMP_0793,invoice,2025-07-28,2025-07-28,2025-08-05 00:00:00,327.92,0.0,EUR,EUR,1.0,paid,N.Fra TB2025F/334 COUNTERPARTY_03512 Ef 1,COUNTERPARTY_03512
a8dedd351da786863d591e9e72de56da,COMP_0001,invoice,2025-07-24,2025-07-24,2025-07-24 00:00:00,464.63,0.0,EUR,EUR,1.0,paid,N.Fra TB2025F/111 [COMPANY] Ef 1,COUNTERPARTY_03903
b164e52d5b5d7abd9cdc9e6e6ce05d84,COMP_0001,invoice,2025-07-25,2025-07-25,2025-07-28 00:00:00,-41.54,0.0,EUR,EUR,1.0,paid,S.Fra /161 COUNTERPARTY_01678 Ef [REF],COUNTERPARTY_48241
c2448955080f9caee71c4e23809bfe9b,COMP_0793,invoice,2025-12-04,2025-12-04,2025-12-11 00:00:00,-59.29,0.0,EUR,EUR,1.0,paid,S.Fra /1895 COUNTERPARTY_01639 Ef [NUM],COUNTERPARTY_11626
fe1661f8e85c1403bba39ca674426305,COMP_0793,invoice,2025-09-05,2025-10-05,2025-10-13 00:00:00,-403.61,0.0,EUR,EUR,1.0,paid,S.Fra /1167 COUNTERPARTY_48090 Ef 190503,COUNTERPARTY_48090
1dc115f98cd90b59e28ef62111bdf084,COMP_0793,invoice,2025-10-30,2025-11-29,2025-11-11 00:00:00,1395.75,0.0,EUR,EUR,1.0,paid,N.Fra TB2025F/497 COUNTERPARTY_49557 Ef 1,COUNTERPARTY_49557
21621f09021bafaee5be12ee0699035d,COMP_0001,invoice,2025-07-24,2025-07-24,2025-07-24 00:00:00,363.0,0.0,EUR,EUR,1.0,paid,N.Fra TB2025F/106 [COMPANY] Ef 1,COUNTERPARTY_03903
404e6332b7332839916cda5fa7136989,COMP_0793,invoice,2025-05-23,2025-05-23,2025-06-06 00:00:00,-61.38,0.0,EUR,EUR,1.0,paid,S.Fra /447 [COMPANY] Ef 151,COUNTERPARTY_22440
5506f36ac71a4d4cfe4cfc3ec0c99ccc,COMP_0793,invoice,2025-07-24,2025-07-24,2025-07-24 00:00:00,-12100.0,0.0,EUR,EUR,1.0,paid,S.Fra /811 [COMPANY] Ef 1119,COUNTERPARTY_22440
56d57a5664940c7afbc1b6d6aa441f86,COMP_0793,invoice,2025-09-17,2025-10-17,2025-11-07 00:00:00,-525.14,0.0,EUR,EUR,1.0,paid,S.Fra /1386 COUNTERPARTY_48090 Ef 190609,COUNTERPARTY_48090
6c92ee8e17ec5859307bb183d589ce75,COMP_0793,invoice,2025-07-29,2025-08-28,2025-07-29 00:00:00,-786.54,0.0,EUR,EUR,1.0,paid,S.Fra /938 COUNTERPARTY_47799 Ef [NUM],COUNTERPARTY_47799
6c9a608c4f46d3de47eca79e4fa0ecca,COMP_0793,invoice,2025-08-24,2025-09-23,2025-09-18 00:00:00,76998.35,0.0,EUR,EUR,1.0,paid,N.Fra TB2025F/367 COUNTERPARTY_05961 Ef 1,COUNTERPARTY_05961
81913c2aa78f84a21ec21bfcedf3a209,COMP_0001,invoice,2025-07-24,2025-07-24,2025-07-24 00:00:00,9680.0,0.0,EUR,EUR,1.0,paid,N.Fra TB2025F/132 [COMPANY] Ef 1,COUNTERPARTY_03903
9327d9b5c00b1f5afd5be534451a6261,COMP_0793,invoice,2025-10-27,2025-10-27,2025-12-01 00:00:00,16161.3,0.0,EUR,EUR,1.0,paid,N.Fra TB2025F/462 COUNTERPARTY_49692 Ef 1,COUNTERPARTY_49692
9ee020075d6d8341481620c97e8038b1,COMP_0793,invoice,2025-09-23,2025-10-23,2025-09-24 00:00:00,-18.5,0.0,EUR,EUR,1.0,paid,S.Fra /1282 COUNTERPARTY_07226 Ef 1ES51[X],COUNTERPARTY_18040
aa5f90cedb86bb41c70773dbff6d5451,COMP_0793,invoice,2025-08-31,2025-09-30,2025-10-01 00:00:00,-157.83,0.0,EUR,EUR,1.0,paid,S.Fra /1643 COUNTERPARTY_58920 Ef 1COM253040,COUNTERPARTY_58920
b9005aa5bcef5a966bbeff75f1b6b948,COMP_0793,invoice,2025-06-13,2025-06-13,2025-07-10 00:00:00,-465.85,0.0,EUR,EUR,1.0,paid,S.Fra /659 COUNTERPARTY_30748. Ef 12025/10121,COUNTERPARTY_30748
bfcb60a8ffa279457c0fbdf1e1dc30da,COMP_0001,invoice,2025-11-15,2025-12-15,2025-11-21 00:00:00,-1245.77,0.0,EUR,EUR,1.0,paid,S.Fra /[COMPANY] Ef 1CI[NUM],COUNTERPARTY_28286
c232f6502f50546ca372057769141aaf,COMP_0793,invoice,2025-07-30,2025-07-30,2025-07-30 00:00:00,-1014.28,0.0,EUR,EUR,1.0,paid,S.Fra /975 COUNTERPARTY_34275. Ef 1TB-2025-F442,COUNTERPARTY_34275
c88aed1f8229fe364c44e1c49c7f2e0d,COMP_0793,invoice,2025-01-01,2025-01-31,2025-05-06 00:00:00,-2218.76,0.0,EUR,EUR,1.0,paid,S.Fra /336 COUNTERPARTY_02692 Ef 125FF056075,COUNTERPARTY_50210
d15374b4e546ad01e74cf717d326a3d3,COMP_0793,invoice,2025-08-24,2025-08-23,2025-10-01 00:00:00,12112.86,0.0,EUR,EUR,1.0,paid,N.Fra TB2025F/349 COUNTERPARTY_49692 Ef 1,COUNTERPARTY_49692
d4aeec38693f79f8de08ed71c9ff0fd0,COMP_0793,invoice,2025-03-25,2025-03-25,2025-05-06 00:00:00,-3630.0,0.0,EUR,EUR,1.0,paid,S.Fra /300 [COMPANY] Ef 128,COUNTERPARTY_22440
ff89f0ab46b128a4595c5de6b0c783a7,COMP_0793,invoice,2025-05-29,2025-05-29,2025-06-18 00:00:00,12239.56,0.0,EUR,EUR,1.0,paid,N.Fra TB2025F/186 COUNTERPARTY_14508 Ef 1,COUNTERPARTY_14508
05154f3f2d45dbe9d66a981fcbf52d7f,COMP_0793,invoice,2025-05-16,2025-06-15,2025-07-10 00:00:00,-229.84,0.0,EUR,EUR,1.0,paid,S.Fra /420 COUNTERPARTY_22217 Ef 1000/[NUM],COUNTERPARTY_22217
22d6c6e27e9ece8786d607fc5d8b931c,COMP_0793,invoice,2025-10-23,2025-10-23,2025-10-23 00:00:00,-1.09,0.0,EUR,EUR,1.0,paid,S.Fra /[COMPANY] Ef [REF],COUNTERPARTY_47950
3daa013851e46d9a237c1397a0b3c2d8,COMP_0793,invoice,2025-07-24,2025-07-24,2025-07-24 00:00:00,-3630.0,0.0,EUR,EUR,1.0,paid,S.Fra /869 [COMPANY] Ef 1128,COUNTERPARTY_22440
430d1406325109d4e08b29199c5fa5a0,COMP_0793,invoice,2025-07-10,2025-08-09,2025-07-10 00:00:00,-680.63,0.0,EUR,EUR,1.0,paid,S.Fra /828 COUNTERPARTY_50051. Ef 1S01/10305,COUNTERPARTY_50051
4364020d323b4bca704f0e96e1a84c77,COMP_0793,invoice,2025-12-23,2025-12-23,2025-12-23 00:00:00,290.4,0.0,EUR,EUR,1.0,paid,N.Fra TB2025F/614 COUNTERPARTY_10380 Ef 1,COUNTERPARTY_10380
610c69d9cf0eca5e0bc20b1e99213960,COMP_0793,invoice,2025-12-23,2025-12-23,2025-12-31 00:00:00,27524.51,0.0,EUR,EUR,1.0,paid,N.Fra TB2025F/602 COUNTERPARTY_47852 Ef 1,COUNTERPARTY_47852
80e5a770f15addccf0842e0c7d24f7d5,COMP_0793,invoice,2025-07-28,2025-07-28,2025-09-03 00:00:00,4937.74,0.0,EUR,EUR,1.0,paid,N.Fra TB2025F/317 COUNTERPARTY_48639 Ef 1,COUNTERPARTY_48639
88f8c0c10e6737af979f71c2cf78b759,COMP_0793,invoice,2025-08-31,2025-09-30,2025-10-13 00:00:00,-248.66,0.0,EUR,EUR,1.0,paid,S.Fra /1158 COUNTERPARTY_27660 Ef 1A/25473,COUNTERPARTY_27660
9e11eedc0664fd93e344741d9cb66090,COMP_0793,invoice,2025-05-28,2025-06-27,2025-05-28 00:00:00,-1424.9,0.0,EUR,EUR,1.0,paid,S.Fra /476 COUNTERPARTY_10301 Ef 1FV[NUM],COUNTERPARTY_10301
a090677abc1e55759cd0b4be4afc5b24,COMP_0001,invoice,2024-12-31,2025-01-20,2025-01-01 00:00:00,-60.45,0.0,EUR,EUR,1.0,paid,S.Fra /12 COUNTERPARTY_51811 Ef 1CI[NUM]-1224,COUNTERPARTY_51811
b2940ae8c934215c07e62f70e579b790,COMP_0793,invoice,2025-10-06,2025-10-06,2025-10-14 00:00:00,-1597.16,0.0,EUR,EUR,1.0,paid,S.Fra /1661 COUNTERPARTY_11012 Ef 12025/435489,COUNTERPARTY_11012
b5ae5e6d8436c9dd48127a3b5b0ca8de,COMP_0001,invoice,2025-05-15,2025-06-20,2025-05-19 00:00:00,-51.44,0.0,EUR,EUR,1.0,paid,S.Fra /84 COUNTERPARTY_59083 Ef 1RN294792,COUNTERPARTY_59083
c0797b6ee14af99059d713f6a759fb5a,COMP_0793,invoice,2025-06-26,2025-06-26,2025-11-11 00:00:00,13.65,0.0,EUR,EUR,1.0,paid,N.Fra TB2025F/271 COUNTERPARTY_15482 Ef 1,COUNTERPARTY_15482
cac1c707b548c337d6d0f26d4687424c,COMP_0793,invoice,2025-04-30,2025-04-30,2025-04-30 00:00:00,3.97,0.0,EUR,EUR,1.0,paid,N.Fra TB2025F/154 COUNTERPARTY_06351 Ef 1,COUNTERPARTY_06351
ce29ee203cf356a4d1cd5fceb69e591c,COMP_0793,invoice,2025-09-05,2025-10-05,2025-10-13 00:00:00,-475.3,0.0,EUR,EUR,1.0,paid,S.Fra /1166 COUNTERPARTY_48090 Ef 190504,COUNTERPARTY_48090
e26293fc905526c135d7514e3206eba4,COMP_0793,invoice,2025-09-30,2025-10-30,2025-09-30 00:00:00,-432.58,0.0,EUR,EUR,1.0,paid,S.Fra /1454 COUNTERPARTY_10819 Ef [REF],COUNTERPARTY_10819
efa368ace41ccc9283a515e046714b71,COMP_0793,invoice,2025-10-30,2025-10-30,2025-11-01 00:00:00,-522.33,0.0,EUR,EUR,1.0,paid,S.Fra /1757 COUNTERPARTY_59117 Ef 10033/25,COUNTERPARTY_59117
f1a096557dc586fb1f91f44df73c87db,COMP_0793,invoice,2025-11-30,2025-12-30,2026-01-12 00:00:00,-219.11,0.0,EUR,EUR,1.0,paid,S.Fra /1890 COUNTERPARTY_48443 Ef [NUM],COUNTERPARTY_48443
15fea899adb787fa36bdf33c849da45f,COMP_0793,invoice,2025-12-23,2025-12-23,2026-02-02 00:00:00,14086.87,0.0,EUR,EUR,1.0,paid,N.Fra TB2025F/593 COUNTERPARTY_49692 Ef 1,COUNTERPARTY_49692
2859c52a57aa884bda0c652dafd13704,COMP_0793,invoice,2025-05-31,2025-06-30,2025-06-30 00:00:00,-68.91,0.0,EUR,EUR,1.0,paid,S.Fra /494 COUNTERPARTY_18405 Ef 1FVT25-38196,COUNTERPARTY_18405
2b1a809fc1a1cd72c1303591bc27afc6,COMP_0793,invoice,2025-05-12,2025-06-11,2025-06-11 00:00:00,1223.94,0.0,EUR,EUR,1.0,paid,N.Fra TB2025F/174 COUNTERPARTY_05961 Ef 1,COUNTERPARTY_05961
32d990f5901e3b96046d7446b315cbae,COMP_0793,invoice,2026-01-20,2026-01-20,2026-01-20 00:00:00,-3630.0,0.0,EUR,EUR,1.0,paid,S.Fra /34 COUNTERPARTY_15356 Ef 11,COUNTERPARTY_22140
431c8352693427492bc773eb67a25705,COMP_0793,invoice,2025-01-28,2025-01-28,2025-01-28 00:00:00,1376.34,0.0,EUR,EUR,1.0,paid,N.Fra TB2025F/21 COUNTERPARTY_14912 Ef 1,COUNTERPARTY_14912
47aef4b0ed55ae9a0299d1000bb4b127,COMP_0793,invoice,2025-09-11,2025-09-11,2025-10-10 00:00:00,273.41,0.0,EUR,EUR,1.0,paid,N.Fra TB2025F/381 COUNTERPARTY_59168 Ef 1,COUNTERPARTY_59168
5c00a8d81f239a5d2b78311d8e74fcc0,COMP_0793,invoice,2025-12-15,2025-12-15,2025-12-15 00:00:00,-968.0,0.0,EUR,EUR,1.0,paid,S.Fra /2032 COUNTERPARTY_59185 Ef 129/2025,COUNTERPARTY_59185
5c531d48d997f88347174a7f74370cee,COMP_0793,invoice,2025-12-01,2025-12-31,2026-01-12 00:00:00,-103.58,0.0,EUR,EUR,1.0,paid,S.Fra /1993 COUNTERPARTY_42761 Ef [NUM],COUNTERPARTY_42761
60a85031f8c8677ad3a64c2626c02f7a,COMP_0793,invoice,2025-08-31,2025-09-30,2025-08-31 00:00:00,-199.89,0.0,EUR,EUR,1.0,paid,S.Fra /1199 COUNTERPARTY_30606 Ef 1S25/430,COUNTERPARTY_30606
791c420d4731188d89b09daf5e02ab26,COMP_0793,invoice,2025-06-13,2025-06-13,2025-06-13 00:00:00,-800.05,0.0,EUR,EUR,1.0,paid,S.Fra /710 COUNTERPARTY_43351 Ef [NUM],COUNTERPARTY_43351
7bd5a3d9a4dc63bf8eadb6a6a6f3d54e,COMP_0793,invoice,2025-08-20,2025-09-19,2025-10-13 00:00:00,-1269.05,0.0,EUR,EUR,1.0,paid,S.Fra /1238 COUNTERPARTY_48090 Ef 190387,COUNTERPARTY_48090
7e24fbb449e7b9883a0f6a48da65ab17,COMP_0793,invoice,2025-09-18,2025-10-18,2025-09-18 00:00:00,-958.32,0.0,EUR,EUR,1.0,paid,S.Fra /1388 COUNTERPARTY_35858 Ef 114[X]93-0013,COUNTERPARTY_35858
85a635bc84f4aa08f63247c83fe7a071,COMP_0793,invoice,2025-07-28,2025-07-28,2025-07-29 00:00:00,211.34,0.0,EUR,EUR,1.0,paid,N.Fra TB2025F/339 COUNTERPARTY_15425 Ef 1,COUNTERPARTY_15425
a4bf464755e4358a960833f8bd5b7f21,COMP_0793,invoice,2025-06-26,2025-06-26,2025-08-11 00:00:00,141.9,0.0,EUR,EUR,1.0,paid,N.Fra TB2025F/269 COUNTERPARTY_04788 Ef 1,COUNTERPARTY_04788
b592c34c1a3cce2a45fb69a7ec893c25,COMP_0793,invoice,2026-01-23,2026-01-23,2026-02-10 00:00:00,-106.0,0.0,EUR,EUR,1.0,paid,S.Fra /68 COUNTERPARTY_54547 Ef 1F/2026/1,COUNTERPARTY_54547
d762230dc07d03e240314f0e587ab6e1,COMP_0001,invoice,2024-12-01,2024-12-31,2025-01-01 00:00:00,-173.5,0.0,EUR,EUR,1.0,paid,S.Fra /10 COUNTERPARTY_07183 Ef 12024L/24/[NUM],COUNTERPARTY_50543
dca5ec05fc81c9903b5b08fd78dfe561,COMP_0793,invoice,2025-02-26,2025-02-26,2025-02-26 00:00:00,944.83,0.0,EUR,EUR,1.0,paid,N.Fra TB2025F/62 COUNTERPARTY_48877 Ef 1,COUNTERPARTY_48877
ddd22bd6ac7a4522baf3676e836a0d52,COMP_0793,invoice,2025-09-19,2025-09-19,2025-10-13 00:00:00,-12.0,0.0,EUR,EUR,1.0,paid,S.Fra /1390 COUNTERPARTY_59263 Ef 130.968,COUNTERPARTY_59263
deafca1e1099abcac88c2ff257d2d8d8,COMP_0793,invoice,2025-10-27,2025-10-27,2025-11-04 00:00:00,1208.94,0.0,EUR,EUR,1.0,paid,N.Fra TB2025F/456 COUNTERPARTY_47852 Ef 1,COUNTERPARTY_47852
eef330a20b3220a910cffc30c94b0bd1,COMP_0001,invoice,2025-06-18,2025-06-18,2025-06-19 00:00:00,-74.99,0.0,EUR,EUR,1.0,paid,S.Fra /128 COUNTERPARTY_59271 Ef [REF],COUNTERPARTY_59271
029af8a83119c11eb0d40989e2585e4d,COMP_0793,invoice,2025-08-07,2025-10-06,2025-08-07 00:00:00,-193.12,0.0,EUR,EUR,1.0,paid,S.Fra /1136 COUNTERPARTY_42722 Ef 1F[NUM],COUNTERPARTY_42722
03492bb813983b36ab372675b3a115d3,COMP_0793,invoice,2025-08-07,2025-09-06,2025-08-19 00:00:00,-1841.14,0.0,EUR,EUR,1.0,paid,S.Fra /1024 COUNTERPARTY_59283 Ef 1F0871/2025,COUNTERPARTY_59283
04c4b2b061d8ac91f1a7df37f106244b,COMP_0793,invoice,2025-12-15,2025-12-15,2025-12-23 00:00:00,236.3,0.0,EUR,EUR,1.0,paid,N.Fra TB2025F/575 COUNTERPARTY_21752 Ef 1,COUNTERPARTY_21752
052833b63898a848041baee61f21a04a,COMP_0793,invoice,2025-08-29,2025-09-28,2025-10-13 00:00:00,-373.41,0.0,EUR,EUR,1.0,paid,S.Fra /1157 COUNTERPARTY_51965 Ef 12025A/3725,COUNTERPARTY_57664
1688dfae8dc0601a0300f7e22843aa72,COMP_0793,invoice,2025-10-01,2025-10-31,2025-10-01 00:00:00,-632.45,0.0,EUR,EUR,1.0,paid,S.Fra /1426 COUNTERPARTY_10795 Ef 11T01577M,COUNTERPARTY_23778
26db6b934cb4062e1c0cddef1b52880e,COMP_0793,invoice,2025-10-27,2025-10-27,2025-12-01 00:00:00,19573.95,0.0,EUR,EUR,1.0,paid,N.Fra TB2025F/457 COUNTERPARTY_49692 Ef 1,COUNTERPARTY_49692
2a0d1f68c723b71692d3edefc2599d45,COMP_0793,invoice,2025-11-02,2025-12-02,2025-11-04 00:00:00,-12.78,0.0,EUR,EUR,1.0,paid,S.Fra /1528 COUNTERPARTY_07226 Ef 1ES51[X],COUNTERPARTY_18040
425ac4165959ac12164f9baa2880c2df,COMP_0793,invoice,2026-01-02,2026-01-02,2026-02-01 00:00:00,-0.91,0.0,EUR,EUR,1.0,paid,S.Fra /388 COUNTERPARTY_00061 Ef [REF],COUNTERPARTY_22769
43a77183f4863df4da9d333507772909,COMP_0793,invoice,2025-09-01,2025-10-01,2025-09-01 00:00:00,-239.58,0.0,EUR,EUR,1.0,paid,S.Fra /1263 COUNTERPARTY_35858 Ef 114[X]93-0011,COUNTERPARTY_35858
4a7424208819966d457c131a65884dd1,COMP_0793,invoice,2025-12-31,2025-12-31,2025-12-31 00:00:00,-724.55,0.0,EUR,EUR,1.0,paid,N.Fra [X]/18 COUNTERPARTY_15594 Ef 1,COUNTERPARTY_15594
53d4e9da621afa068513f57c45fd6039,COMP_0793,invoice,2025-04-24,2025-04-24,2025-04-24 00:00:00,-0.36,0.0,EUR,EUR,1.0,paid,S.Fra /[COMPANY] Ef 1F[NUM],COUNTERPARTY_47950
550d313468061c83197a50030b0f23e3,COMP_0793,invoice,2025-05-13,2025-07-12,2025-05-13 00:00:00,-1743.46,0.0,EUR,EUR,1.0,paid,S.Fra /417 COUNTERPARTY_42722 Ef 1F[NUM],COUNTERPARTY_42722
55b450de401d59e3324eb5fcb8c504fb,COMP_0793,invoice,2025-11-26,2025-12-26,2025-12-11 00:00:00,1260.67,0.0,EUR,EUR,1.0,paid,N.Fra TB2025F/531 COUNTERPARTY_49557 Ef 1,COUNTERPARTY_49557
671c8fbd773076ef141923ac57f4eefe,COMP_0793,invoice,2025-08-24,2025-08-23,2025-10-04 00:00:00,35783.49,0.0,EUR,EUR,1.0,paid,N.Fra TB2025F/359 COUNTERPARTY_47852 Ef 1,COUNTERPARTY_47852
7047179ec4998f32878153a9697713b2,COMP_0793,invoice,2026-01-09,2026-01-09,2026-01-09 00:00:00,-57.17,0.0,EUR,EUR,1.0,paid,S.Fra /93 COUNTERPARTY_00061 Ef [REF],COUNTERPARTY_22769
a329dcb21ecd66558e8c044cb6485166,COMP_0793,invoice,2025-05-04,2025-06-03,2025-06-06 00:00:00,-408.11,0.0,EUR,EUR,1.0,paid,S.Fra /404 COUNTERPARTY_51816 Ef 12025K/25,COUNTERPARTY_51816
ae54470176e6a05acd8efb13846f6393,COMP_0793,invoice,2025-06-01,2025-07-01,2025-06-01 00:00:00,-123.42,0.0,EUR,EUR,1.0,paid,S.Fra /496 COUNTERPARTY_18906 Ef 22025/4960,COUNTERPARTY_18906
b2fe7824b2f9ee695bb9f0cebdf503e6,COMP_0793,invoice,2025-02-26,2025-02-26,2025-02-26 00:00:00,1131.56,0.0,EUR,EUR,1.0,paid,N.Fra TB2025F/61 COUNTERPARTY_48877 Ef 1,COUNTERPARTY_48877
cd3b0366f44bf8560be1ff016e7fdb2c,COMP_0001,invoice,2025-06-30,2025-06-30,2025-07-11 00:00:00,222.92,0.0,EUR,EUR,1.0,paid,N.Fra TB2025F/82 [COMPANY] Ef 1,COUNTERPARTY_03903
e2d3b5a2c97208f09ea8b0c25d862820,COMP_0793,invoice,2025-06-25,2025-07-25,2025-07-10 00:00:00,76998.35,0.0,EUR,EUR,1.0,paid,N.Fra TB2025F/238 COUNTERPARTY_05961 Ef 1,COUNTERPARTY_05961
e60bcbea73bd878e295f487d38345e40,COMP_0793,invoice,2025-10-22,2025-10-22,2025-11-07 00:00:00,-2722.5,0.0,EUR,EUR,1.0,paid,S.Fra /1616 [COMPANY] Ef 1186,COUNTERPARTY_22440
ebfd6d239da31e60a93149ca03b2cbfb,COMP_0793,invoice,2025-07-24,2025-07-24,2025-07-24 00:00:00,-827.64,0.0,EUR,EUR,1.0,paid,S.Fra /854 [COMPANY] Ef 1112,COUNTERPARTY_22440
049ff0dc259726df6237d69f12fca517,COMP_0793,invoice,2025-10-28,2025-12-27,2025-10-28 00:00:00,-2094.01,0.0,EUR,EUR,1.0,paid,S.Fra /1696 COUNTERPARTY_42722 Ef 1F[NUM],COUNTERPARTY_42722
0df7c6c38a0b79423a451a4472209447,COMP_0793,invoice,2025-02-15,2025-03-17,2025-04-01 00:00:00,-326.7,0.0,EUR,EUR,1.0,paid,S.Fra /381 COUNTERPARTY_18405 Ef 1FVT25-11103,COUNTERPARTY_18405
1720b8b8838f79fca850523abb718dd3,COMP_0793,invoice,2025-05-13,2025-07-12,2025-05-13 00:00:00,-1557.9,0.0,EUR,EUR,1.0,paid,S.Fra /459 COUNTERPARTY_42722 Ef 1F[NUM],COUNTERPARTY_42722
262b19fdc97d3777e80b59950df64c03,COMP_0793,invoice,2025-08-24,2025-08-23,2025-09-15 00:00:00,14479.43,0.0,EUR,EUR,1.0,paid,N.Fra TB2025F/355 COUNTERPARTY_49391 Ef 1,COUNTERPARTY_49391
31379d398c68446c7b36b48616e8b479,COMP_0001,invoice,2025-08-17,2025-08-16,2025-09-11 00:00:00,1210.0,0.0,EUR,EUR,1.0,paid,N.Fra TB2025F/137 [COMPANY] Ef 1,COUNTERPARTY_03903
49b113fa7d78805362761158cb96de23,COMP_0793,invoice,2025-12-23,2026-01-22,2026-01-14 00:00:00,76998.35,0.0,EUR,EUR,1.0,paid,N.Fra TB2025F/588 COUNTERPARTY_05961 Ef 1,COUNTERPARTY_05961
57a6f40e98397ab9927da4518d9fecdd,COMP_0793,invoice,2025-07-24,2025-08-23,2025-09-10 00:00:00,-1308.62,0.0,EUR,EUR,1.0,paid,S.Fra /910 COUNTERPARTY_49683 Ef [NUM],COUNTERPARTY_49683
77d671ffbd7efeea0d593379d0a3ab82,COMP_0793,invoice,2025-10-31,2025-10-31,2025-10-31 00:00:00,-0.36,0.0,EUR,EUR,1.0,paid,S.Fra /[COMPANY] Ef [REF],COUNTERPARTY_47950
81f7cc458c9a30ed556e077ec9f789ca,COMP_0793,invoice,2026-01-30,2026-01-30,2026-02-18 00:00:00,58978.61,0.0,EUR,EUR,1.0,paid,N.Fra TB2026F/65 COUNTERPARTY_48639 Ef 1,COUNTERPARTY_48639
b602fdcfdf0a207b7932eed18ca5b6b7,COMP_0793,invoice,2025-12-01,2025-12-01,2025-12-01 00:00:00,-29.04,0.0,EUR,EUR,1.0,paid,S.Fra /1949 COUNTERPARTY_06745 Ef 18370,COUNTERPARTY_06745
df33fd5e853e2f37ceb9dfaecc2bd890,COMP_0793,invoice,2025-11-21,2025-12-21,2025-11-21 00:00:00,358.34,0.0,EUR,EUR,1.0,paid,S.Fra /1913 COUNTERPARTY_47799 Ef 118636,COUNTERPARTY_47799
f4f83cda1465bee04a60978ed2186aaf,COMP_0001,invoice,2025-06-06,2025-06-06,2025-06-10 00:00:00,-60.75,0.0,EUR,EUR,1.0,paid,S.Fra /114 COUNTERPARTY_01678 Ef 1ES51LCP4AEUI,COUNTERPARTY_48241
03d0577686260460e63dc511f183bfdd,COMP_0793,invoice,2026-01-26,2026-01-26,2026-01-26 00:00:00,-1.51,0.0,EUR,EUR,1.0,paid,S.Fra /117 COUNTERPARTY_00061 Ef [REF],COUNTERPARTY_22769
041d70436fbb783249376f575671d20a,COMP_0793,invoice,2025-04-25,2025-05-25,2025-04-25 00:00:00,-1813.98,0.0,EUR,EUR,1.0,paid,S.Fra /353 COUNTERPARTY_42909. Ef 125/787,COUNTERPARTY_42909
0fbd0e5779991336940cb0e3467e3832,COMP_0793,invoice,2025-08-31,2025-09-30,2025-11-07 00:00:00,-24169.75,0.0,EUR,EUR,1.0,paid,S.Fra /1161 COUNTERPARTY_07215 Ef 1165,COUNTERPARTY_07215
170a184aa66f7d7b49c091d0c27176d7,COMP_0793,invoice,2025-08-04,2025-08-04,2025-08-04 00:00:00,-387.2,0.0,EUR,EUR,1.0,paid,S.Fra /957 COUNTERPARTY_55423 Ef [NUM],COUNTERPARTY_55423
1f1daf180ecb5b445057490f5d32590c,COMP_0793,invoice,2025-05-30,2025-05-30,2025-06-25 00:00:00,9177.22,0.0,EUR,EUR,1.0,paid,N.Fra TB2025F/214 COUNTERPARTY_48639 Ef 1,COUNTERPARTY_48639
214ff3bde3ff83a39dde774893966a5f,COMP_0793,invoice,2025-09-23,2025-10-23,2025-09-24 00:00:00,-50.78,0.0,EUR,EUR,1.0,paid,S.Fra /1284 COUNTERPARTY_07226 Ef 1ES51AL7CABEI,COUNTERPARTY_18040
255ad811c84f19316a7e69d690dc20ee,COMP_0001,invoice,2025-08-17,2025-08-16,2025-10-14 00:00:00,12100.0,0.0,EUR,EUR,1.0,paid,N.Fra TB2025F/151 [COMPANY] Ef 1,COUNTERPARTY_03903
39b03bf36d18ae5ad522da6f80741b90,COMP_0793,invoice,2025-04-30,2025-05-30,2025-06-06 00:00:00,-194.21,0.0,EUR,EUR,1.0,paid,S.Fra /394 COUNTERPARTY_27660 Ef 1A25193,COUNTERPARTY_27660
4bc65c111cdce62fdb7da321593a80fe,COMP_0793,invoice,2025-11-27,2025-11-27,2025-12-15 00:00:00,16110.01,0.0,EUR,EUR,1.0,paid,N.Fra TB2025F/562 COUNTERPARTY_48639 Ef 1,COUNTERPARTY_48639
521ac2e95ea63ef9c14e66ae9e963546,COMP_0793,invoice,2025-11-18,2025-12-18,2026-01-02 00:00:00,485.17,0.0,EUR,EUR,1.0,paid,N.Fra TB2025F/510 COUNTERPARTY_59629 Ef 1,COUNTERPARTY_59629
547badb7005012cef29aca25596230f8,COMP_0793,invoice,2026-01-30,2026-03-01,2026-02-10 00:00:00,-280.68,0.0,EUR,EUR,1.0,paid,S.Fra /128 COUNTERPARTY_51473 Ef 1F26-226,COUNTERPARTY_51473
5b9506ac60c7f9e09d67fb16707f735c,COMP_0793,invoice,2025-10-01,2025-10-01,2025-10-01 00:00:00,-29.04,0.0,EUR,EUR,1.0,paid,S.Fra /1455 COUNTERPARTY_06745 Ef [NUM],COUNTERPARTY_06745
5cd0d6154651307f2abffe4d7129d6ee,COMP_0001,invoice,2025-07-24,2025-07-24,2025-07-24 00:00:00,726.0,0.0,EUR,EUR,1.0,paid,N.Fra TB2025F/105 [COMPANY] Ef 1,COUNTERPARTY_03903
6a99455a91cfc567ba98e4e5a3101c81,COMP_0793,invoice,2025-06-30,2025-06-30,2025-06-30 00:00:00,-81.38,0.0,EUR,EUR,1.0,paid,S.Fra /577 COUNTERPARTY_56541 Ef 125/3307,COUNTERPARTY_56541
7532cf45848dcce519e1366f90c0c031,COMP_0793,invoice,2025-04-30,2025-04-30,2025-05-06 00:00:00,-968.0,0.0,EUR,EUR,1.0,paid,S.Fra /354 COUNTERPARTY_49814 Ef 139/2025,COUNTERPARTY_49814
75b8d35180c3411938a273bceb39d97a,COMP_0793,invoice,2026-02-25,2026-02-25,2026-03-04 00:00:00,163.35,0.0,EUR,EUR,1.0,paid,N.Fra TB2026F/112 COUNTERPARTY_59651 Ef 1,COUNTERPARTY_59651
90c2c23f0450b214c9eab9f0ab5722c8,COMP_0001,invoice,2025-08-12,2025-09-11,2025-08-12 00:00:00,968.12,0.0,EUR,EUR,1.0,paid,S.Fra /165 COUNTERPARTY_23347 Ef 1A/250.030,COUNTERPARTY_23347
963d2bea49e7b8a228790114a313b59f,COMP_0793,invoice,2025-06-22,2025-06-22,2025-06-22 00:00:00,-956.93,0.0,EUR,EUR,1.0,paid,S.Fra /562 COUNTERPARTY_23799. Ef 133719,COUNTERPARTY_28032
a0b125ed911c9c772f60667650e8c944,COMP_0793,invoice,2026-02-03,2026-02-03,2026-02-23 00:00:00,997.52,0.0,EUR,EUR,1.0,paid,N.Fra TB2026F/66 COUNTERPARTY_48639 Ef 1,COUNTERPARTY_48639
a60539ad73a5a6471ff7998f86f1f8ee,COMP_0793,invoice,2025-09-11,2025-09-11,2025-10-13 00:00:00,-695.87,0.0,EUR,EUR,1.0,paid,S.Fra /1273 COUNTERPARTY_07277. Ef 12025/1118,COUNTERPARTY_07277
ac9713e8cb9614d9758ed211a632f71d,COMP_0793,invoice,2025-08-22,2025-08-22,2025-09-10 00:00:00,-340.25,0.0,EUR,EUR,1.0,paid,S.Fra /1192 COUNTERPARTY_33161 Ef 1S25/4582,COUNTERPARTY_47731
ad17f8dfdd6e07feb2e2f0ea28e9c1de,COMP_0001,invoice,2025-06-08,2025-06-08,2025-06-10 00:00:00,-65.0,0.0,EUR,EUR,1.0,paid,S.Fra /117 COUNTERPARTY_01678 Ef 1ES51LL32AEUI,COUNTERPARTY_48241
b3837a3ff465a8d970901ec0745db37c,COMP_0001,invoice,2025-09-30,2025-10-30,2025-09-30 00:00:00,-193.26,0.0,EUR,EUR,1.0,paid,S.Fra /188 COUNTERPARTY_07183 Ef 1L/25/[NUM],COUNTERPARTY_50543
d1484609ab78b548aeab8eafd9ec9038,COMP_0793,invoice,2025-10-13,2025-11-12,2025-10-13 00:00:00,-33.57,0.0,EUR,EUR,1.0,paid,S.Fra /1678 COUNTERPARTY_10160 Ef 1F[NUM],COUNTERPARTY_35185
d7037509059b3dc32d1ee4353e2fbe39,COMP_0793,invoice,2025-10-22,2025-10-22,2025-10-28 00:00:00,-0.36,0.0,EUR,EUR,1.0,paid,S.Fra /[COMPANY] Ef [REF],COUNTERPARTY_47950
d8d7216565d69817c49dcc1782f7480a,COMP_0793,invoice,2025-07-24,2025-07-24,2025-07-24 00:00:00,-9680.0,0.0,EUR,EUR,1.0,paid,S.Fra /790 [COMPANY] Ef 1132,COUNTERPARTY_22440
de169e9151bab9fc4ef045b107793266,COMP_0793,invoice,2025-07-11,2025-07-11,2025-07-11 00:00:00,-16.4,0.0,EUR,EUR,1.0,paid,S.Fra /906 COUNTERPARTY_01767 Ef 136,COUNTERPARTY_01767
df9efb63daada410f8e5b3b369c09951,COMP_0793,invoice,2025-11-27,2025-11-27,2025-12-15 00:00:00,21396.89,0.0,EUR,EUR,1.0,paid,N.Fra TB2025F/560 COUNTERPARTY_48639 Ef 1,COUNTERPARTY_48639
e31351c202e5367c776f62d74f6ea055,COMP_0793,invoice,2026-01-23,2026-01-23,2026-01-23 00:00:00,-388.74,0.0,EUR,EUR,1.0,paid,S.Fra /5 COUNTERPARTY_07783 Ef [NUM],COUNTERPARTY_49066
eafd31c4b17ba4480ffd6749f40e91c4,COMP_0793,invoice,2025-04-07,2025-06-06,2025-04-07 00:00:00,-680.07,0.0,EUR,EUR,1.0,paid,S.Fra /325 COUNTERPARTY_42722 Ef 1F[NUM],COUNTERPARTY_42722
fe32e1ba3eee4ab2d5e406c481d33d8a,COMP_0001,invoice,2025-04-07,2025-05-07,2025-04-07 00:00:00,-272.98,0.0,EUR,EUR,1.0,paid,S.Fra /71 COUNTERPARTY_42922 Ef 1A/02458,COUNTERPARTY_58744
0265dde23ca3453946579df82b44970d,COMP_0793,invoice,2025-07-24,2025-08-23,2025-09-10 00:00:00,-302.5,0.0,EUR,EUR,1.0,paid,S.Fra /909 COUNTERPARTY_49683 Ef [NUM],COUNTERPARTY_49683
03150d5cbfebcaea415670b9ec132ede,COMP_0793,invoice,2025-09-04,2025-09-04,2025-09-04 00:00:00,-993.55,0.0,EUR,EUR,1.0,paid,S.Fra /1203 COUNTERPARTY_07783 Ef [NUM],COUNTERPARTY_49066
12c0e6fbe31b6aaaf53df667e6d6a481,COMP_0793,invoice,2025-12-01,2025-12-01,2025-12-03 00:00:00,-246.84,0.0,EUR,EUR,1.0,paid,S.Fra /1894 COUNTERPARTY_18906 Ef 12025/9410,COUNTERPARTY_18906
1d0e9dac8bdb83c5ef3dc45b0f72f16b,COMP_0793,invoice,2025-10-28,2025-10-28,2025-10-30 00:00:00,269.01,0.0,EUR,EUR,1.0,paid,N.Fra TB2025F/486 COUNTERPARTY_06305 Ef 1,COUNTERPARTY_06305
37060e620d743d714b73d2b093297bae,COMP_0001,invoice,2025-10-22,2025-10-22,2025-11-10 00:00:00,9075.0,0.0,EUR,EUR,1.0,paid,N.Fra TB2025F/187 [COMPANY] Ef 1,COUNTERPARTY_03903
3aff633b248f35037ce70e6561514fb8,COMP_0793,invoice,2024-12-26,2024-12-26,2025-01-06 00:00:00,-2420.0,0.0,EUR,EUR,1.0,paid,S.Fra /205 [COMPANY] Ef 114,COUNTERPARTY_22440
583fea8b273b39194b75f0831b63dea9,COMP_0793,invoice,2026-02-03,2026-03-05,2026-02-05 00:00:00,-221.16,0.0,EUR,EUR,1.0,paid,S.Fra /78 COUNTERPARTY_07226 Ef 1ES67[X],COUNTERPARTY_18040
62f3aa68b61309f8531ac64de172fff1,COMP_0793,invoice,2025-06-02,2025-06-02,2025-07-11 00:00:00,-0.73,0.0,EUR,EUR,1.0,paid,S.Fra /[COMPANY] Ef [REF],COUNTERPARTY_47950
62f41447dae9672f332f4703674e7fd9,COMP_0793,invoice,2025-07-28,2025-08-27,2025-08-22 00:00:00,17987.59,0.0,EUR,EUR,1.0,paid,N.Fra TB2025F/314 COUNTERPARTY_54687 Ef 1,COUNTERPARTY_54687
8051044a66c81bfac6bd86b29eec56b7,COMP_0001,invoice,2025-09-25,2025-10-25,2025-09-25 00:00:00,-15.0,0.0,EUR,EUR,1.0,paid,S.Fra /183 COUNTERPARTY_59796 Ef [REF],COUNTERPARTY_59796
97a390858f04edf678c1a13780e733c1,COMP_0793,invoice,2025-07-31,2025-07-31,2025-07-31 00:00:00,-165.5,0.0,EUR,EUR,1.0,paid,S.Fra /927 COUNTERPARTY_38069 Ef 1FC25-4506,COUNTERPARTY_38069
9883a8a961352bde47719be6dd378327,COMP_0001,invoice,2025-06-30,2025-07-30,2025-06-30 00:00:00,-187.99,0.0,EUR,EUR,1.0,paid,S.Fra /[COMPANY] Ef 1016-0006-948012,COUNTERPARTY_59808
9e7ed167a0a53af2e1a9ce8f7ab4f974,COMP_0793,invoice,2025-07-24,2025-08-23,2025-07-24 00:00:00,-2713.76,0.0,EUR,EUR,1.0,paid,S.Fra /789 [COMPANY] Ef 197,COUNTERPARTY_22440
b8aea494a5aa5e740f85c0c74cfb296b,COMP_0793,invoice,2025-11-25,2025-11-25,2025-12-30 00:00:00,18140.15,0.0,EUR,EUR,1.0,paid,N.Fra TB2025F/521 COUNTERPARTY_49692 Ef 1,COUNTERPARTY_49692
c632d03df47bba0a6476902e116b3a57,COMP_0793,invoice,2025-11-28,2025-12-28,2025-11-28 00:00:00,-512.0,0.0,EUR,EUR,1.0,paid,S.Fra /1918 COUNTERPARTY_50051. Ef 1S05/5411,COUNTERPARTY_50051
dcdc20b36223fa6a0c98593d916fc0b6,COMP_0793,invoice,2025-04-17,2025-04-17,2025-04-17 00:00:00,-0.36,0.0,EUR,EUR,1.0,paid,S.Fra /[COMPANY] Ef 1F[NUM],COUNTERPARTY_47950
e10cf7c72aeef56adfd55f15f1f9738a,COMP_0793,invoice,2025-10-28,2025-10-28,2025-10-31 00:00:00,45.4,0.0,EUR,EUR,1.0,paid,N.Fra TB2025F/480 COUNTERPARTY_15082 Ef 1,COUNTERPARTY_15082
e1ad45d729305ea3cb635450f16e8d81,COMP_0793,invoice,2025-10-28,2025-10-28,2025-10-28 00:00:00,1227.56,0.0,EUR,EUR,1.0,paid,N.Fra TB2025F/479 COUNTERPARTY_14912 Ef 1,COUNTERPARTY_14912
e846bd7d2555cd598267d10dd9eacfe0,COMP_0001,invoice,2025-02-11,2025-03-20,2025-02-11 00:00:00,-4991.25,0.0,EUR,EUR,1.0,paid,S.Fra /21 COUNTERPARTY_08037 Ef 14,COUNTERPARTY_08037
eaf9260cf1bff5b3ab0898bdc57e1801,COMP_0793,invoice,2025-05-19,2025-05-19,2025-05-19 00:00:00,-2420.0,0.0,EUR,EUR,1.0,paid,S.Fra /443 [COMPANY] Ef 144,COUNTERPARTY_22440
ec8d64d9f47db699e85010f8c9396ce6,COMP_0793,invoice,2024-12-26,2024-12-26,2024-12-26 00:00:00,986.28,0.0,EUR,EUR,1.0,paid,N.Fra TB2024F/83 COUNTERPARTY_14912 Ef 1,COUNTERPARTY_14912
f6dbc2fa8f8fbd280c4d333cc786e1eb,COMP_0001,invoice,2025-07-31,2025-07-31,2025-07-31 00:00:00,-72.39,0.0,EUR,EUR,1.0,paid,S.Fra /180 COUNTERPARTY_51811 Ef 1C[NUM]-0725,COUNTERPARTY_51811
ff39bf853c86c1f7cca13760b988f5f9,COMP_0793,invoice,2025-11-25,2025-11-25,2025-12-30 00:00:00,16679.27,0.0,EUR,EUR,1.0,paid,N.Fra TB2025F/523 COUNTERPARTY_49692 Ef 1,COUNTERPARTY_49692
2677f070f6f5722230ea0cadbde7e0e3,COMP_0793,invoice,2025-10-31,2025-10-31,2025-11-01 00:00:00,-3.8,0.0,EUR,EUR,1.0,paid,S.Fra /1966 COUNTERPARTY_10802 Ef 12223,COUNTERPARTY_10802
2f271e158b518b2f6aebf202d711dd08,COMP_0001,invoice,2025-06-30,2025-06-30,2025-06-30 00:00:00,-405.96,0.0,EUR,EUR,1.0,paid,S.Fra /142 COUNTERPARTY_07183 Ef 1L/25/[NUM],COUNTERPARTY_50543
3ca1809559df7e652517c3fae25c8aae,COMP_0793,invoice,2025-09-28,2025-09-27,2025-11-03 00:00:00,15534.15,0.0,EUR,EUR,1.0,paid,N.Fra TB2025F/390 COUNTERPARTY_49692 Ef 1,COUNTERPARTY_49692
454174ec06b295166c1eee4d8dcc4e39,COMP_0793,invoice,2025-11-09,2025-12-09,2025-11-11 00:00:00,-18.37,0.0,EUR,EUR,1.0,paid,S.Fra /1900 COUNTERPARTY_07226 Ef 1ES51[X],COUNTERPARTY_18040
4a376aac505d90b86ec35acd64c671b1,COMP_0793,invoice,2025-08-22,2025-08-22,2025-08-22 00:00:00,-180.0,0.0,EUR,EUR,1.0,paid,S.Fra /1194 COUNTERPARTY_07783 Ef [NUM],COUNTERPARTY_49066
4cfb3183475b5ad4c412c1a40c8f0a03,COMP_0793,invoice,2025-11-01,2025-12-01,2025-11-01 00:00:00,-239.58,0.0,EUR,EUR,1.0,paid,S.Fra /1721 COUNTERPARTY_35858 Ef 114[X]93-0015,COUNTERPARTY_35858
5076733901632bbaa86b1a6f7ded7b76,COMP_0001,invoice,2025-08-17,2025-08-17,2025-08-26 00:00:00,-7260.0,0.0,EUR,EUR,1.0,paid,S.Fra /170 COUNTERPARTY_26899 Ef 115,COUNTERPARTY_26899
53d11d9fb5ccc6645d12a268ceee5427,COMP_0793,invoice,2025-06-19,2025-06-19,2025-07-15 00:00:00,16259.64,0.0,EUR,EUR,1.0,paid,N.Fra TB2025F/227 COUNTERPARTY_48639 Ef 1,COUNTERPARTY_48639
603e948fa8e8306e404c8e8b8a326b56,COMP_0001,invoice,2025-04-30,2025-04-30,2025-05-07 00:00:00,1815.0,0.0,EUR,EUR,1.0,paid,N.Fra TB2025F/39 [COMPANY] Ef 1,COUNTERPARTY_03903
78f854456814bccc901b8b295574196d,COMP_0001,invoice,2025-07-24,2025-07-24,2025-07-24 00:00:00,3630.0,0.0,EUR,EUR,1.0,paid,N.Fra TB2025F/128 [COMPANY] Ef 1,COUNTERPARTY_03903
813c4161c268bc7b2403e93893630f6b,COMP_0001,invoice,2025-07-24,2025-07-24,2025-07-24 00:00:00,4840.0,0.0,EUR,EUR,1.0,paid,N.Fra TB2025F/121 [COMPANY] Ef 1,COUNTERPARTY_03903
8946d42f83726a6b618b8452f2486529,COMP_0793,invoice,2025-08-17,2025-08-17,2025-09-10 00:00:00,-5445.0,0.0,EUR,EUR,1.0,paid,S.Fra /1082 [COMPANY] Ef 1138,COUNTERPARTY_22440
8be2e89fa48eb6cf91b26d0ab0db0c63,COMP_0793,invoice,2025-06-25,2025-06-25,2025-09-16 00:00:00,236.3,0.0,EUR,EUR,1.0,paid,N.Fra TB2025F/234 COUNTERPARTY_21752 Ef 1,COUNTERPARTY_21752
92f9aa70c9ad246a79d7d73a844106f4,COMP_0793,invoice,2025-06-02,2025-07-02,2025-06-02 00:00:00,-647.35,0.0,EUR,EUR,1.0,paid,S.Fra /485 COUNTERPARTY_50051. Ef 1S01/10019,COUNTERPARTY_50051
bdb0a44f0c110611b9ed1c542340c7d6,COMP_0001,invoice,2025-08-17,2025-08-16,2025-09-11 00:00:00,9680.0,0.0,EUR,EUR,1.0,paid,N.Fra TB2025F/139 [COMPANY] Ef 1,COUNTERPARTY_03903
c842afccae8f108950c7fb38dd93477b,COMP_0793,invoice,2025-06-19,2025-07-19,2025-08-11 00:00:00,-1038.18,0.0,EUR,EUR,1.0,paid,S.Fra /612 COUNTERPARTY_59985 Ef 110,COUNTERPARTY_59985
cff392caf41dad1ac583f9dda2c932d6,COMP_0793,invoice,2025-07-01,2025-07-01,2025-07-01 00:00:00,-84.7,0.0,EUR,EUR,1.0,paid,S.Fra /730 COUNTERPARTY_18906 Ef 12025/5753,COUNTERPARTY_18906
d9d6f6845ef0c011dda82f509f55040d,COMP_0793,invoice,2025-05-29,2025-05-29,2025-05-29 00:00:00,822.04,0.0,EUR,EUR,1.0,paid,N.Fra TB2025F/193 COUNTERPARTY_48877 Ef 1,COUNTERPARTY_48877
db77fedae7cf7e375cfb9bc91feb4734,COMP_0793,invoice,2025-07-17,2025-07-17,2025-08-11 00:00:00,-602.1,0.0,EUR,EUR,1.0,paid,S.Fra /822 COUNTERPARTY_33161 Ef 1S25/3575,COUNTERPARTY_47731
e00e79c7eb7b61678dc8264f24665da2,COMP_0793,invoice,2025-02-26,2025-02-26,2025-02-26 00:00:00,502.91,0.0,EUR,EUR,1.0,paid,N.Fra TB2025F/60 COUNTERPARTY_48877 Ef 1,COUNTERPARTY_48877
e23f93cbd599a8767bc31e473b44d368,COMP_0793,invoice,2025-05-09,2025-06-08,2025-05-09 00:00:00,-724.96,0.0,EUR,EUR,1.0,paid,S.Fra /583 COUNTERPARTY_59999 Ef 125/000116,COUNTERPARTY_59999
eeb153ef1af6947267806cd07ce3284d,COMP_0793,invoice,2025-06-25,2025-06-25,2025-12-01 00:00:00,-377.64,0.0,EUR,EUR,1.0,paid,S.Fra /2087 COUNTERPARTY_27278 Ef 12025/034248,COUNTERPARTY_27278
f3447f419a471419dd2576f9a0142960,COMP_0793,invoice,2025-07-28,2025-07-28,2025-09-15 00:00:00,5650.51,0.0,EUR,EUR,1.0,paid,N.Fra TB2025F/307 COUNTERPARTY_49391 Ef 1,COUNTERPARTY_49391
14063dcbc84b095af4e31dd69cb5453f,COMP_0793,invoice,2025-12-29,2026-01-28,2026-02-10 00:00:00,-217.46,0.0,EUR,EUR,1.0,paid,S.Fra /2043 COUNTERPARTY_48090 Ef 191305,COUNTERPARTY_48090
164ac085a1f252f092f0df2b1507e1fe,COMP_0793,invoice,2025-09-12,2025-09-12,2025-09-12 00:00:00,-605.0,0.0,EUR,EUR,1.0,paid,S.Fra /1376 COUNTERPARTY_59185 Ef 119/2025,COUNTERPARTY_59185
2cd839eda75f44d655ad0f9ed387c1e8,COMP_0793,invoice,2024-10-11,2024-11-10,2024-10-11 00:00:00,-189.9,0.0,EUR,EUR,1.0,paid,S.Fra /58 COUNTERPARTY_10795 Ef [TAXID],COUNTERPARTY_23778
35c461bf67c4cb2f8c69b465196440c5,COMP_0793,invoice,2025-07-26,2025-08-25,2025-07-26 00:00:00,-839.28,0.0,EUR,EUR,1.0,paid,S.Fra /1008 COUNTERPARTY_23799. Ef 141658,COUNTERPARTY_28032
48575b3f8124f651472fe47b67a0d3c2,COMP_0793,invoice,2025-09-16,2025-09-16,2025-09-16 00:00:00,180.0,0.0,EUR,EUR,1.0,paid,S.Fra /1433 COUNTERPARTY_07783 Ef [NUM],COUNTERPARTY_49066
4ea552eefd1d8e7c3c02892555216132,COMP_0793,invoice,2025-07-23,2025-08-22,2025-07-23 00:00:00,-11.75,0.0,EUR,EUR,1.0,paid,S.Fra /898 COUNTERPARTY_60053 Ef 1N000483/2025,COUNTERPARTY_60053
59a424d1400d6ddeb22fe56be11bf0d7,COMP_0793,invoice,2025-10-20,2025-11-19,2025-10-20 00:00:00,-1919.36,0.0,EUR,EUR,1.0,paid,S.Fra /1610 COUNTERPARTY_50051. Ef 1S01/10893,COUNTERPARTY_50051
76c80bb2c26d4be701df53567dadbee0,COMP_0793,invoice,2025-06-04,2025-06-04,2025-06-04 00:00:00,-777.8,0.0,EUR,EUR,1.0,paid,S.Fra /502 COUNTERPARTY_60077 Ef 1P000496/2025,COUNTERPARTY_60077
8169c9ad03f78ffca12abd2974407bdf,COMP_0793,invoice,2025-07-24,2025-07-24,2025-07-24 00:00:00,-162.01,0.0,EUR,EUR,1.0,paid,S.Fra /857 [COMPANY] Ef 198,COUNTERPARTY_22440
8a9668db4793796dd51b3343d36c0e0b,COMP_0793,invoice,2025-07-31,2025-07-31,2025-08-11 00:00:00,-802.3,0.0,EUR,EUR,1.0,paid,S.Fra /977 COUNTERPARTY_60086 Ef 125F06589,COUNTERPARTY_60086
8c40fc561b183623885ed403f9c33bab,COMP_0793,invoice,2025-10-10,2025-11-09,2025-12-11 00:00:00,-333.63,0.0,EUR,EUR,1.0,paid,S.Fra /1676 COUNTERPARTY_51965 Ef 12025A/4398,COUNTERPARTY_57664
98bd9daf36d0a8b5e2b3b79513045fc0,COMP_0793,invoice,2025-09-30,2025-09-30,2025-10-13 00:00:00,-1782.33,0.0,EUR,EUR,1.0,paid,S.Fra /1413 COUNTERPARTY_60095 Ef 1F250312,COUNTERPARTY_60095
b1caea4367414cce38dfc5c48bfd1d26,COMP_0001,invoice,2025-07-24,2025-07-24,2025-07-24 00:00:00,15125.0,0.0,EUR,EUR,1.0,paid,N.Fra TB2025F/135 [COMPANY] Ef 1,COUNTERPARTY_03903
b41a3e00204ff6a746e358f3d9a0fe85,COMP_0001,invoice,2025-03-31,2025-04-21,2025-04-01 00:00:00,-43.52,0.0,EUR,EUR,1.0,paid,S.Fra /79 COUNTERPARTY_51811 Ef 1CI[NUM]-0325,COUNTERPARTY_51811
b89caa0d5e301dfd5336edeac37460f5,COMP_0793,invoice,2025-06-23,2025-06-23,2025-06-23 00:00:00,-99.9,0.0,EUR,EUR,1.0,paid,S.Fra /662 COUNTERPARTY_60111 Ef [NUM]/25,COUNTERPARTY_60111
bd7d31e258febe3479ac3b46801dde1f,COMP_0793,invoice,2025-06-30,2025-06-30,2025-06-30 00:00:00,-136.98,0.0,EUR,EUR,1.0,paid,S.Fra /711 COUNTERPARTY_07183 Ef 1CX/25/[NUM],COUNTERPARTY_11469
c0085658b01820bfeb00c5633684ef65,COMP_0793,invoice,2025-08-26,2025-08-26,2025-09-10 00:00:00,-1724.25,0.0,EUR,EUR,1.0,paid,S.Fra /1122 COUNTERPARTY_33161 Ef 1S25/4675,COUNTERPARTY_47731
f6fa07fd324f3e14314397b92a7279cc,COMP_0793,invoice,2025-11-25,2025-11-25,2025-12-15 00:00:00,17532.52,0.0,EUR,EUR,1.0,paid,N.Fra TB2025F/519 COUNTERPARTY_49391 Ef 1,COUNTERPARTY_49391
fb35bd1878f4ad148927381fd174fd4b,COMP_0793,invoice,2025-05-30,2025-06-29,2025-07-10 00:00:00,-216.17,0.0,EUR,EUR,1.0,paid,S.Fra /488 COUNTERPARTY_31108 Ef 12025/190,COUNTERPARTY_31108
016aa92b3c828450ac81f26a42206715,COMP_0001,invoice,2025-07-24,2025-07-24,2025-07-24 00:00:00,10012.54,0.0,EUR,EUR,1.0,paid,N.Fra TB2025F/88 [COMPANY] Ef 1,COUNTERPARTY_03903
1d58437c947ba57bd5d20f5aed083085,COMP_0793,invoice,2025-04-09,2025-05-09,2025-06-06 00:00:00,-274.0,0.0,EUR,EUR,1.0,paid,S.Fra /329 COUNTERPARTY_22217 Ef 1000/[NUM],COUNTERPARTY_22217
25c65263b83f24106d7c0f38a20ca920,COMP_0793,invoice,2025-09-05,2025-10-05,2025-09-25 00:00:00,-344.85,0.0,EUR,EUR,1.0,paid,S.Fra /1267 COUNTERPARTY_18583 Ef [NUM],COUNTERPARTY_18583
2ad280e68f971940f1cef319e0629a79,COMP_0001,invoice,2025-08-17,2025-08-16,2025-10-14 00:00:00,4235.0,0.0,EUR,EUR,1.0,paid,N.Fra TB2025F/147 [COMPANY] Ef 1,COUNTERPARTY_03903
337d21bd4fa5d281ca8418e8837a7717,COMP_0793,invoice,2025-07-28,2025-07-28,2025-09-03 00:00:00,14065.09,0.0,EUR,EUR,1.0,paid,N.Fra TB2025F/316 COUNTERPARTY_48639 Ef 1,COUNTERPARTY_48639
39f67094da5ed7f4e4fe0236d58a9530,COMP_0793,invoice,2025-05-01,2025-05-31,2025-07-10 00:00:00,-239.58,0.0,EUR,EUR,1.0,paid,S.Fra /402 COUNTERPARTY_35858 Ef 114[X]93-0007,COUNTERPARTY_35858
45f04c4ac2d283f7602c355af1d218e3,COMP_0793,invoice,2025-07-31,2025-07-31,2025-08-11 00:00:00,-226.88,0.0,EUR,EUR,1.0,paid,S.Fra /920 COUNTERPARTY_33161 Ef 1S25/4056,COUNTERPARTY_47731
4c1df9c455e9d301f90d891bfe64bf90,COMP_0001,invoice,2025-06-10,2025-06-10,2025-07-11 00:00:00,145.19,0.0,EUR,EUR,1.0,paid,N.Fra TB2025F/63 [COMPANY] Ef 1,COUNTERPARTY_03903
55ba38463d4d9615162e53f4abb413c8,COMP_0793,invoice,2025-08-22,2025-08-22,2025-08-22 00:00:00,-1173.55,0.0,EUR,EUR,1.0,paid,S.Fra /1193 COUNTERPARTY_07783 Ef [NUM],COUNTERPARTY_49066
5781c04d5da8a874c6d774a626251b89,COMP_0793,invoice,2025-07-07,2025-08-06,2025-07-07 00:00:00,-112.16,0.0,EUR,EUR,1.0,paid,S.Fra /718 COUNTERPARTY_34270 Ef 1INV/2025/09730,COUNTERPARTY_34270
5a8734705a27d67b3c04f7d3421078bd,COMP_0001,invoice,2025-07-24,2025-07-24,2025-07-24 00:00:00,725.99,0.0,EUR,EUR,1.0,paid,N.Fra TB2025F/115 [COMPANY] Ef 1,COUNTERPARTY_03903
612cb53909416ad6c8c5fdd9970f41ef,COMP_0793,invoice,2025-10-30,2025-11-29,2025-11-11 00:00:00,360.19,0.0,EUR,EUR,1.0,paid,N.Fra TB2025F/496 COUNTERPARTY_49557 Ef 1,COUNTERPARTY_49557
6f8e05afbdec6d1efcae376d9d355cb6,COMP_0793,invoice,2025-10-27,2025-10-27,2025-10-29 00:00:00,5806.45,0.0,EUR,EUR,1.0,paid,N.Fra TB2025F/464 COUNTERPARTY_20173 Ef 1,COUNTERPARTY_48413
81131e04bf942468ccaf3e2a9b0738fa,COMP_0793,invoice,2025-11-25,2025-12-25,2025-12-19 00:00:00,18262.97,0.0,EUR,EUR,1.0,paid,N.Fra TB2025F/514 COUNTERPARTY_54687 Ef 1,COUNTERPARTY_54687
920e777db79bb6176ead376298491a33,COMP_0001,invoice,2025-12-23,2026-01-22,2026-01-05 00:00:00,-2420.0,0.0,EUR,EUR,1.0,paid,S.Fra /234 COUNTERPARTY_15356 Ef 129,COUNTERPARTY_15356
a82f885698ea94925444c9a97917509f,COMP_0793,invoice,2025-09-29,2025-10-29,2025-11-07 00:00:00,-181.65,0.0,EUR,EUR,1.0,paid,S.Fra /1408 COUNTERPARTY_48090 Ef 190708,COUNTERPARTY_48090
b307abad9fd7661d039f8c23dac97262,COMP_0001,invoice,2025-05-22,2025-06-20,2025-05-23 00:00:00,-115.92,0.0,EUR,EUR,1.0,paid,S.Fra /92 COUNTERPARTY_51086 Ef 1ES51F9[X],COUNTERPARTY_51086
b8cc07239832a13834e19636877d7967,COMP_0793,invoice,2026-02-23,2026-02-23,2026-02-23 00:00:00,-14576.62,0.0,EUR,EUR,1.0,paid,N.Fra [X]/2 COUNTERPARTY_49391 Ef 1,COUNTERPARTY_49391
d350747dbd30e8f63200e3f9e9bd5b16,COMP_0793,invoice,2025-07-23,2025-07-23,2025-07-30 00:00:00,-377.87,0.0,EUR,EUR,1.0,paid,S.Fra /807 COUNTERPARTY_50141 Ef 102[X],COUNTERPARTY_50141
d50acbd00b9392b7b0a6caac95c1cdac,COMP_0793,invoice,2025-04-07,2025-06-06,2025-04-07 00:00:00,-1744.83,0.0,EUR,EUR,1.0,paid,S.Fra /326 COUNTERPARTY_42722 Ef 1F[NUM],COUNTERPARTY_42722
e6d260e3ffe92bb6319f90f16efcc3b9,COMP_0793,invoice,2025-09-24,2025-10-24,2025-09-24 00:00:00,-1576.29,0.0,EUR,EUR,1.0,paid,S.Fra /1403 COUNTERPARTY_33224 Ef 12025/[NUM],COUNTERPARTY_35897
f43b0404b5ae08e1f12e044a16f87aac,COMP_0793,invoice,2025-05-19,2025-05-19,2025-06-06 00:00:00,-4235.0,0.0,EUR,EUR,1.0,paid,S.Fra /438 [COMPANY] Ef 147,COUNTERPARTY_22440
006a79e5c4a739555b4fedf9564a7e33,COMP_0001,invoice,2025-03-18,2025-04-17,2025-03-18 00:00:00,-105.0,0.0,EUR,EUR,1.0,paid,S.Fra /50 COUNTERPARTY_49050 Ef 1HY0475,COUNTERPARTY_49050
11dd06a0716bfb63c891a197eb5b5929,COMP_0793,invoice,2025-07-28,2025-08-27,2025-08-27 00:00:00,16695.8,0.0,EUR,EUR,1.0,paid,N.Fra TB2025F/312 COUNTERPARTY_49557 Ef 1,COUNTERPARTY_49557
14a92c482385b74136d2acbf160ea6fd,COMP_0793,invoice,2026-01-05,2026-02-04,2026-02-10 00:00:00,-489.12,0.0,EUR,EUR,1.0,paid,S.Fra /88 COUNTERPARTY_22217 Ef 1654,COUNTERPARTY_22217
1625f7fbcbfc239f0ce5deb5fbdbd049,COMP_0793,invoice,2025-07-28,2025-07-28,2025-08-27 00:00:00,27.39,0.0,EUR,EUR,1.0,paid,N.Fra TB2025F/340 COUNTERPARTY_60312 Ef 1,COUNTERPARTY_60312
183f1b1710b85cb4c1eca209351083e2,COMP_0793,invoice,2025-07-24,2025-07-24,2025-07-24 00:00:00,-1227.41,0.0,EUR,EUR,1.0,paid,S.Fra /839 [COMPANY] Ef 1102,COUNTERPARTY_22440
2ac5dc87f3a3450a84530aaf01b6068c,COMP_0793,invoice,2025-04-04,2025-05-04,2025-06-06 00:00:00,-96.23,0.0,EUR,EUR,1.0,paid,S.Fra /322 COUNTERPARTY_48090 Ef 189357,COUNTERPARTY_48090
46269464c256bfb12cd8c2abe5de1a32,COMP_0793,invoice,2025-09-30,2025-09-30,2025-10-13 00:00:00,-968.0,0.0,EUR,EUR,1.0,paid,S.Fra /1291 COUNTERPARTY_49814 Ef 198/2025,COUNTERPARTY_49814
58cff364e0e08288c57568cf456b6343,COMP_0793,invoice,2026-07-20,2026-07-20,2026-07-20 00:00:00,-272.9,0.0,EUR,EUR,1.0,paid,N.Fra [X]/18 COUNTERPARTY_06137 Ef 1,COUNTERPARTY_06137
591a080a26a3535a640b2103d6f0ffbd,COMP_0793,invoice,2025-09-22,2025-11-21,2025-09-22 00:00:00,-328.76,0.0,EUR,EUR,1.0,paid,S.Fra /1400 COUNTERPARTY_42722 Ef 1F[NUM],COUNTERPARTY_42722
5b870b9d8ba76c55b8fbb9d24b582c6c,COMP_0793,invoice,2025-06-17,2025-07-17,2025-08-11 00:00:00,-264.99,0.0,EUR,EUR,1.0,paid,S.Fra /525 COUNTERPARTY_60354 Ef 1FAV25/2298,COUNTERPARTY_60354
5feb19078bcd97817d7f49ec5d34a3a4,COMP_0793,invoice,2025-12-17,2025-12-17,2026-01-12 00:00:00,-1781.73,0.0,EUR,EUR,1.0,paid,S.Fra /1983 COUNTERPARTY_42909. Ef 125/3084,COUNTERPARTY_42909
7146505b9df691cba877869c4d262872,COMP_0793,invoice,2025-05-31,2025-06-30,2025-07-10 00:00:00,-221.43,0.0,EUR,EUR,1.0,paid,S.Fra /588 COUNTERPARTY_27660 Ef 1A/25261,COUNTERPARTY_27660
71f5922ee4ad6f425cdeaf55dc45f78b,COMP_0793,invoice,2025-04-24,2025-05-24,2025-04-24 00:00:00,-103.27,0.0,EUR,EUR,1.0,paid,S.Fra /533 COUNTERPARTY_55558 Ef [NUM]/[NUM],COUNTERPARTY_60364
7a1ad225a1c76dc95389f10a3e7d246e,COMP_0001,invoice,2025-05-19,2025-05-19,2025-06-09 00:00:00,4840.0,0.0,EUR,EUR,1.0,paid,N.Fra TB2025F/43 [COMPANY] Ef 1,COUNTERPARTY_03903
88c5447d510b28d259449b3d2ba35451,COMP_0793,invoice,2025-10-27,2025-10-27,2025-12-01 00:00:00,24660.96,0.0,EUR,EUR,1.0,paid,N.Fra TB2025F/460 COUNTERPARTY_49692 Ef 1,COUNTERPARTY_49692
8d607be5ef71f257ac668c1248e0ffcc,COMP_0793,invoice,2025-06-10,2025-07-10,2025-06-10 00:00:00,-2096.63,0.0,EUR,EUR,1.0,paid,S.Fra /650 COUNTERPARTY_34270 Ef 1INV/2025/08302,COUNTERPARTY_34270
9297272946fb52b0c0f75e4d6aa3a05b,COMP_0793,invoice,2025-09-28,2025-09-27,2025-10-04 00:00:00,91.98,0.0,EUR,EUR,1.0,paid,N.Fra TB2025F/397 COUNTERPARTY_47852 Ef 1,COUNTERPARTY_47852
9e4c5ba8a426ca81dae59f4436f7d7f3,COMP_0001,invoice,2025-04-03,2025-05-20,2025-04-03 00:00:00,-28.72,0.0,EUR,EUR,1.0,paid,S.Fra /65 COUNTERPARTY_27905 Ef 1[X]/2025/1921,COUNTERPARTY_60397
bee2284f9f26fcca4f553fee308b67bc,COMP_0793,invoice,2025-04-30,2025-04-30,2025-05-06 00:00:00,752.83,0.0,EUR,EUR,1.0,paid,N.Fra TB2025F/160 COUNTERPARTY_04351 Ef 1,COUNTERPARTY_04351
c1f1ea4cbb962a0c9b7b36f11c933ed3,COMP_0793,invoice,2025-12-30,2025-12-30,2026-01-12 00:00:00,-968.0,0.0,EUR,EUR,1.0,paid,S.Fra /1990 COUNTERPARTY_49814 Ef 1134/2025,COUNTERPARTY_49814
c582f8f0a7ea548c628f053556975a1b,COMP_0793,invoice,2025-05-07,2025-06-06,2025-05-07 00:00:00,-32.36,0.0,EUR,EUR,1.0,paid,S.Fra /423 COUNTERPARTY_10160 Ef 1F[NUM],COUNTERPARTY_35185
ed448eec7cf37550375aa4271dae65f0,COMP_0793,invoice,2025-08-28,2025-09-27,2025-08-28 00:00:00,-245.1,0.0,EUR,EUR,1.0,paid,S.Fra /1262 COUNTERPARTY_07226 Ef 1ES515[X],COUNTERPARTY_18040
04f876a3df62d46b1a2366ac665480c3,COMP_0793,invoice,2025-11-20,2025-12-20,2026-01-12 00:00:00,-1399.04,0.0,EUR,EUR,1.0,paid,S.Fra /2022 COUNTERPARTY_48575 Ef 12025/01,COUNTERPARTY_48575
061ebfab4997f60fd09555b06ee7a8de,COMP_0793,invoice,2025-07-03,2025-07-03,2025-07-03 00:00:00,-2335.4,0.0,EUR,EUR,1.0,paid,N.Fra [X]/10 COUNTERPARTY_49391 Ef 1,COUNTERPARTY_49391
0c79b88a1dbcf03c984b26f6ca90e5c6,COMP_0793,invoice,2025-06-30,2025-07-30,2025-06-30 00:00:00,-3301.86,0.0,EUR,EUR,1.0,paid,S.Fra /570 COUNTERPARTY_10436 Ef 1FA122358,COUNTERPARTY_10436
274a5a64042e7438dfe55ea412963d5a,COMP_0793,invoice,2025-05-06,2025-05-06,2025-05-06 00:00:00,-4840.0,0.0,EUR,EUR,1.0,paid,S.Fra /535 COUNTERPARTY_60482 Ef 182-25,COUNTERPARTY_60482
44f9c4c3ceab1f1d5596eeb8bd4d5501,COMP_0001,invoice,2025-05-31,2025-06-20,2025-05-31 00:00:00,-62.23,0.0,EUR,EUR,1.0,paid,S.Fra /109 COUNTERPARTY_51811 Ef 1CI[NUM]-0525,COUNTERPARTY_51811
5329773993a801508bdb6a8e58b35df1,COMP_0793,invoice,2026-01-22,2026-02-21,2026-01-22 00:00:00,-412.44,0.0,EUR,EUR,1.0,paid,S.Fra /60 COUNTERPARTY_47799 Ef [NUM],COUNTERPARTY_47799
53af42c3630fae850ba72fba06126711,COMP_0793,invoice,2025-07-24,2025-07-24,2025-07-24 00:00:00,-827.63,0.0,EUR,EUR,1.0,paid,S.Fra /825 [COMPANY] Ef 1113,COUNTERPARTY_22440
6be67ac5d20b7c15da7315d142608a60,COMP_0793,invoice,2025-10-13,2025-11-12,2025-10-14 00:00:00,-58.88,0.0,EUR,EUR,1.0,paid,S.Fra /1512 COUNTERPARTY_07226 Ef 1ES51F39UABEI,COUNTERPARTY_18040
7a253472a25a573997607d12bb02e9fa,COMP_0793,invoice,2025-08-12,2025-09-11,2025-08-12 00:00:00,352.75,0.0,EUR,EUR,1.0,paid,S.Fra /1251 COUNTERPARTY_48052 Ef 1RA141318,COUNTERPARTY_48052
7aec06c0ee9afcf1b21a7675af654349,COMP_0793,invoice,2025-04-10,2025-05-10,2025-04-10 00:00:00,-184.89,0.0,EUR,EUR,1.0,paid,S.Fra /337 COUNTERPARTY_02692 Ef 125FF100547,COUNTERPARTY_50210
8b183a619c94d83891b0d97f0e2a35b2,COMP_0793,invoice,2025-06-19,2025-06-19,2025-06-19 00:00:00,-651.59,0.0,EUR,EUR,1.0,paid,S.Fra /526 COUNTERPARTY_37369 Ef 11-[NUM],COUNTERPARTY_37369
8cc84a1600a7c22cbf709ad2601821c3,COMP_0793,invoice,2025-06-26,2025-06-26,2025-06-26 00:00:00,2335.4,0.0,EUR,EUR,1.0,paid,N.Fra TB2025F/255 COUNTERPARTY_49391 Ef 1,COUNTERPARTY_49391
9d909d0b317f5e9d5c69d4b4c1ee8c9b,COMP_0001,invoice,2025-06-10,2025-06-10,2025-06-10 00:00:00,290.38,0.0,EUR,EUR,1.0,paid,N.Fra TB2025F/65 [COMPANY] Ef 1,COUNTERPARTY_03903
9eeaab1b9f7cabcd898f803c7913a314,COMP_0793,invoice,2025-07-24,2025-07-24,2025-07-24 00:00:00,-1089.0,0.0,EUR,EUR,1.0,paid,S.Fra /859 [COMPANY] Ef 1108,COUNTERPARTY_22440
a4a1c8bd464033de6a712ca3fb7671f7,COMP_0793,invoice,2026-02-01,2026-03-03,2026-02-10 00:00:00,-239.58,0.0,EUR,EUR,1.0,paid,S.Fra /133 COUNTERPARTY_35858 Ef 114[X]93-0018,COUNTERPARTY_35858
b1a4e6c243893943d4cbc872600a6840,COMP_0793,invoice,2025-05-29,2025-05-29,2025-05-29 00:00:00,63.44,0.0,EUR,EUR,1.0,paid,N.Fra TB2025F/195 COUNTERPARTY_48877 Ef 1,COUNTERPARTY_48877
c0e8f3e23d42afa286774ef67ebbc349,COMP_0001,invoice,2025-07-11,2025-07-11,2025-07-17 00:00:00,-7260.0,0.0,EUR,EUR,1.0,paid,S.Fra /155 COUNTERPARTY_26899 Ef 113,COUNTERPARTY_26899
ccde393c0df91caa048ccdcd134e8140,COMP_0793,invoice,2025-03-26,2025-03-26,2025-03-26 00:00:00,423.5,0.0,EUR,EUR,1.0,paid,N.Fra TB2025F/98 COUNTERPARTY_48877 Ef 1,COUNTERPARTY_48877
d8dbddf9527604f6db7d2a498c6ad996,COMP_0793,invoice,2025-12-08,2026-01-07,2025-12-10 00:00:00,-34.99,0.0,EUR,EUR,1.0,paid,S.Fra /1973 COUNTERPARTY_07226 Ef 1ES51[X],COUNTERPARTY_18040
e912053137552a0653c16577f1dfff01,COMP_0001,invoice,2025-09-29,2025-09-29,2025-10-14 00:00:00,4598.0,0.0,EUR,EUR,1.0,paid,N.Fra TB2025F/162 [COMPANY] Ef 1,COUNTERPARTY_03903
efb07cc0785ae09fc560f6f6b6d0ec04,COMP_0793,invoice,2025-07-14,2025-08-13,2025-07-14 00:00:00,-1754.5,0.0,EUR,EUR,1.0,paid,S.Fra /803 COUNTERPARTY_50051. Ef 1S01/10334,COUNTERPARTY_50051
f525b9111ee5f853fcf4a58201c59035,COMP_0793,invoice,2025-06-18,2025-08-17,2025-06-18 00:00:00,-69.21,0.0,EUR,EUR,1.0,paid,S.Fra /610 COUNTERPARTY_42722 Ef 1F[NUM],COUNTERPARTY_42722
fbc93bb1bb659fca60f8098b9b368668,COMP_0793,invoice,2025-10-22,2025-10-22,2025-11-07 00:00:00,-7260.0,0.0,EUR,EUR,1.0,paid,S.Fra /1613 [COMPANY] Ef 1184,COUNTERPARTY_22440
09dc1f0cd3cd29104917be3a8ebf5055,COMP_0793,invoice,2025-10-03,2025-10-03,2025-10-10 00:00:00,-102.95,0.0,EUR,EUR,1.0,paid,S.Fra /1296 [COMPANY] Ef [REF],COUNTERPARTY_21065
217df5d96e17eb1020645f1b54304475,COMP_0001,invoice,2025-03-03,2025-04-19,2025-03-03 00:00:00,-20.99,0.0,EUR,EUR,1.0,paid,S.Fra /42 COUNTERPARTY_51086 Ef 1DS-AEU-INV-ES-2025-[NUM],COUNTERPARTY_51086
228c4964766812d1f5fa257c6df8642a,COMP_0001,invoice,2025-04-24,2025-05-24,2025-04-24 00:00:00,-77.49,0.0,EUR,EUR,1.0,paid,S.Fra /74 COUNTERPARTY_01023 Ef [REF],COUNTERPARTY_49480
4000d35652b8d4d87e07b565b5471968,COMP_0793,invoice,2025-08-24,2025-08-23,2025-08-24 00:00:00,9560.51,0.0,EUR,EUR,1.0,paid,N.Fra TB2025F/364 COUNTERPARTY_26460 Ef 1,COUNTERPARTY_26460
46df7f331c20214af9426794503d0999,COMP_0793,invoice,2025-12-23,2025-12-23,2026-02-03 00:00:00,25748.59,0.0,EUR,EUR,1.0,paid,N.Fra TB2025F/609 COUNTERPARTY_10380 Ef 1,COUNTERPARTY_10380
4f3b32ed898bb5db8b2d278d64d5cb5b,COMP_0793,invoice,2025-06-30,2025-06-30,2025-06-30 00:00:00,-100.0,0.0,EUR,EUR,1.0,paid,S.Fra /697 COUNTERPARTY_07183 Ef 1A[NUM],COUNTERPARTY_11469
52f834112c8e7e6e40edadd84c179eec,COMP_0793,invoice,2025-10-27,2025-10-27,2025-12-01 00:00:00,18769.86,0.0,EUR,EUR,1.0,paid,N.Fra TB2025F/459 COUNTERPARTY_49692 Ef 1,COUNTERPARTY_49692
537a189b2469d1a599529eadce10c6c6,COMP_0001,invoice,2025-09-29,2025-09-29,2025-10-14 00:00:00,3932.5,0.0,EUR,EUR,1.0,paid,N.Fra TB2025F/161 [COMPANY] Ef 1,COUNTERPARTY_03903
663c3b07e9421afb361db9cd50a397f4,COMP_0793,invoice,2025-06-17,2025-06-17,2025-07-17 00:00:00,-372.0,0.0,EUR,EUR,1.0,paid,S.Fra /759 COUNTERPARTY_18906 Ef 12025/5108,COUNTERPARTY_18906
6b6a69d8ebabc6a4a9956254d20e45bd,COMP_0793,invoice,2025-07-08,2025-07-08,2025-08-11 00:00:00,-2395.8,0.0,EUR,EUR,1.0,paid,S.Fra /755 COUNTERPARTY_58611 Ef 1F-2025-059,COUNTERPARTY_60637
731f991433cbd5ce90b313d492041301,COMP_0793,invoice,2025-06-30,2025-06-30,2025-07-10 00:00:00,-149.81,0.0,EUR,EUR,1.0,paid,S.Fra /685 [COMPANY] Ef 187,COUNTERPARTY_22440
8ebe8be0e2a20c4e4cbabd05beb4d267,COMP_0793,invoice,2025-04-05,2025-04-05,2025-04-05 00:00:00,-1356.13,0.0,EUR,EUR,1.0,paid,S.Fra /323 COUNTERPARTY_11012 Ef 1INV/2025/137223,COUNTERPARTY_11012
94fb27433fc80073a2f827ee02f55add,COMP_0001,invoice,2025-06-11,2025-06-11,2025-06-11 00:00:00,-119.0,0.0,EUR,EUR,1.0,paid,S.Fra /147 COUNTERPARTY_01678 Ef 1ES51[X],COUNTERPARTY_48241
a55f071558eeec96c9bb1b98cf0109c9,COMP_0793,invoice,2025-03-26,2025-03-26,2025-03-26 00:00:00,63.44,0.0,EUR,EUR,1.0,paid,N.Fra TB2025F/97 COUNTERPARTY_48877 Ef 1,COUNTERPARTY_48877
ae562f8bdfba968445c461a86bc0a01d,COMP_0001,invoice,2026-01-31,2026-01-31,2026-02-01 00:00:00,-201.78,0.0,EUR,EUR,1.0,paid,S.Fra /13 COUNTERPARTY_51811 Ef 1CI[NUM]-0126,COUNTERPARTY_51811
b55c83fa31fd9e87a56bcdcb67ce3ccc,COMP_0793,invoice,2025-10-28,2025-10-28,2025-11-11 00:00:00,144.62,0.0,EUR,EUR,1.0,paid,N.Fra TB2025F/485 COUNTERPARTY_15482 Ef 1,COUNTERPARTY_15482
bae1c0419e5abf9f712302dc89e98920,COMP_0793,invoice,2025-10-31,2025-11-30,2025-10-31 00:00:00,-5.0,0.0,EUR,EUR,1.0,paid,S.Fra /1718 COUNTERPARTY_57773 Ef 1A08632,COUNTERPARTY_57773
c90f569fa9a42078eb0e521545de87d0,COMP_0793,invoice,2025-10-15,2025-10-15,2025-11-07 00:00:00,-1118.07,0.0,EUR,EUR,1.0,paid,S.Fra /1514 COUNTERPARTY_27064 Ef 1F25/0333,COUNTERPARTY_47459
d5235be9eb1f2238bf3678713ffbe855,COMP_0793,invoice,2025-05-15,2025-06-14,2025-05-15 00:00:00,-33.57,0.0,EUR,EUR,1.0,paid,S.Fra /427 COUNTERPARTY_10160 Ef 1F[NUM],COUNTERPARTY_35185
e2de164844287ed6f20a6c7ea5b3be56,COMP_0793,invoice,2025-06-02,2025-07-02,2025-06-23 00:00:00,-26.14,0.0,EUR,EUR,1.0,paid,S.Fra /516 COUNTERPARTY_18583 Ef [NUM],COUNTERPARTY_18583
0cbaa6d2de661e02ea7a259a49f94c52,COMP_0793,invoice,2025-07-01,2025-07-31,2025-06-30 00:00:00,-134.52,0.0,EUR,EUR,1.0,paid,S.Fra /692 COUNTERPARTY_60713 Ef 14.021/25,COUNTERPARTY_60713
1f359e9478c9302e0ab244457fa3e10f,COMP_0793,invoice,2026-01-27,2026-01-27,2026-01-27 00:00:00,260.05,0.0,EUR,EUR,1.0,paid,N.Fra TB2026F/53 COUNTERPARTY_51678 Ef 1,COUNTERPARTY_51678
338b3ec8e09d3feb4733814599a20cf6,COMP_0793,invoice,2025-06-26,2025-06-26,2025-06-26 00:00:00,637.96,0.0,EUR,EUR,1.0,paid,N.Fra TB2025F/256 COUNTERPARTY_49391 Ef 1,COUNTERPARTY_49391
37736ed4b059813e009285bdd2ef95da,COMP_0793,invoice,2025-12-29,2026-01-28,2026-01-30 00:00:00,-49.24,0.0,EUR,EUR,1.0,paid,S.Fra /2041 COUNTERPARTY_23748 Ef 1FV[NUM],COUNTERPARTY_23748
3e5f4a5fdfdb2b3f3cf2427984f2c88a,COMP_0793,invoice,2025-07-28,2025-07-28,2025-09-01 00:00:00,9407.33,0.0,EUR,EUR,1.0,paid,N.Fra TB2025F/324 COUNTERPARTY_49692 Ef 1,COUNTERPARTY_49692
670639a46de88e1f21d62c6b5d515f99,COMP_0793,invoice,2025-07-10,2025-07-10,2025-07-10 00:00:00,-0.73,0.0,EUR,EUR,1.0,paid,S.Fra /[COMPANY] Ef [REF],COUNTERPARTY_47950
75936fab79555857381596b54a723482,COMP_0793,invoice,2025-12-15,2026-01-14,2026-02-10 00:00:00,-159.07,0.0,EUR,EUR,1.0,paid,S.Fra /2031 COUNTERPARTY_48443 Ef [NUM],COUNTERPARTY_48443
787e19043d11f14e772eb422d3a88780,COMP_0793,invoice,2025-06-05,2025-06-05,2025-06-06 00:00:00,-1603.53,0.0,EUR,EUR,1.0,paid,S.Fra /506 [COMPANY] Ef 157,COUNTERPARTY_22440
7dad8ef7549eccce74298d6b80390dd7,COMP_0001,invoice,2025-05-19,2025-05-19,2025-06-09 00:00:00,1815.0,0.0,EUR,EUR,1.0,paid,N.Fra TB2025F/49 [COMPANY] Ef 1,COUNTERPARTY_03903
84f491466dcdf61f6d7e3e4a8da92cd5,COMP_0878,invoice,2026-02-02,2026-02-02,2026-02-02 00:00:00,-7058.61,0.0,EUR,EUR,1.0,paid,S.Fra /43 COUNTERPARTY_03905 Ef [NUM],COUNTERPARTY_18411
9b177b3a029e5a22c346e9500d41d441,COMP_0793,invoice,2025-09-17,2025-09-17,2025-10-13 00:00:00,-4840.0,0.0,EUR,EUR,1.0,paid,S.Fra /1277 COUNTERPARTY_15356 Ef 123,COUNTERPARTY_22140
add3d3c50f1c60db6362421d780f3307,COMP_0878,invoice,2026-03-02,2026-03-02,2026-03-27 00:00:00,-7058.61,0.0,EUR,EUR,1.0,paid,S.Fra /105 COUNTERPARTY_03905 Ef [NUM],COUNTERPARTY_18411
bf603c8ed328253d1c940a9ebb6d4044,COMP_0793,invoice,2025-07-31,2025-07-31,2025-09-01 00:00:00,-235.25,0.0,EUR,EUR,1.0,paid,S.Fra /951 COUNTERPARTY_10436 Ef 1FA122725,COUNTERPARTY_10436
e7066a98e73d7ec9f3bb5610318874b8,COMP_0793,invoice,2025-10-31,2025-11-30,2025-10-31 00:00:00,-628.25,0.0,EUR,EUR,1.0,paid,S.Fra /1524 COUNTERPARTY_26642 Ef 1F251990,COUNTERPARTY_26642
f3c5b813b0f9ad0ee05211f40ad87da1,COMP_0793,invoice,2025-10-12,2025-11-11,2025-10-14 00:00:00,-16.5,0.0,EUR,EUR,1.0,paid,S.Fra /1511 COUNTERPARTY_07226 Ef 1ES51EX0TABEI,COUNTERPARTY_18040
f856420f41ad51b0606dbfbd5a390ef3,COMP_0793,invoice,2025-09-17,2025-10-17,2025-09-17 00:00:00,239.58,0.0,EUR,EUR,1.0,paid,S.Fra /1384 COUNTERPARTY_35858 Ef 114[X]93-0011-CN-01,COUNTERPARTY_35858
fc2b538ae8dded62f49a3baba0650a60,COMP_0793,invoice,2025-10-07,2025-11-06,2025-11-07 00:00:00,-13.39,0.0,EUR,EUR,1.0,paid,S.Fra /1666 COUNTERPARTY_48090 Ef 190777,COUNTERPARTY_48090
0488869f31639bcbd3b1c3805cb462d5,COMP_0793,invoice,2025-07-28,2025-08-27,2025-07-28 00:00:00,-64.69,0.0,EUR,EUR,1.0,paid,S.Fra /937 COUNTERPARTY_34270 Ef 12025/10711,COUNTERPARTY_34270
09f889b302b201e050a67472f90b9047,COMP_0793,invoice,2025-11-21,2025-11-21,2025-11-21 00:00:00,-993.55,0.0,EUR,EUR,1.0,paid,S.Fra /1914 COUNTERPARTY_07783 Ef [NUM],COUNTERPARTY_49066
183ad9081cbf89fdb466fff57137d2dd,COMP_0793,invoice,2025-09-30,2025-09-30,2025-10-13 00:00:00,-577.05,0.0,EUR,EUR,1.0,paid,S.Fra /1365 COUNTERPARTY_33161 Ef 1S25/5382,COUNTERPARTY_47731
1879f45420b862d07e500af9ac116240,COMP_0793,invoice,2026-01-23,2026-01-23,2026-01-23 00:00:00,-422.19,0.0,EUR,EUR,1.0,paid,S.Fra /4 COUNTERPARTY_07783 Ef [NUM],COUNTERPARTY_49066
3557b0c8c7ea99e58b543a5378d0e9bb,COMP_0793,invoice,2025-05-05,2025-05-05,2025-05-05 00:00:00,-9000.0,0.0,EUR,EUR,1.0,paid,N.Fra TB2025F/171 COUNTERPARTY_20173 Ef 1,COUNTERPARTY_48413
45f71ef37dfc51e054ba48f0bcaf3ae6,COMP_0793,invoice,2025-08-01,2025-08-01,2025-08-01 00:00:00,-29.04,0.0,EUR,EUR,1.0,paid,S.Fra /956 COUNTERPARTY_06745 Ef [NUM],COUNTERPARTY_06745
47aa39163c3024f6e6f88dc4786aa869,COMP_0793,invoice,2025-06-17,2025-06-17,2025-07-07 00:00:00,241.64,0.0,EUR,EUR,1.0,paid,N.Fra TB2025F/221 COUNTERPARTY_57440 Ef 1,COUNTERPARTY_57440
49574b38b013584ec6090f6a039b7243,COMP_0793,invoice,2025-07-26,2025-07-26,2025-07-26 00:00:00,-1068.08,0.0,EUR,EUR,1.0,paid,S.Fra /936 COUNTERPARTY_23799. Ef 141659,COUNTERPARTY_28032
5fe176c6968b6e833d017183cf856531,COMP_0793,invoice,2025-08-02,2025-09-01,2025-08-02 00:00:00,-17.89,0.0,EUR,EUR,1.0,paid,S.Fra /1013 COUNTERPARTY_07226 Ef 1ES511[X],COUNTERPARTY_18040
66fda52dd5ae039e0638d9039122c983,COMP_0793,invoice,2025-07-24,2025-07-24,2025-07-24 00:00:00,-364.21,0.0,EUR,EUR,1.0,paid,S.Fra /858 [COMPANY] Ef 1109,COUNTERPARTY_22440
83cdfc5cf215b6ba561e2d5d909bbc77,COMP_0793,invoice,2025-11-06,2026-01-05,2025-11-06 00:00:00,-654.02,0.0,EUR,EUR,1.0,paid,S.Fra /1857 COUNTERPARTY_42722 Ef 1F[NUM],COUNTERPARTY_42722
942cc06ebb15184ab7428ea2b2a8f6c4,COMP_0793,invoice,2025-04-02,2025-05-02,2025-04-02 00:00:00,-176.27,0.0,EUR,EUR,1.0,paid,S.Fra /284 COUNTERPARTY_51962 Ef 1N001092/2025,COUNTERPARTY_51962
9482ebca77705ab92bdce64132566d3c,COMP_0793,invoice,2025-10-27,2025-10-27,2025-12-04 00:00:00,752.25,0.0,EUR,EUR,1.0,paid,N.Fra TB2025F/468 COUNTERPARTY_15509. Ef 1,COUNTERPARTY_15509
bd0cbe7b1db6c90ba2cd429533797760,COMP_0793,invoice,2026-01-27,2026-01-27,2026-01-27 00:00:00,-0.61,0.0,EUR,EUR,1.0,paid,S.Fra /118 COUNTERPARTY_00061 Ef [REF],COUNTERPARTY_22769
c78148953a0799502b3e646344fe2417,COMP_0793,invoice,2026-07-01,2026-07-01,2026-07-01 00:00:00,-1380.55,0.0,EUR,EUR,1.0,paid,S.Fra /1616 [COMPANY]. Ef [NUM],COUNTERPARTY_27469
ddfd0bc03fac8da8ad9f7df3dd95a4a6,COMP_0793,invoice,2025-09-28,2025-09-27,2025-10-20 00:00:00,1584.57,0.0,EUR,EUR,1.0,paid,N.Fra TB2025F/394 COUNTERPARTY_14508 Ef 1,COUNTERPARTY_14508
e5876e5870b4652fed49e05430249e1a,COMP_0001,invoice,2025-12-23,2026-01-22,2025-12-23 00:00:00,-149.46,0.0,EUR,EUR,1.0,paid,S.Fra /235 COUNTERPARTY_01023 Ef [REF],COUNTERPARTY_49480
ec55f5a1eca744143a6f2b7bfd31947f,COMP_0793,invoice,2025-09-11,2025-10-11,2025-09-15 00:00:00,-24.62,0.0,EUR,EUR,1.0,paid,S.Fra /1274 COUNTERPARTY_07226 Ef 1ES5184[X],COUNTERPARTY_18040
eeaffb1027da8835a97fa3c03f238297,COMP_0793,invoice,2025-11-28,2025-11-28,2026-02-03 00:00:00,13685.97,0.0,EUR,EUR,1.0,paid,N.Fra TB2025F/570 COUNTERPARTY_10380 Ef 1,COUNTERPARTY_10380
f0a382f427be77d6e559fb494692b8b0,COMP_0793,invoice,2025-03-26,2025-05-25,2025-03-26 00:00:00,-31.46,0.0,EUR,EUR,1.0,paid,S.Fra /273 COUNTERPARTY_42722 Ef 1F[NUM],COUNTERPARTY_42722
f40d59ba2cbd6c371eeba013cebc8cde,COMP_0793,invoice,2025-09-29,2025-09-29,2025-09-29 00:00:00,-3932.5,0.0,EUR,EUR,1.0,paid,S.Fra /1448 [COMPANY] Ef 1161,COUNTERPARTY_22440
f64c5e96331dba70d14885a2750437c6,COMP_0793,invoice,2025-05-19,2025-05-19,2025-06-06 00:00:00,-4235.0,0.0,EUR,EUR,1.0,paid,S.Fra /437 [COMPANY] Ef 146,COUNTERPARTY_22440
048e91c11ba93b75546813b2067214dd,COMP_0793,invoice,2025-08-31,2025-09-30,2025-10-13 00:00:00,-559.12,0.0,EUR,EUR,1.0,paid,S.Fra /1298 COUNTERPARTY_12085 Ef [NUM],COUNTERPARTY_12085
1eb7646b891f04add9453824b0b80966,COMP_0793,invoice,2026-01-12,2026-01-12,2026-01-21 00:00:00,260.96,0.0,EUR,EUR,1.0,paid,N.Fra TB2026F/1 COUNTERPARTY_60982 Ef 1,COUNTERPARTY_60982
2277ee2684992656a59d4cb8abca52e3,COMP_0793,invoice,2025-04-10,2025-05-10,2025-04-10 00:00:00,-184.89,0.0,EUR,EUR,1.0,paid,S.Fra /343 COUNTERPARTY_02692 Ef 125FF100548,COUNTERPARTY_50210
361743954db331dcdd6be9e1877834fe,COMP_0793,invoice,2025-04-21,2025-04-21,2025-04-21 00:00:00,-0.36,0.0,EUR,EUR,1.0,paid,S.Fra /[COMPANY] Ef 1FZ025107,COUNTERPARTY_47950
3c385d06acc641569ef73a825c8e8adb,COMP_0793,invoice,2025-08-31,2025-09-30,2025-10-13 00:00:00,-386.15,0.0,EUR,EUR,1.0,paid,S.Fra /1247 COUNTERPARTY_48090 Ef 190475,COUNTERPARTY_48090
426427f8c4d08411bfc99540174aa534,COMP_0793,invoice,2025-04-30,2025-04-30,2025-05-28 00:00:00,51.07,0.0,EUR,EUR,1.0,paid,N.Fra TB2025F/150 COUNTERPARTY_15082 Ef 1,COUNTERPARTY_15082
429ea37c031739037824baa82df8da62,COMP_0001,invoice,2025-08-17,2025-08-16,2025-10-14 00:00:00,4840.0,0.0,EUR,EUR,1.0,paid,N.Fra TB2025F/149 [COMPANY] Ef 1,COUNTERPARTY_03903
54da233577f9ba1a87a90c890cdf0b54,COMP_0793,invoice,2025-07-31,2025-07-31,2025-07-31 00:00:00,-472.63,0.0,EUR,EUR,1.0,paid,S.Fra /873 COUNTERPARTY_30566 Ef [NUM],COUNTERPARTY_30566
580090e2f26e080187916031660e6348,COMP_0793,invoice,2025-09-07,2025-10-07,2025-10-01 00:00:00,-705.65,0.0,EUR,EUR,1.0,paid,S.Fra /1743 COUNTERPARTY_18405 Ef 161756,COUNTERPARTY_18405
6896aaf818e4d61c5e537b9ad29c4d17,COMP_0001,invoice,2025-06-08,2025-06-08,2025-07-17 00:00:00,-7260.0,0.0,EUR,EUR,1.0,paid,S.Fra /115 COUNTERPARTY_08037 Ef 113,COUNTERPARTY_08037
6b48ee5b225a5568af5bc1edebdbbe18,COMP_0793,invoice,2026-02-25,2026-02-25,2026-02-25 00:00:00,261.36,0.0,EUR,EUR,1.0,paid,N.Fra TB2026F/111 COUNTERPARTY_15652 Ef 1,COUNTERPARTY_15652
7093820bedd1a0747312efdfec093db9,COMP_0793,invoice,2025-05-23,2025-05-23,2025-05-23 00:00:00,-0.36,0.0,EUR,EUR,1.0,paid,S.Fra /[COMPANY] Ef [REF],COUNTERPARTY_47950
721902e51ae42414a2d5d1cf632d7fcf,COMP_0793,invoice,2025-08-31,2025-09-30,2025-11-07 00:00:00,-143.61,0.0,EUR,EUR,1.0,paid,S.Fra /1501 COUNTERPARTY_58920 Ef 1COM[NUM],COUNTERPARTY_58920
73112730c8c5dd179b8657cdabdaa0eb,COMP_0001,invoice,2025-12-31,2025-12-31,2026-01-01 00:00:00,-123.83,0.0,EUR,EUR,1.0,paid,S.Fra /10 COUNTERPARTY_51811 Ef 1CI[NUM]-1225,COUNTERPARTY_51811
78e0c29c82017e06ebb1f43d1f0e3827,COMP_0793,invoice,2025-09-12,2025-10-12,2025-09-12 00:00:00,-28.5,0.0,EUR,EUR,1.0,paid,S.Fra /1503 COUNTERPARTY_48052 Ef 1A350485,COUNTERPARTY_48052
7acbdd862ab3ccb993a4deebed844dd4,COMP_0793,invoice,2025-10-28,2025-10-28,2025-10-28 00:00:00,297.58,0.0,EUR,EUR,1.0,paid,N.Fra TB2025F/488 COUNTERPARTY_51678 Ef 1,COUNTERPARTY_51678
80431b06286339470cef82aee2910629,COMP_0793,invoice,2025-11-18,2025-12-18,2025-12-09 00:00:00,-2579.32,0.0,EUR,EUR,1.0,paid,S.Fra /1868 COUNTERPARTY_18583 Ef [REF],COUNTERPARTY_18583
841b48d14fc4820dfa08c8a2c60b40ba,COMP_0793,invoice,2025-07-31,2025-08-30,2025-09-10 00:00:00,-221.43,0.0,EUR,EUR,1.0,paid,S.Fra /993 COUNTERPARTY_27660 Ef 1A/25405,COUNTERPARTY_27660
89ac98dd6795bd9cab980dc1fe43c308,COMP_0793,invoice,2025-12-31,2025-12-31,2026-01-16 00:00:00,153.79,0.0,EUR,EUR,1.0,paid,N.Fra TB2025F/630 COUNTERPARTY_15482 Ef 1,COUNTERPARTY_15482
8cb78e370cd5768b3fd77d6c9da88e6e,COMP_0793,invoice,2026-01-05,2026-01-05,2026-01-05 00:00:00,-0.91,0.0,EUR,EUR,1.0,paid,S.Fra /87 COUNTERPARTY_00061 Ef [REF],COUNTERPARTY_22769
8efbd4fb6df0fa47b737e1104ab9075a,COMP_0001,invoice,2025-09-29,2025-09-29,2025-10-14 00:00:00,6050.0,0.0,EUR,EUR,1.0,paid,N.Fra TB2025F/160 [COMPANY] Ef 1,COUNTERPARTY_03903
a41023af44733b38de679819ea72768f,COMP_0793,invoice,2025-04-30,2025-05-30,2025-05-30 00:00:00,-221.43,0.0,EUR,EUR,1.0,paid,S.Fra /397 COUNTERPARTY_27660 Ef 1A25194,COUNTERPARTY_27660
afc3de7b3adcd5df1b4a2f4e2de2320b,COMP_0793,invoice,2025-10-29,2025-11-28,2025-10-29 00:00:00,-511.83,0.0,EUR,EUR,1.0,paid,S.Fra /1701 COUNTERPARTY_53905 Ef 157.678,COUNTERPARTY_53905
b6eb420662390accbfc18b0b32ccbdad,COMP_0878,invoice,2026-01-31,2026-01-31,2026-03-13 00:00:00,-25.05,0.0,EUR,EUR,1.0,paid,S.Fra /82 COUNTERPARTY_37772 Ef 1FV26/000662,COUNTERPARTY_37772
d5cc98da3624b0021af24af9fd9332e1,COMP_0793,invoice,2025-09-23,2025-10-23,2025-09-23 00:00:00,-23.49,0.0,EUR,EUR,1.0,paid,S.Fra /1283 COUNTERPARTY_07226 Ef 1ES51[X],COUNTERPARTY_18040
f99117c53cbba7e85163b8048df81774,COMP_0001,invoice,2025-01-31,2025-02-20,2025-01-31 00:00:00,-100.05,0.0,EUR,EUR,1.0,paid,S.Fra /33 COUNTERPARTY_51811 Ef 1CI[NUM]-0125,COUNTERPARTY_51811
036ce43297e00b7270667e49f709341a,COMP_0793,invoice,2025-03-28,2025-04-27,2025-03-28 00:00:00,-222.01,0.0,EUR,EUR,1.0,paid,S.Fra /274 COUNTERPARTY_51962 Ef 1N001090/2025,COUNTERPARTY_51962
08a5e348b495a0f33427dd455b79c0ff,COMP_0793,invoice,2025-11-26,2025-11-26,2025-12-11 00:00:00,-169.6,0.0,EUR,EUR,1.0,paid,S.Fra /1915 COUNTERPARTY_54547 Ef 1F/2025/10,COUNTERPARTY_54547
1ac05072a009ebbdfd7308bd6f1a7dfd,COMP_0793,invoice,2025-04-30,2025-05-30,2025-05-12 00:00:00,225.12,0.0,EUR,EUR,1.0,paid,N.Fra TB2025F/163 COUNTERPARTY_49557 Ef 1,COUNTERPARTY_49557
1dbc1f267af6db9b825286691d519428,COMP_0793,invoice,2025-04-30,2025-04-30,2025-04-30 00:00:00,947.56,0.0,EUR,EUR,1.0,paid,N.Fra TB2025F/144 COUNTERPARTY_48877 Ef 1,COUNTERPARTY_48877
347141ed0266853e9e8eecfbd6f96f37,COMP_0793,invoice,2025-08-24,2025-09-20,2025-09-22 00:00:00,17575.25,0.0,EUR,EUR,1.0,paid,N.Fra TB2025F/365 COUNTERPARTY_34957 Ef 1,COUNTERPARTY_34957
5752bd6a49be40a0f21f731c16d64853,COMP_0793,invoice,2026-02-26,2026-02-26,2026-03-03 00:00:00,-4133.26,0.0,EUR,EUR,1.0,paid,S.Fra /403 COUNTERPARTY_02242 Ef [NUM],COUNTERPARTY_56974
6b4adca01f9698dc1422e9365bd09851,COMP_0001,invoice,2024-12-19,2024-12-19,2024-12-19 00:00:00,-54.45,0.0,EUR,EUR,1.0,paid,S.Fra /112 COUNTERPARTY_27064 Ef 1F24/0437,COUNTERPARTY_27064
7942cfa7b54a6b794dc4e4f1d291d8f9,COMP_0793,invoice,2025-06-13,2025-06-13,2025-07-10 00:00:00,-303.83,0.0,EUR,EUR,1.0,paid,S.Fra /544 COUNTERPARTY_42909. Ef 125/1127,COUNTERPARTY_42909
7fbe633cc3e5bcf7850ee5b748982673,COMP_0793,invoice,2025-08-17,2025-08-17,2025-10-13 00:00:00,-15125.0,0.0,EUR,EUR,1.0,paid,S.Fra /1184 [COMPANY] Ef 1136,COUNTERPARTY_22440
8d5d54c2c86511da3299e4b1475fbbdf,COMP_0793,invoice,2025-07-11,2025-08-10,2025-07-11 00:00:00,-55.64,0.0,EUR,EUR,1.0,paid,S.Fra /781 COUNTERPARTY_61188 Ef [REF],COUNTERPARTY_61188
947db8f8f877d237ee6c84b9435ca8d2,COMP_0793,invoice,2025-07-21,2025-07-21,2025-07-21 00:00:00,-387.0,0.0,EUR,EUR,1.0,paid,S.Fra /770 COUNTERPARTY_10710 Ef [NUM],COUNTERPARTY_10868
94e284363d3ca61aef5390b66f5401fa,COMP_0793,invoice,2025-08-18,2025-08-18,2025-09-10 00:00:00,-342.55,0.0,EUR,EUR,1.0,paid,S.Fra /1190 COUNTERPARTY_33161 Ef 1S25/4481,COUNTERPARTY_47731
e6449033de65359119f2762e86da0ba5,COMP_0793,invoice,2025-10-27,2025-11-26,2025-12-16 00:00:00,76998.35,0.0,EUR,EUR,1.0,paid,N.Fra TB2025F/467 COUNTERPARTY_05961 Ef 1,COUNTERPARTY_05961
e721f897dc37797edd37ef7dc6ca7ec8,COMP_0793,invoice,2025-06-30,2025-07-30,2025-07-21 00:00:00,-46089.07,0.0,EUR,EUR,1.0,paid,S.Fra /745 COUNTERPARTY_18583 Ef [NUM],COUNTERPARTY_18583
f2e3964572e681542515c8f28bc247b8,COMP_0001,invoice,2025-06-20,2025-07-20,2025-06-20 00:00:00,-24.54,0.0,EUR,EUR,1.0,paid,S.Fra /133 COUNTERPARTY_61238 Ef [REF],COUNTERPARTY_61238
fad284cd26e7737250fe9a1c540bef0e,COMP_0001,invoice,2025-08-12,2025-09-11,2025-08-12 00:00:00,-840.95,0.0,EUR,EUR,1.0,paid,S.Fra /166 COUNTERPARTY_23347 Ef 1VP/250.037,COUNTERPARTY_23347
1d278e617adf72e50ca4bf2d53b47a68,COMP_0793,invoice,2025-10-12,2025-11-11,2025-10-14 00:00:00,-16.5,0.0,EUR,EUR,1.0,paid,S.Fra /1506 COUNTERPARTY_07226 Ef 1ES51EX0JABEI,COUNTERPARTY_18040
403fe48f18fbc8b1e28a7c6936251066,COMP_0001,invoice,2025-09-29,2025-09-29,2025-10-14 00:00:00,4840.0,0.0,EUR,EUR,1.0,paid,N.Fra TB2025F/157 [COMPANY] Ef 1,COUNTERPARTY_03903
4163f4f0a3f5b95dc5d0c507b6e1f32b,COMP_0793,invoice,2025-09-21,2025-10-21,2025-10-21 00:00:00,-569.91,0.0,EUR,EUR,1.0,paid,S.Fra /1396 COUNTERPARTY_18405 Ef 1FVT25-64999,COUNTERPARTY_18405
6632cf523d4bf797b27489ea82151407,COMP_0793,invoice,2025-09-28,2025-09-27,2025-10-20 00:00:00,4069.67,0.0,EUR,EUR,1.0,paid,N.Fra TB2025F/393 COUNTERPARTY_14508 Ef 1,COUNTERPARTY_14508
739068cf5e3023c4190653a04e718ed6,COMP_0001,invoice,2026-01-15,2026-02-14,2026-01-23 00:00:00,-1375.27,0.0,EUR,EUR,1.0,paid,S.Fra /[COMPANY] Ef 1CI[NUM],COUNTERPARTY_28286
81cc8da9d86dbfa656f30bc9a90a3ed1,COMP_0793,invoice,2025-09-29,2025-09-29,2025-11-10 00:00:00,65.49,0.0,EUR,EUR,1.0,paid,N.Fra TB2025F/421 COUNTERPARTY_04788 Ef 1,COUNTERPARTY_04788
9bd6a0bb058d239d044a0cac07498ac7,COMP_0793,invoice,2025-05-30,2025-06-28,2025-06-12 00:00:00,360.19,0.0,EUR,EUR,1.0,paid,N.Fra TB2025F/211 COUNTERPARTY_49557 Ef 1,COUNTERPARTY_49557
9f46e65b6a863a9d4f8684a50398642c,COMP_0793,invoice,2025-08-30,2025-08-30,2025-09-30 00:00:00,8497.23,0.0,EUR,EUR,1.0,paid,N.Fra TB2025F/370 COUNTERPARTY_10380 Ef 1,COUNTERPARTY_10380
a420696b90610c1c80621be703f6ac2f,COMP_0793,invoice,2025-11-25,2025-12-25,2026-01-14 00:00:00,76998.35,0.0,EUR,EUR,1.0,paid,N.Fra TB2025F/529 COUNTERPARTY_05961 Ef 1,COUNTERPARTY_05961
b2ad687644401c53a26b4d9d4230b7f2,COMP_0793,invoice,2025-05-30,2025-05-30,2025-06-25 00:00:00,16459.15,0.0,EUR,EUR,1.0,paid,N.Fra TB2025F/213 COUNTERPARTY_48639 Ef 1,COUNTERPARTY_48639
d696b6dc12dbc0e0e714732611fccc22,COMP_0793,invoice,2025-09-11,2025-09-11,2025-10-13 00:00:00,-403.17,0.0,EUR,EUR,1.0,paid,S.Fra /1311 COUNTERPARTY_07277. Ef 12025/1119,COUNTERPARTY_07277
de184d8fcd278c96604fb2e70fd577ea,COMP_0793,invoice,2025-01-28,2025-01-28,2025-05-14 00:00:00,3.97,0.0,EUR,EUR,1.0,paid,N.Fra TB2025F/26 COUNTERPARTY_06351 Ef 1,COUNTERPARTY_06351
f283e651f471f19fd5b7689cb1dc550f,COMP_0793,invoice,2025-06-04,2025-06-04,2025-06-04 00:00:00,-2010.78,0.0,EUR,EUR,1.0,paid,S.Fra /500 COUNTERPARTY_42909. Ef 125/1030,COUNTERPARTY_42909
fdfc3008997dafb2f63fe859fae045cd,COMP_0793,invoice,2025-06-27,2025-07-27,2025-06-27 00:00:00,-44.19,0.0,EUR,EUR,1.0,paid,S.Fra /726 COUNTERPARTY_60053 Ef 1N000479/2025,COUNTERPARTY_60053
0419452e99ccc0229a17804270c0b090,COMP_0793,invoice,2025-07-16,2025-08-15,2025-07-16 00:00:00,-1216.64,0.0,EUR,EUR,1.0,paid,S.Fra /892 COUNTERPARTY_52104 Ef 1004-0007-304544,COUNTERPARTY_61351
1f4cf3678eed0fb423865701e7d61dfd,COMP_0793,invoice,2025-12-04,2025-12-04,2025-12-11 00:00:00,-74.4,0.0,EUR,EUR,1.0,paid,S.Fra /1896 COUNTERPARTY_01639 Ef [NUM],COUNTERPARTY_11626
2c41de27fe208144b97249e72495ec7e,COMP_0001,invoice,2026-05-31,2026-06-30,2026-05-31 00:00:00,-305.64,0.0,EUR,EUR,1.0,paid,S.Fra /117 COUNTERPARTY_07183 Ef 156204,COUNTERPARTY_50543
2f53cee9207c3f8a1e59146b902b707c,COMP_0793,invoice,2025-08-31,2025-09-30,2025-09-30 00:00:00,-404.56,0.0,EUR,EUR,1.0,paid,S.Fra /1162 COUNTERPARTY_23805 Ef [NUM],COUNTERPARTY_23805
30b8de12c5c7966f076f8604764d571c,COMP_0793,invoice,2025-10-08,2025-10-08,2025-10-08 00:00:00,752.25,0.0,EUR,EUR,1.0,paid,N.Fra TB2025F/445 COUNTERPARTY_15509. Ef 1,COUNTERPARTY_15509
33751f64b93d0419dc9f0392987171d6,COMP_0793,invoice,2025-07-25,2025-07-25,2025-08-11 00:00:00,-573.83,0.0,EUR,EUR,1.0,paid,S.Fra /935 COUNTERPARTY_33161 Ef 1S25/3845,COUNTERPARTY_47731
3eb28e2ee54bbf5921d2d09fd63802bd,COMP_0793,invoice,2025-09-05,2025-09-05,2025-09-10 00:00:00,-74.4,0.0,EUR,EUR,1.0,paid,S.Fra /1169 COUNTERPARTY_01639 Ef [NUM],COUNTERPARTY_11626
3f7900a6636b4544eed19579f5fc74c0,COMP_0001,invoice,2025-04-03,2025-05-20,2025-04-03 00:00:00,-42.73,0.0,EUR,EUR,1.0,paid,S.Fra /66 COUNTERPARTY_35207 Ef 111/2025/2.552,COUNTERPARTY_35207
3fdb72c727d885c59a41b50db59e702d,COMP_0793,invoice,2024-12-26,2024-12-26,2025-01-06 00:00:00,-412.46,0.0,EUR,EUR,1.0,paid,S.Fra /204 [COMPANY] Ef 19,COUNTERPARTY_22440
4b2dbd4ecba3b07f4b12367eec439b55,COMP_0793,invoice,2025-09-18,2025-10-18,2025-10-08 00:00:00,-654.03,0.0,EUR,EUR,1.0,paid,S.Fra /1389 COUNTERPARTY_18583 Ef [REF],COUNTERPARTY_18583
4bf7e5c7ba2e2ec499843c004c9dc639,COMP_0793,invoice,2025-06-27,2025-06-27,2025-06-27 00:00:00,244907.55,0.0,EUR,EUR,1.0,paid,N.Fra TB2025F/281 COUNTERPARTY_44045 Ef 1,COUNTERPARTY_44045
4cc63cacc150ecc03f55b404932f406b,COMP_0001,invoice,2025-02-28,2025-03-29,2025-02-28 00:00:00,-219.21,0.0,EUR,EUR,1.0,paid,S.Fra /38 COUNTERPARTY_07183 Ef 1L/25/[NUM],COUNTERPARTY_50543
4d9282d95d7401f3b3621cc43fe262e5,COMP_0793,invoice,2025-10-03,2025-11-02,2026-01-09 00:00:00,-341.35,0.0,EUR,EUR,1.0,paid,S.Fra /2069 COUNTERPARTY_51816 Ef 12025P/294,COUNTERPARTY_51816
518d03c1dc02bae7c39332a29a50a910,COMP_0793,invoice,2025-12-15,2025-12-15,2025-12-15 00:00:00,236.3,0.0,EUR,EUR,1.0,paid,N.Fra TB2025F/576 COUNTERPARTY_38924 Ef 1,COUNTERPARTY_38924
5b97a9306d54536236df53e1972a23b4,COMP_0793,invoice,2025-08-25,2025-08-25,2026-01-01 00:00:00,-71.85,0.0,EUR,EUR,1.0,paid,S.Fra /234 COUNTERPARTY_27278 Ef 12025/034623,COUNTERPARTY_27278
75ba33a9b2dbda44fd82742c1edf44cf,COMP_0793,invoice,2025-07-04,2025-08-03,2025-07-04 00:00:00,-591.29,0.0,EUR,EUR,1.0,paid,S.Fra /763 COUNTERPARTY_18906 Ef 22025/5809,COUNTERPARTY_18906
7cd8f0d51af78853ad91e25d11f33efe,COMP_0793,invoice,2025-01-01,2025-01-31,2025-01-01 00:00:00,-809.71,0.0,EUR,EUR,1.0,paid,S.Fra /58 COUNTERPARTY_10795 Ef 11M95591M,COUNTERPARTY_23778
837b180579a35d9cb8fc36bdf553f1b9,COMP_0793,invoice,2025-11-04,2025-11-04,2026-02-03 00:00:00,237.92,0.0,EUR,EUR,1.0,paid,N.Fra TB2025F/509 COUNTERPARTY_10380 Ef 1,COUNTERPARTY_10380
8fd6075d1935f19e1ea4a67369479a55,COMP_0793,invoice,2025-10-31,2025-11-30,2025-12-11 00:00:00,-45.13,0.0,EUR,EUR,1.0,paid,S.Fra /1717 COUNTERPARTY_48443 Ef [NUM],COUNTERPARTY_48443
9eafba39b330cd03add6e2fb7f6d4a86,COMP_0001,invoice,2025-07-24,2025-07-24,2025-07-24 00:00:00,162.01,0.0,EUR,EUR,1.0,paid,N.Fra TB2025F/98 [COMPANY] Ef 1,COUNTERPARTY_03903
a1f10ca4b50895858226a658fb04a562,COMP_0793,invoice,2025-08-08,2025-10-07,2025-08-08 00:00:00,-1733.13,0.0,EUR,EUR,1.0,paid,S.Fra /1139 COUNTERPARTY_42722 Ef 1F[NUM],COUNTERPARTY_42722
ac06806c63877bb2a1e44830606d361e,COMP_0001,invoice,2025-05-19,2025-06-20,2025-05-21 00:00:00,-42.58,0.0,EUR,EUR,1.0,paid,S.Fra /87 COUNTERPARTY_51086 Ef 1ES51E688AEUI,COUNTERPARTY_51086
bda843590a9285c52bda8ae682df9464,COMP_0793,invoice,2025-06-26,2025-06-26,2025-08-26 00:00:00,87588.2,0.0,EUR,EUR,1.0,paid,N.Fra TB2025F/250 COUNTERPARTY_48298 Ef 1,COUNTERPARTY_48298
be208ee73dd6bc5c2e06e75ab6c7f3dc,COMP_0793,invoice,2026-01-27,2026-01-27,2026-02-09 00:00:00,170.66,0.0,EUR,EUR,1.0,paid,N.Fra TB2026F/46 COUNTERPARTY_04788 Ef 1,COUNTERPARTY_04788
c598b6b6d162bfd4f393c2b21819098f,COMP_0793,invoice,2025-06-28,2025-07-28,2025-06-28 00:00:00,-288.59,0.0,EUR,EUR,1.0,paid,S.Fra /576 COUNTERPARTY_23799. Ef 135068,COUNTERPARTY_28032
ce15928714808fb30137f8d8861417bb,COMP_0793,invoice,2025-12-16,2025-12-16,2026-01-06 00:00:00,622.51,0.0,EUR,EUR,1.0,paid,N.Fra TB2025F/579 COUNTERPARTY_14508 Ef 1,COUNTERPARTY_14508
d8a8dad413fb3e253781f5e19c116cde,COMP_0878,invoice,2026-03-20,2026-03-20,2026-03-25 00:00:00,-108.9,0.0,EUR,EUR,1.0,paid,S.Fra /96 COUNTERPARTY_61450 Ef [NUM],COUNTERPARTY_61450
05563b8896c2fd44b1e2e83aec355a6e,COMP_0793,invoice,2025-06-16,2025-07-16,2025-06-16 00:00:00,-259.0,0.0,EUR,EUR,1.0,paid,S.Fra /605 COUNTERPARTY_61466 Ef 1A-1146,COUNTERPARTY_61466
19cb69003d9b28324730c607d326a07d,COMP_0793,invoice,2024-12-26,2024-12-26,2025-01-06 00:00:00,-4485.31,0.0,EUR,EUR,1.0,paid,S.Fra /201 [COMPANY] Ef 17,COUNTERPARTY_22440
22100f29b28fb1c324a01838fbf70648,COMP_0793,invoice,2025-06-14,2025-07-14,2025-07-01 00:00:00,-135.52,0.0,EUR,EUR,1.0,paid,S.Fra /816 COUNTERPARTY_23799. Ef 132388,COUNTERPARTY_28032
28c7f8ca701023864287f6b4c9dd547f,COMP_0793,invoice,2025-11-27,2025-11-27,2025-12-02 00:00:00,218.3,0.0,EUR,EUR,1.0,paid,N.Fra TB2025F/557 COUNTERPARTY_15594 Ef 1,COUNTERPARTY_15594
2da165d466bfd54650e3daf6ab68dfd7,COMP_0793,invoice,2025-06-04,2025-06-04,2025-06-06 00:00:00,-2836.76,0.0,EUR,EUR,1.0,paid,S.Fra /499 COUNTERPARTY_42909. Ef 125/1029,COUNTERPARTY_42909
3b416206835973b4d56bdcd5bba3ca33,COMP_0793,invoice,2025-06-27,2025-06-27,2025-06-27 00:00:00,-6050.0,0.0,EUR,EUR,1.0,paid,S.Fra /673 [COMPANY] Ef 177,COUNTERPARTY_22440
40622a14681b27f70ab2a564de1b63cd,COMP_0793,invoice,2026-02-18,2026-02-18,2026-02-18 00:00:00,-1277.76,0.0,EUR,EUR,1.0,paid,S.Fra /277 COUNTERPARTY_33161 Ef 1S26/625,COUNTERPARTY_47731
44b5c909595b416562e331c0901b281b,COMP_0793,invoice,2025-07-03,2025-07-03,2025-07-03 00:00:00,-16370.53,0.0,EUR,EUR,1.0,paid,N.Fra [X]/13 COUNTERPARTY_49391 Ef 1,COUNTERPARTY_49391
507a2ce61189af3849d43fc6de4f7e56,COMP_0793,invoice,2025-04-30,2025-04-30,2025-04-30 00:00:00,127.17,0.0,EUR,EUR,1.0,paid,N.Fra TB2025F/158 COUNTERPARTY_61508 Ef 1,COUNTERPARTY_61508
590b48ec13e3acb2efcf772d47ca8ff0,COMP_0793,invoice,2025-03-25,2025-05-24,2025-06-06 00:00:00,-722.04,0.0,EUR,EUR,1.0,paid,S.Fra /272 COUNTERPARTY_42722 Ef 1F[NUM],COUNTERPARTY_42722
5f1d9a07d6f371d209003e3b424d30c4,COMP_0001,invoice,2025-10-31,2025-11-30,2025-11-05 00:00:00,-550.55,0.0,EUR,EUR,1.0,paid,S.Fra /206 COUNTERPARTY_23347 Ef 1SC/250.171,COUNTERPARTY_23347
6a4d5c69283075428215b92456c25b92,COMP_0793,invoice,2025-06-23,2025-07-23,2025-08-11 00:00:00,-1283.47,0.0,EUR,EUR,1.0,paid,S.Fra /615 COUNTERPARTY_48090 Ef 189925,COUNTERPARTY_48090
75a885fbce264e531d4787d4afea77ff,COMP_0793,invoice,2025-06-26,2025-06-26,2025-06-26 00:00:00,59.59,0.0,EUR,EUR,1.0,paid,N.Fra TB2025F/267 COUNTERPARTY_15082 Ef 1,COUNTERPARTY_15082
83689d8d460a9470cbac1472e5f642f3,COMP_0793,invoice,2025-04-30,2025-05-30,2025-06-06 00:00:00,-3553.7,0.0,EUR,EUR,1.0,paid,S.Fra /454 COUNTERPARTY_48575 Ef [NUM],COUNTERPARTY_48575
87f2f570600b615c86ab5fe42e18a41b,COMP_0001,invoice,2025-09-24,2025-10-24,2025-09-24 00:00:00,-54.0,0.0,EUR,EUR,1.0,paid,S.Fra /182 COUNTERPARTY_53708 Ef 1F-6818,COUNTERPARTY_53708
8f64e50880d68858e9a7b87aa70bb01a,COMP_0001,invoice,2025-04-30,2025-04-30,2025-05-07 00:00:00,15730.0,0.0,EUR,EUR,1.0,paid,N.Fra TB2025F/35 [COMPANY] Ef 1,COUNTERPARTY_03903
9f273ac194fea0cabb43cc6dd6a8c6ab,COMP_0793,invoice,2025-06-13,2025-08-12,2025-06-13 00:00:00,-193.12,0.0,EUR,EUR,1.0,paid,S.Fra /601 COUNTERPARTY_42722 Ef 1F[NUM],COUNTERPARTY_42722
a006561071960abdf3886c88b0ac5fb9,COMP_0793,invoice,2025-10-22,2025-10-22,2025-11-07 00:00:00,-633.85,0.0,EUR,EUR,1.0,paid,S.Fra /1553 [COMPANY] Ef 1172,COUNTERPARTY_22440
acb859f3399d123199eda39846d45168,COMP_0793,invoice,2025-07-10,2025-08-09,2025-07-10 00:00:00,-638.28,0.0,EUR,EUR,1.0,paid,S.Fra /830 COUNTERPARTY_50051. Ef 1S01/10304,COUNTERPARTY_50051
af429843f969de1a5eb65da75a6331e8,COMP_0001,invoice,2025-07-24,2025-07-24,2025-07-24 00:00:00,3932.5,0.0,EUR,EUR,1.0,paid,N.Fra TB2025F/125 [COMPANY] Ef 1,COUNTERPARTY_03903
b3000b8dc402c7dbb88af8a9f9f2041f,COMP_0793,invoice,2025-06-16,2025-06-16,2025-06-17 00:00:00,-2103.83,0.0,EUR,EUR,1.0,paid,S.Fra /561 COUNTERPARTY_33161 Ef 1S25/2656,COUNTERPARTY_47731
c2271078dc17e7826ddc0652988c54a0,COMP_0793,invoice,2025-09-17,2025-10-17,2025-10-01 00:00:00,239.58,0.0,EUR,EUR,1.0,paid,S.Fra /1645 COUNTERPARTY_35858 Ef 114[X]93-0008-CN-01,COUNTERPARTY_35858
ed813e6b2adde2229ff44552590e1b1b,COMP_0793,invoice,2025-06-26,2025-06-26,2025-06-26 00:00:00,780.11,0.0,EUR,EUR,1.0,paid,N.Fra TB2025F/266 COUNTERPARTY_14912 Ef 1,COUNTERPARTY_14912
04bca29bbf27d9f241ddbde494fbd271,COMP_0793,invoice,2025-06-19,2025-07-19,2025-06-19 00:00:00,-169.98,0.0,EUR,EUR,1.0,paid,S.Fra /[COMPANY] Ef [NUM],COUNTERPARTY_43184
0bfa87ef14a6890278063f795b2e462c,COMP_0793,invoice,2025-06-26,2025-06-26,2025-07-18 00:00:00,41597.5,0.0,EUR,EUR,1.0,paid,N.Fra TB2025F/251 COUNTERPARTY_19200 Ef 1,COUNTERPARTY_19200
2833f646181f3efdd5399afb1873d15e,COMP_0793,invoice,2025-07-25,2025-07-25,2025-12-01 00:00:00,-116.06,0.0,EUR,EUR,1.0,paid,S.Fra /2085 COUNTERPARTY_27278 Ef 12025/034442,COUNTERPARTY_27278
300a5db55d649d0e5891d0b4ef5849cd,COMP_0793,invoice,2025-07-08,2025-07-08,2025-07-08 00:00:00,-3.63,0.0,EUR,EUR,1.0,paid,S.Fra /766 COUNTERPARTY_00061 Ef 1178.822.389,COUNTERPARTY_22769
357b45d8c35cfb7ea3ed4496617801f1,COMP_0793,invoice,2025-02-26,2025-02-26,2025-02-26 00:00:00,514.71,0.0,EUR,EUR,1.0,paid,N.Fra TB2025F/63 COUNTERPARTY_48877 Ef 1,COUNTERPARTY_48877
436b230ffde493040a35a8f29653fecf,COMP_0793,invoice,2026-01-08,2026-01-08,2026-01-08 00:00:00,-59.29,0.0,EUR,EUR,1.0,paid,S.Fra /91 COUNTERPARTY_01639 Ef [NUM],COUNTERPARTY_11626
67dc9c472badb89cb19f5341ed30d987,COMP_0793,invoice,2025-08-12,2025-09-11,2025-10-13 00:00:00,-785.74,0.0,EUR,EUR,1.0,paid,S.Fra /1144 COUNTERPARTY_48090 Ef 190323,COUNTERPARTY_48090
6c63808c6d68e637785a45cb34d5d027,COMP_0793,invoice,2025-09-25,2025-10-25,2025-11-07 00:00:00,-285.62,0.0,EUR,EUR,1.0,paid,S.Fra /1405 COUNTERPARTY_57773 Ef 1A08413,COUNTERPARTY_57773
7a09fb82730c02e184918704a9e0c571,COMP_0793,invoice,2025-06-25,2025-06-25,2025-06-25 00:00:00,273.41,0.0,EUR,EUR,1.0,paid,N.Fra TB2025F/232 COUNTERPARTY_51965 Ef 1,COUNTERPARTY_51965
a9fd63350b5d5a5137200cf62181db2f,COMP_0793,invoice,2025-07-28,2025-08-27,2025-07-28 00:00:00,-473.93,0.0,EUR,EUR,1.0,paid,S.Fra /950 COUNTERPARTY_48052 Ef 147152,COUNTERPARTY_48052
b8128473c2548463e2bcc6d0aac921b8,COMP_0793,invoice,2025-07-28,2025-07-28,2025-09-01 00:00:00,13416.29,0.0,EUR,EUR,1.0,paid,N.Fra TB2025F/320 COUNTERPARTY_49692 Ef 1,COUNTERPARTY_49692
c06294d0ddb5a9226e1d3c5d53cb0558,COMP_0793,invoice,2025-11-10,2025-12-10,2025-11-14 00:00:00,-378.76,0.0,EUR,EUR,1.0,paid,S.Fra /1902 COUNTERPARTY_18477 Ef [NUM]/AV,COUNTERPARTY_31747
ce6c5b7c3f93fae4f2361a7ec2b914f7,COMP_0793,invoice,2025-08-17,2025-08-17,2025-10-13 00:00:00,-3932.5,0.0,EUR,EUR,1.0,paid,S.Fra /1185 [COMPANY] Ef 1145,COUNTERPARTY_22440
d94931d6a1fae6f3627fabccdf4bf99b,COMP_0793,invoice,2026-01-27,2026-02-26,2026-02-11 00:00:00,16896.44,0.0,EUR,EUR,1.0,paid,N.Fra TB2026F/24 COUNTERPARTY_49557 Ef 1,COUNTERPARTY_49557
e23a9fc56daf93f8496ff9873d5db30f,COMP_0001,invoice,2025-06-22,2025-07-22,2025-06-30 00:00:00,-194.11,0.0,EUR,EUR,1.0,paid,S.Fra /[COMPANY] Ef 1ZB25-[NUM],COUNTERPARTY_28286
e88deae00b1174cd88cfa745ff459fec,COMP_0793,invoice,2025-07-22,2025-07-22,2025-08-11 00:00:00,-1244.16,0.0,EUR,EUR,1.0,paid,S.Fra /878 COUNTERPARTY_27064 Ef 1F25/0249,COUNTERPARTY_47459
fe2f514a065a882f9e7da3a14a16edf2,COMP_0793,invoice,2025-09-19,2025-10-19,2025-11-07 00:00:00,-50.3,0.0,EUR,EUR,1.0,paid,S.Fra /1392 COUNTERPARTY_48090 Ef 190624,COUNTERPARTY_48090
046122d02e674325c5347527e47e5abe,COMP_0793,invoice,2025-07-08,2025-09-06,2025-07-08 00:00:00,-193.12,0.0,EUR,EUR,1.0,paid,S.Fra /796 COUNTERPARTY_42722 Ef 1F[NUM],COUNTERPARTY_42722
07560a4d4818943944816069ea2df55b,COMP_0793,invoice,2025-06-05,2025-06-05,2025-06-06 00:00:00,-186.45,0.0,EUR,EUR,1.0,paid,S.Fra /504 [COMPANY] Ef 156,COUNTERPARTY_22440
0bf14be6059e09dfc95aeba64dae767b,COMP_0793,invoice,2026-01-20,2026-02-19,2026-02-10 00:00:00,-592.17,0.0,EUR,EUR,1.0,paid,S.Fra /108 COUNTERPARTY_48575 Ef [NUM],COUNTERPARTY_48575
23ff5cc7c6eba38841bfd6a5d874d71e,COMP_0793,invoice,2025-06-10,2025-06-10,2025-06-10 00:00:00,-389.62,0.0,EUR,EUR,1.0,paid,S.Fra /649 COUNTERPARTY_61740 Ef 1TB-2025-B608,COUNTERPARTY_61740
24a46468bdc4f879b3b84a138b5b5687,COMP_0793,invoice,2025-12-29,2026-01-28,2025-12-29 00:00:00,-1175.41,0.0,EUR,EUR,1.0,paid,S.Fra /2053 COUNTERPARTY_47799 Ef [NUM],COUNTERPARTY_47799
332f238de5829f71b3199c5e9ad6a669,COMP_0793,invoice,2025-08-18,2025-08-18,2025-08-18 00:00:00,-0.3,0.0,EUR,EUR,1.0,paid,S.Fra /1151 COUNTERPARTY_00061 Ef [REF],COUNTERPARTY_22769
4d6db6a0020695e8da898435f334f94f,COMP_0793,invoice,2025-08-06,2025-09-05,2025-08-06 00:00:00,-577.62,0.0,EUR,EUR,1.0,paid,S.Fra /1036 COUNTERPARTY_34270 Ef 1INV/2025/11125,COUNTERPARTY_34270
4da7775b6cff7fdac91803387c23e6ab,COMP_0793,invoice,2025-12-23,2025-12-23,2026-01-09 00:00:00,752.25,0.0,EUR,EUR,1.0,paid,N.Fra TB2025F/596 COUNTERPARTY_15509. Ef 1,COUNTERPARTY_15509
73ad12b91c79ccb7e8a460c61f1440c4,COMP_0793,invoice,2025-11-01,2025-11-01,2025-11-03 00:00:00,-246.84,0.0,EUR,EUR,1.0,paid,S.Fra /1720 COUNTERPARTY_18906 Ef 12025/8698,COUNTERPARTY_18906
8d8076cf075184c1afb9d90a8b85e329,COMP_0793,invoice,2025-05-25,2025-05-25,2025-06-06 00:00:00,-235.95,0.0,EUR,EUR,1.0,paid,S.Fra /474 COUNTERPARTY_08809 Ef 138907,COUNTERPARTY_08809
975e9d370ec47ec383654f994bcb7c3c,COMP_0793,invoice,2025-07-24,2025-07-24,2025-07-24 00:00:00,-114.95,0.0,EUR,EUR,1.0,paid,S.Fra /865 [COMPANY] Ef 1100,COUNTERPARTY_22440
a7179b43bbfcb28e2f185f12c318e858,COMP_0793,invoice,2025-04-22,2025-04-22,2025-05-06 00:00:00,-148.4,0.0,EUR,EUR,1.0,paid,S.Fra /371 COUNTERPARTY_54547 Ef 1F/2025/4,COUNTERPARTY_54547
b2ca7b01c6dd241f45fe094f56c94a50,COMP_0001,invoice,2024-12-02,2025-01-01,2024-12-02 00:00:00,-756.25,0.0,EUR,EUR,1.0,paid,S.Fra /97 COUNTERPARTY_27064 Ef 1F24/0404,COUNTERPARTY_27064
cbd4a97f8ba49cbdd29062a2282b8542,COMP_0793,invoice,2025-08-05,2025-09-04,2025-08-05 00:00:00,-138.7,0.0,EUR,EUR,1.0,paid,S.Fra /1015 COUNTERPARTY_07226 Ef 1ES5124[X],COUNTERPARTY_18040
cd2639e4ffc4a85ab2ddd7e5d57601ee,COMP_0793,invoice,2025-09-08,2025-10-08,2025-10-13 00:00:00,-158.99,0.0,EUR,EUR,1.0,paid,S.Fra /1268 COUNTERPARTY_48090 Ef 190521,COUNTERPARTY_48090
d64a8efcd82a89441690dff7f1a965a3,COMP_0793,invoice,2025-11-06,2025-11-06,2025-11-10 00:00:00,-59.29,0.0,EUR,EUR,1.0,paid,S.Fra /1858 COUNTERPARTY_01639 Ef [NUM],COUNTERPARTY_11626
dc200d5ff0f3dd42aff95fd291b93d52,COMP_0793,invoice,2025-06-26,2025-06-26,2025-07-08 00:00:00,330.02,0.0,EUR,EUR,1.0,paid,N.Fra TB2025F/273 COUNTERPARTY_42157 Ef 1,COUNTERPARTY_42157
e08ad3a18e29d334a1c414474b4cf3cf,COMP_0793,invoice,2026-02-06,2026-02-06,2026-02-06 00:00:00,-2493.98,0.0,EUR,EUR,1.0,paid,S.Fra /246 COUNTERPARTY_16268. Ef 1654,COUNTERPARTY_16268
e137e22ac7c8eb018a14a73ba324b3f8,COMP_0793,invoice,2025-10-31,2025-11-30,2025-10-31 00:00:00,-764.1,0.0,EUR,EUR,1.0,paid,S.Fra /1711 COUNTERPARTY_58920 Ef 1COM253684,COUNTERPARTY_58920
031e9a5c680e2291c89c38bee13d8483,COMP_0793,invoice,2025-11-25,2025-11-25,2025-12-23 00:00:00,11717.49,0.0,EUR,EUR,1.0,paid,N.Fra TB2025F/526 COUNTERPARTY_14508 Ef 1,COUNTERPARTY_14508
0fe127c406f2baefb8562451fd8472f3,COMP_0793,invoice,2025-11-27,2025-11-27,2025-11-27 00:00:00,330.02,0.0,EUR,EUR,1.0,paid,N.Fra TB2025F/553 COUNTERPARTY_42157 Ef 1,COUNTERPARTY_42157
2756d0eb23056fd5fc7e51dbeb41e1d0,COMP_0793,invoice,2025-04-24,2025-04-24,2025-05-16 00:00:00,14832.58,0.0,EUR,EUR,1.0,paid,N.Fra TB2025F/131 COUNTERPARTY_49391 Ef 1,COUNTERPARTY_49391
27ba510133aa140d92a4386cf094ad6f,COMP_0793,invoice,2025-06-25,2025-06-25,2025-06-25 00:00:00,-1199.57,0.0,EUR,EUR,1.0,paid,S.Fra /761 COUNTERPARTY_37369 Ef 11-[NUM],COUNTERPARTY_37369
3fa2021cdcd73dfd278bd18920ea5425,COMP_0793,invoice,2025-05-30,2025-05-30,2025-05-30 00:00:00,-321.17,0.0,EUR,EUR,1.0,paid,S.Fra /637 COUNTERPARTY_44961 Ef [NUM],COUNTERPARTY_44961
411294c174abe6302386782dddf7c799,COMP_0793,invoice,2025-08-17,2025-08-17,2025-09-10 00:00:00,-6655.0,0.0,EUR,EUR,1.0,paid,S.Fra /1176 [COMPANY] Ef 1152,COUNTERPARTY_22440
431752392f2e43d242d8770219462624,COMP_0793,invoice,2025-07-01,2025-07-31,2025-07-01 00:00:00,-44.07,0.0,EUR,EUR,1.0,paid,S.Fra /986 COUNTERPARTY_10795 Ef 11D24908L,COUNTERPARTY_23778
437d7124b30d8533ea210aa2d34f8e65,COMP_0793,invoice,2025-11-27,2025-11-27,2025-12-02 00:00:00,1496.29,0.0,EUR,EUR,1.0,paid,N.Fra TB2025F/559 COUNTERPARTY_61857 Ef 1,COUNTERPARTY_61857
4e0f0b85be9e0862c705410e8525872d,COMP_0793,invoice,2025-07-28,2025-07-28,2025-09-01 00:00:00,15164.93,0.0,EUR,EUR,1.0,paid,N.Fra TB2025F/323 COUNTERPARTY_49692 Ef 1,COUNTERPARTY_49692
5090bbc33cce2bea013d45fbb5ec4350,COMP_0793,invoice,2025-07-28,2025-07-28,2025-09-23 00:00:00,3699.7,0.0,EUR,EUR,1.0,paid,N.Fra TB2025F/326 COUNTERPARTY_14508 Ef 1,COUNTERPARTY_14508
5674fed3b3593ffdb3e7eba3fa7ccd68,COMP_0793,invoice,2025-11-27,2025-11-27,2025-12-11 00:00:00,-1162.14,0.0,EUR,EUR,1.0,paid,S.Fra /1881 COUNTERPARTY_33161 Ef 1S25/6303,COUNTERPARTY_47731
5b04e99199865b617ceeca92bcf304ef,COMP_0001,invoice,2025-11-12,2025-11-12,2025-11-12 00:00:00,-7260.01,0.0,EUR,EUR,1.0,paid,S.Fra /214 COUNTERPARTY_08037 Ef 119,COUNTERPARTY_08037
5ca9b37ba847bf7d8439ccff8b6b2abd,COMP_0001,invoice,2025-10-22,2025-10-22,2025-11-10 00:00:00,4840.0,0.0,EUR,EUR,1.0,paid,N.Fra TB2025F/179 [COMPANY] Ef 1,COUNTERPARTY_03903
6a6bae036d3e7a25173f33ed46f17443,COMP_0793,invoice,2025-11-27,2025-11-27,2025-11-28 00:00:00,1128.36,0.0,EUR,EUR,1.0,paid,N.Fra TB2025F/549 COUNTERPARTY_04351 Ef 1,COUNTERPARTY_04351
77e35cf57e3d297080f2b78619de39c7,COMP_0793,invoice,2025-06-18,2025-08-17,2025-06-18 00:00:00,288.59,0.0,EUR,EUR,1.0,paid,S.Fra /607 COUNTERPARTY_42722 Ef 1AB[NUM],COUNTERPARTY_42722
7b803250cc86b83c702c07a80e667a9a,COMP_0793,invoice,2025-10-15,2025-11-14,2025-10-17 00:00:00,-155.77,0.0,EUR,EUR,1.0,paid,S.Fra /1608 COUNTERPARTY_07226 Ef 1ES51[X],COUNTERPARTY_18040
8682e4c4450468d9e2a235b458c209d7,COMP_0793,invoice,2025-10-01,2025-10-31,2025-10-01 00:00:00,-114.95,0.0,EUR,EUR,1.0,paid,S.Fra /1293 COUNTERPARTY_16229. Ef [NUM],COUNTERPARTY_35060
8b11dbcddd53e83bd32dd7ba00a0ec51,COMP_0793,invoice,2025-07-31,2025-08-30,2025-09-01 00:00:00,-43.31,0.0,EUR,EUR,1.0,paid,S.Fra /931 COUNTERPARTY_23748 Ef 1FV[NUM],COUNTERPARTY_23748
afa200e471490db0d6142eeb3d6f1371,COMP_0793,invoice,2025-06-26,2025-07-26,2025-07-14 00:00:00,13390.43,0.0,EUR,EUR,1.0,paid,N.Fra TB2025F/246 COUNTERPARTY_49557 Ef 1,COUNTERPARTY_49557
be728915d9988e754e6af67dc745d7d5,COMP_0793,invoice,2025-08-31,2025-09-30,2025-08-31 00:00:00,-806.37,0.0,EUR,EUR,1.0,paid,S.Fra /1232 COUNTERPARTY_51927 Ef 173,COUNTERPARTY_51927
c09c09cecef1108c9d31b25f196834d2,COMP_0793,invoice,2025-12-31,2026-01-30,2026-02-10 00:00:00,-304.31,0.0,EUR,EUR,1.0,paid,S.Fra /2071 COUNTERPARTY_27660 Ef 1A/25737,COUNTERPARTY_27660
d7c7ee83a4cca46cf40cd2f1c282a5f3,COMP_0793,invoice,2025-06-08,2025-07-08,2025-08-07 00:00:00,-291.89,0.0,EUR,EUR,1.0,paid,S.Fra /556 COUNTERPARTY_23799. Ef 131274,COUNTERPARTY_28032
e056e7737f31a30dd7ae7762b45f27a9,COMP_0001,invoice,2025-04-22,2025-05-22,2025-04-22 00:00:00,-90.83,0.0,EUR,EUR,1.0,paid,S.Fra /[COMPANY] Ef 1ZB25-[NUM],COUNTERPARTY_28286
f46aec125e678d04366be7e08442833d,COMP_0793,invoice,2025-12-01,2025-12-01,2025-12-01 00:00:00,-29.04,0.0,EUR,EUR,1.0,paid,S.Fra /1950 COUNTERPARTY_06745 Ef 19001,COUNTERPARTY_06745
fa0d59fce0540631caa93fa60a176aec,COMP_0793,invoice,2025-10-01,2025-10-01,2025-10-23 00:00:00,16209.77,0.0,EUR,EUR,1.0,paid,N.Fra TB2025F/431 COUNTERPARTY_48639 Ef 1,COUNTERPARTY_48639
fbc0ae100d0a2eb30c4dbf52a4b21a28,COMP_0793,invoice,2025-06-26,2025-06-26,2025-06-26 00:00:00,432.84,0.0,EUR,EUR,1.0,paid,N.Fra TB2025F/262 COUNTERPARTY_48877 Ef 1,COUNTERPARTY_48877
12c179bf88d4d38d47e71fa8ec5ed793,COMP_0001,invoice,2025-07-24,2025-07-24,2025-07-24 00:00:00,364.21,0.0,EUR,EUR,1.0,paid,N.Fra TB2025F/109 [COMPANY] Ef 1,COUNTERPARTY_03903
15a92634ac52dc8127b5ffc716e56e42,COMP_0793,invoice,2025-05-01,2025-05-01,2025-05-01 00:00:00,-36.3,0.0,EUR,EUR,1.0,paid,S.Fra /412 COUNTERPARTY_06745 Ef [NUM],COUNTERPARTY_06745
1670ba3204f6dbace92e300ebf7e8ef2,COMP_0001,invoice,2025-06-10,2025-06-10,2025-07-11 00:00:00,426.84,0.0,EUR,EUR,1.0,paid,N.Fra TB2025F/61 [COMPANY] Ef 1,COUNTERPARTY_03903
22dff32cf754a9b5157b5ac41f529278,COMP_0793,invoice,2025-07-27,2025-07-26,2025-07-27 00:00:00,9560.51,0.0,EUR,EUR,1.0,paid,N.Fra TB2025F/302 COUNTERPARTY_26460 Ef 1,COUNTERPARTY_26460
4c08b04a91115d3844c794da4569363c,COMP_0793,invoice,2026-01-30,2026-03-01,2026-01-30 00:00:00,-47287.38,0.0,EUR,EUR,1.0,paid,S.Fra /126 COUNTERPARTY_18583 Ef [REF],COUNTERPARTY_18583
502a21da3dcb4b079f784d55dfa57a7b,COMP_0793,invoice,2025-09-29,2025-10-29,2025-10-14 00:00:00,76998.35,0.0,EUR,EUR,1.0,paid,N.Fra TB2025F/410 COUNTERPARTY_05961 Ef 1,COUNTERPARTY_05961
57208aaeb375916b7da36395991dc94f,COMP_0793,invoice,2025-07-03,2025-07-03,2025-07-03 00:00:00,-2198.69,0.0,EUR,EUR,1.0,paid,N.Fra [X]/12 COUNTERPARTY_49391 Ef 1,COUNTERPARTY_49391
5cdfb86b3fbb9241faa07b3e0e16aecf,COMP_0793,invoice,2025-11-03,2025-11-03,2025-11-03 00:00:00,-2577.44,0.0,EUR,EUR,1.0,paid,S.Fra /1529 COUNTERPARTY_16268. Ef 1TB-2025-F39,COUNTERPARTY_16268
6125d5b98d72c30b2cddf07af5814856,COMP_0793,invoice,2025-07-04,2025-08-03,2025-07-04 00:00:00,-572.2,0.0,EUR,EUR,1.0,paid,S.Fra /709 COUNTERPARTY_02242 Ef [NUM],COUNTERPARTY_56974
72ab1167f564aa62346c1858963a6a26,COMP_0001,invoice,2024-11-30,2024-11-30,2024-11-30 00:00:00,-80.59,0.0,EUR,EUR,1.0,paid,S.Fra /1 COUNTERPARTY_51811 Ef 1CI[NUM]-1124,COUNTERPARTY_51811
8602e188f47b34140019a3d1f07f01cc,COMP_0793,invoice,2025-09-29,2025-09-29,2025-10-13 00:00:00,-9680.0,0.0,EUR,EUR,1.0,paid,S.Fra /1358 [COMPANY] Ef 1168,COUNTERPARTY_22440
94413a196bfdaa1707647ab6c6107273,COMP_0001,invoice,2026-01-31,2026-03-20,2026-02-06 00:00:00,-9680.01,0.0,EUR,EUR,1.0,paid,S.Fra /9 COUNTERPARTY_08037 Ef 123,COUNTERPARTY_08037
9d28349e991648eb18ce798316dda9b6,COMP_0793,invoice,2025-04-30,2025-05-30,2025-06-06 00:00:00,-437.19,0.0,EUR,EUR,1.0,paid,S.Fra /399 COUNTERPARTY_31108 Ef 12025/151,COUNTERPARTY_31108
a9c31ec859860321e3e8d688d2824386,COMP_0793,invoice,2025-07-31,2025-08-30,2025-10-13 00:00:00,-78.08,0.0,EUR,EUR,1.0,paid,S.Fra /992 COUNTERPARTY_48443 Ef [NUM],COUNTERPARTY_48443
adb8d47cb7a802993aac11f0ac502a5f,COMP_0793,invoice,2025-05-16,2025-05-16,2025-05-16 00:00:00,-0.36,0.0,EUR,EUR,1.0,paid,S.Fra /[COMPANY] Ef [REF],COUNTERPARTY_47950
ae438fb28ee78bf1bf094494e482918a,COMP_0793,invoice,2025-06-03,2025-07-03,2025-07-10 00:00:00,-103.46,0.0,EUR,EUR,1.0,paid,S.Fra /487 COUNTERPARTY_07277. Ef 12025/64,COUNTERPARTY_07277
d11d4aedab0b345f70e6813f33b2e680,COMP_0793,invoice,2025-10-27,2025-10-27,2025-12-01 00:00:00,1567.43,0.0,EUR,EUR,1.0,paid,N.Fra TB2025F/461 COUNTERPARTY_49692 Ef 1,COUNTERPARTY_49692
d26621e1f1b3da8abb7e6f47c7e96494,COMP_0793,invoice,2025-09-28,2025-09-27,2025-11-03 00:00:00,7523.68,0.0,EUR,EUR,1.0,paid,N.Fra TB2025F/389 COUNTERPARTY_49692 Ef 1,COUNTERPARTY_49692
d4204c20bc74978a0bdff4b9d2367887,COMP_0793,invoice,2025-04-30,2025-05-30,2025-06-06 00:00:00,-58.08,0.0,EUR,EUR,1.0,paid,S.Fra /355 COUNTERPARTY_27064 Ef 1F25/0154,COUNTERPARTY_47459
e4497766a19be1be492f7ff1e5f292ac,COMP_0793,invoice,2025-08-01,2025-08-31,2025-08-01 00:00:00,-239.58,0.0,EUR,EUR,1.0,paid,S.Fra /932 COUNTERPARTY_35858 Ef 114[X]93-0010,COUNTERPARTY_35858
ed380c32f678942cbad5c786093291e2,COMP_0793,invoice,2025-07-10,2025-09-08,2025-07-10 00:00:00,152.46,0.0,EUR,EUR,1.0,paid,S.Fra /801 COUNTERPARTY_42722 Ef 1AB[NUM],COUNTERPARTY_42722
f3e645638b00d1e94a6ada086cd80428,COMP_0793,invoice,2025-05-30,2025-05-30,2025-06-25 00:00:00,25835.87,0.0,EUR,EUR,1.0,paid,N.Fra TB2025F/212 COUNTERPARTY_48639 Ef 1,COUNTERPARTY_48639
fd0a15d04d9d0e1496e509cdf87983f5,COMP_0793,invoice,2026-01-26,2026-01-26,2026-01-12 00:00:00,14576.62,0.0,EUR,EUR,1.0,paid,N.Fra TB2026F/3 COUNTERPARTY_49391 Ef 1,COUNTERPARTY_49391
0015e8092444e1351eaba001ccaacac9,COMP_0793,invoice,2025-07-31,2025-07-31,2025-07-31 00:00:00,-577.71,0.0,EUR,EUR,1.0,paid,S.Fra /875 COUNTERPARTY_30566 Ef [NUM],COUNTERPARTY_30566
00bcff3b08fe3e7109208f11bf2f22aa,COMP_0793,invoice,2025-04-30,2025-04-30,2025-04-30 00:00:00,1138.69,0.0,EUR,EUR,1.0,paid,N.Fra TB2025F/143 COUNTERPARTY_48877 Ef 1,COUNTERPARTY_48877
13d70e7917007bc9aaec6b468648b51b,COMP_0793,invoice,2025-08-05,2025-08-05,2025-07-07 00:00:00,-205.7,0.0,EUR,EUR,1.0,paid,S.Fra /877 COUNTERPARTY_55082 Ef 110.012,COUNTERPARTY_55082
2089ad338e60c39b3717f884b0b2d703,COMP_0793,invoice,2025-11-27,2025-11-27,2025-12-02 00:00:00,240.14,0.0,EUR,EUR,1.0,paid,N.Fra TB2025F/548 COUNTERPARTY_04788 Ef 1,COUNTERPARTY_04788
271568804989ef2174cea3c2707d99e5,COMP_0793,invoice,2025-05-29,2025-05-29,2025-06-02 00:00:00,349.28,0.0,EUR,EUR,1.0,paid,N.Fra TB2025F/208 COUNTERPARTY_15594 Ef 1,COUNTERPARTY_15594
47a8a70ee6f367c669ddab787057c6fd,COMP_0001,invoice,2025-11-30,2025-12-30,2025-11-30 00:00:00,-204.18,0.0,EUR,EUR,1.0,paid,S.Fra /222 COUNTERPARTY_07183 Ef [NUM],COUNTERPARTY_50543
4a8a63cbaf57f9cf8fa51037324434a0,COMP_0793,invoice,2025-05-22,2025-06-21,2025-05-22 00:00:00,-178.77,0.0,EUR,EUR,1.0,paid,S.Fra /472 COUNTERPARTY_62091 Ef 1FV2/[NUM],COUNTERPARTY_62091
526d53666f067b03931995f88b902f89,COMP_0001,invoice,2025-06-04,2025-07-04,2025-06-04 00:00:00,-52.82,0.0,EUR,EUR,1.0,paid,S.Fra /111 COUNTERPARTY_53449 Ef [REF],COUNTERPARTY_53449
73edf110abe169a635408575b99185fe,COMP_0793,invoice,2025-12-23,2026-01-22,2025-12-23 00:00:00,-30208.11,0.0,EUR,EUR,1.0,paid,S.Fra /1971 COUNTERPARTY_62117 Ef 128,COUNTERPARTY_62117
80346a1875b014684de8f5fc7e558363,COMP_0793,invoice,2025-07-07,2025-07-07,2025-07-10 00:00:00,-3230.7,0.0,EUR,EUR,1.0,paid,S.Fra /701 COUNTERPARTY_62121 Ef [NUM],COUNTERPARTY_62121
82659b94dea119ec574d9b1c40498d81,COMP_0793,invoice,2025-06-19,2025-06-19,2025-07-15 00:00:00,15860.63,0.0,EUR,EUR,1.0,paid,N.Fra TB2025F/228 COUNTERPARTY_48639 Ef 1,COUNTERPARTY_48639
8a5882715b6d195fc50be5038b4e309b,COMP_0793,invoice,2025-07-31,2025-08-30,2025-07-31 00:00:00,-299.84,0.0,EUR,EUR,1.0,paid,S.Fra /1173 COUNTERPARTY_30606 Ef 1S25/369,COUNTERPARTY_30606
98f6794439fdefa85721a2aec86e02f5,COMP_0793,invoice,2025-11-17,2025-12-17,2026-01-12 00:00:00,-1013.05,0.0,EUR,EUR,1.0,paid,S.Fra /1864 COUNTERPARTY_51965 Ef 12025A/4781,COUNTERPARTY_57664
a35cf6b3917e7b102bcfdb3ce45a7e5c,COMP_0001,invoice,2025-07-21,2025-07-21,2025-07-21 00:00:00,-4002.68,0.0,EUR,EUR,1.0,paid,S.Fra /158 COUNTERPARTY_27064 Ef 1F25/0232,COUNTERPARTY_27064
b57c4b20250732465b1693a74e00c063,COMP_0793,invoice,2025-03-25,2025-03-25,2025-03-25 00:00:00,-6050.0,0.0,EUR,EUR,1.0,paid,S.Fra /305 [COMPANY] Ef 132,COUNTERPARTY_22440
c32a3ce41052040f45440fcbb19fd3c2,COMP_0793,invoice,2025-07-28,2025-07-28,2025-11-11 00:00:00,116.73,0.0,EUR,EUR,1.0,paid,N.Fra TB2025F/338 COUNTERPARTY_15482 Ef 1,COUNTERPARTY_15482
ddc3d93ac367d4e2154e77eaa5af47fb,COMP_0793,invoice,2025-12-23,2026-01-22,2026-01-14 00:00:00,16410.67,0.0,EUR,EUR,1.0,paid,N.Fra TB2025F/607 COUNTERPARTY_49557 Ef 1,COUNTERPARTY_49557
deca8c8d516bfb3ff7eab89b47a396da,COMP_0793,invoice,2025-04-22,2025-04-22,2025-04-22 00:00:00,-1.09,0.0,EUR,EUR,1.0,paid,S.Fra /[COMPANY] Ef 1FZ025111,COUNTERPARTY_47950
ea42d34948717bba6028db9b385f08e4,COMP_0793,invoice,2025-07-30,2025-08-29,2025-08-19 00:00:00,-664.06,0.0,EUR,EUR,1.0,paid,S.Fra /988 COUNTERPARTY_18583 Ef [NUM],COUNTERPARTY_18583
ed655aaeb9c47ed282da17517420f9af,COMP_0793,invoice,2025-07-24,2025-07-24,2025-07-24 00:00:00,-7260.0,0.0,EUR,EUR,1.0,paid,S.Fra /860 [COMPANY] Ef 1127,COUNTERPARTY_22440
f4f4de28888486037ee752122be47a01,COMP_0793,invoice,2025-10-24,2025-10-24,2025-10-24 00:00:00,-545.59,0.0,EUR,EUR,1.0,paid,S.Fra /1626 COUNTERPARTY_07783 Ef [NUM],COUNTERPARTY_49066
04b331f55980e16ad56094bba519397a,COMP_0793,invoice,2025-05-22,2025-05-22,2025-06-05 00:00:00,17897.07,0.0,EUR,EUR,1.0,paid,N.Fra TB2025F/178 COUNTERPARTY_49391 Ef 1,COUNTERPARTY_49391
05fb9e5dbd87a21a6fe21925dc786a4f,COMP_0793,invoice,2025-07-28,2025-08-27,2025-07-28 00:00:00,-996.58,0.0,EUR,EUR,1.0,paid,S.Fra /872 COUNTERPARTY_62180 Ef 10[X]-[NUM],COUNTERPARTY_62180
0c1dd135b1146c92824ae914b00c2792,COMP_0001,invoice,2025-09-15,2025-10-15,2025-09-15 00:00:00,-1930.4,0.0,EUR,EUR,1.0,paid,S.Fra /[COMPANY] Ef [NUM],COUNTERPARTY_28286
0f141212341f25d5f36407ccaa0db498,COMP_0793,invoice,2025-07-24,2025-07-24,2025-07-24 00:00:00,-5082.0,0.0,EUR,EUR,1.0,paid,S.Fra /852 [COMPANY] Ef 1120,COUNTERPARTY_22440
1023a1fcefb5ecd101d59f790cfa9557,COMP_0793,invoice,2025-07-21,2025-08-20,2025-09-10 00:00:00,-175.45,0.0,EUR,EUR,1.0,paid,S.Fra /806 COUNTERPARTY_62183 Ef 1010L[NUM],COUNTERPARTY_62183
1aa351a3e17327638dc83e752d15ebb8,COMP_0793,invoice,2025-11-04,2025-11-04,2026-02-03 00:00:00,47221.46,0.0,EUR,EUR,1.0,paid,N.Fra TB2025F/507 COUNTERPARTY_10380 Ef 1,COUNTERPARTY_10380
1baf15ce2f6bc0e84e5eff4294fdef81,COMP_0793,invoice,2025-08-27,2025-09-26,2025-09-16 00:00:00,-1913.83,0.0,EUR,EUR,1.0,paid,S.Fra /1241 COUNTERPARTY_18583 Ef [NUM],COUNTERPARTY_18583
1c36c6ba937b4b09600a7178d774ef8b,COMP_0793,invoice,2025-04-24,2025-04-24,2025-05-28 00:00:00,3514.71,0.0,EUR,EUR,1.0,paid,N.Fra TB2025F/135 COUNTERPARTY_14508 Ef 1,COUNTERPARTY_14508
27ad468c762c9cc20e119c0526d5486c,COMP_0793,invoice,2025-06-23,2025-06-23,2025-06-23 00:00:00,-591.32,0.0,EUR,EUR,1.0,paid,S.Fra /564 COUNTERPARTY_07783 Ef [NUM],COUNTERPARTY_49066
2a68f3bd9ebee700f438f0105e80fd66,COMP_0793,invoice,2025-06-25,2025-06-25,2025-07-10 00:00:00,273.41,0.0,EUR,EUR,1.0,paid,N.Fra TB2025F/233 COUNTERPARTY_59168 Ef 1,COUNTERPARTY_59168
3a61d4e6a51959116f1cca1f287323b6,COMP_0793,invoice,2025-07-08,2025-08-07,2025-07-08 00:00:00,-90.09,0.0,EUR,EUR,1.0,paid,S.Fra /704 COUNTERPARTY_24926 Ef [NUM]/5/25/000347,COUNTERPARTY_57870
3da11253cc7c6b3a26433cb07131e148,COMP_0878,invoice,2026-04-01,2026-04-01,2026-04-01 00:00:00,-615.59,0.0,EUR,EUR,1.0,paid,S.Fra /102 COUNTERPARTY_61450 Ef [NUM],COUNTERPARTY_61450
4228b11eaf13e1a8e8906de939de0b15,COMP_0793,invoice,2025-10-01,2025-10-01,2025-10-23 00:00:00,8728.34,0.0,EUR,EUR,1.0,paid,N.Fra TB2025F/427 COUNTERPARTY_48639 Ef 1,COUNTERPARTY_48639
45fd63af6dbfefc68e2fd0347da6c51a,COMP_0793,invoice,2025-10-27,2025-10-27,2025-11-13 00:00:00,18626.17,0.0,EUR,EUR,1.0,paid,N.Fra TB2025F/453 COUNTERPARTY_49391 Ef 1,COUNTERPARTY_49391
47b7472f77845a59349de77db780e3cf,COMP_0793,invoice,2025-11-25,2025-12-25,2025-11-25 00:00:00,-198.08,0.0,EUR,EUR,1.0,paid,S.Fra /1876 COUNTERPARTY_33224 Ef 12025/[NUM],COUNTERPARTY_35897
48fa1770ac3802913ea87f90ea3be010,COMP_0793,invoice,2025-05-06,2025-05-06,2025-05-08 00:00:00,-177.63,0.0,EUR,EUR,1.0,paid,S.Fra /407 COUNTERPARTY_18906 Ef 12025/4236,COUNTERPARTY_18906
6b5126f5da9ae07d4d3441d00e487f99,COMP_0793,invoice,2026-01-01,2026-01-31,2026-01-01 00:00:00,-46.94,0.0,EUR,EUR,1.0,paid,S.Fra /80 COUNTERPARTY_10795 Ef 11E09368L,COUNTERPARTY_23778
7cf68e5ff0d995b0a9ee39d59a93c78a,COMP_0793,invoice,2025-07-23,2025-07-23,2025-07-23 00:00:00,-700.0,0.0,EUR,EUR,1.0,paid,S.Fra /773 COUNTERPARTY_37981 Ef 12025-1168,COUNTERPARTY_37981
853f8d5975b97586590f5c70fb498550,COMP_0001,invoice,2025-06-27,2025-06-27,2025-06-27 00:00:00,1815.0,0.0,EUR,EUR,1.0,paid,N.Fra TB2025F/79 [COMPANY] Ef 1,COUNTERPARTY_03903
8b0d62daa4db71497c5b918309ec0533,COMP_0793,invoice,2025-05-31,2025-06-30,2025-06-30 00:00:00,-43.58,0.0,EUR,EUR,1.0,paid,S.Fra /491 COUNTERPARTY_23748 Ef 1FV[NUM],COUNTERPARTY_23748
93fbf0509bbb65839c37f7eac0fcd800,COMP_0793,invoice,2025-11-04,2025-11-04,2026-02-03 00:00:00,29651.84,0.0,EUR,EUR,1.0,paid,N.Fra TB2025F/504 COUNTERPARTY_10380 Ef 1,COUNTERPARTY_10380
9fe9a5512ae0a1c4db19ce986df5d015,COMP_0793,invoice,2025-11-03,2025-12-03,2025-12-11 00:00:00,-884.28,0.0,EUR,EUR,1.0,paid,S.Fra /1723 COUNTERPARTY_51816 Ef 12025K/29,COUNTERPARTY_51816
a13473b7f861b7b5ad3c18aa43e1f0bc,COMP_0793,invoice,2025-06-30,2025-06-30,2025-06-30 00:00:00,-131.31,0.0,EUR,EUR,1.0,paid,S.Fra /568 COUNTERPARTY_38069 Ef 1FC25-3800,COUNTERPARTY_38069
a9374520932b95887e0ebd260dfcbaeb,COMP_0001,invoice,2025-10-06,2025-11-05,2025-10-06 00:00:00,-85.8,0.0,EUR,EUR,1.0,paid,S.Fra /195 COUNTERPARTY_02168 Ef [REF],COUNTERPARTY_55961
bdc3f332d7867a27beca30539393b997,COMP_0793,invoice,2025-04-29,2025-04-29,2025-05-16 00:00:00,203.68,0.0,EUR,EUR,1.0,paid,N.Fra TB2025F/140 COUNTERPARTY_47852 Ef 1,COUNTERPARTY_47852
bead60c1b9ae9def9473b63a87b7118f,COMP_0001,invoice,2025-04-07,2025-04-07,2025-04-07 00:00:00,-385.99,0.0,EUR,EUR,1.0,paid,S.Fra /68 COUNTERPARTY_23347 Ef 1RR/250.221,COUNTERPARTY_23347
c8441c8ee2f7b28f84c38b825884073c,COMP_0793,invoice,2025-06-26,2025-06-26,2025-06-26 00:00:00,423.5,0.0,EUR,EUR,1.0,paid,N.Fra TB2025F/264 COUNTERPARTY_48877 Ef 1,COUNTERPARTY_48877
cb2605fff7bdaf1998a613bc3c73e9fb,COMP_0793,invoice,2025-06-10,2025-07-10,2025-06-10 00:00:00,-24.99,0.0,EUR,EUR,1.0,paid,S.Fra /[COMPANY] Ef [NUM],COUNTERPARTY_43184
d9babd161372fc012fac95ffd7d9f547,COMP_0001,invoice,2025-08-17,2025-08-16,2025-09-11 00:00:00,14520.0,0.0,EUR,EUR,1.0,paid,N.Fra TB2025F/148 [COMPANY] Ef 1,COUNTERPARTY_03903
dc32e04f6a1b41f65a2c160ffabb48d7,COMP_0793,invoice,2026-01-31,2026-01-31,2026-01-31 00:00:00,-159.13,0.0,EUR,EUR,1.0,paid,S.Fra /130 COUNTERPARTY_18906 Ef 1[X]/2026/00917,COUNTERPARTY_18906
ee14fdd8b26f28e8ec798249ff837656,COMP_0793,invoice,2025-04-08,2025-05-08,2025-06-06 00:00:00,-117.71,0.0,EUR,EUR,1.0,paid,S.Fra /328 COUNTERPARTY_48090 Ef 189368,COUNTERPARTY_48090
fa2933dddf5b7ea7f6bfa496b1140ec0,COMP_0001,invoice,2025-05-19,2025-05-19,2025-07-11 00:00:00,15730.0,0.0,EUR,EUR,1.0,paid,N.Fra TB2025F/48 [COMPANY] Ef 1,COUNTERPARTY_03903
fb7a18d9088adc4bd79abc7e292d7490,COMP_0793,invoice,2025-04-30,2025-04-30,2025-04-30 00:00:00,-808.53,0.0,EUR,EUR,1.0,paid,N.Fra TB2025F/153 COUNTERPARTY_04351 Ef 1,COUNTERPARTY_04351
0781ec692ac013dd28f141eba6d3313e,COMP_0793,invoice,2025-12-12,2026-01-11,2026-02-10 00:00:00,-1252.35,0.0,EUR,EUR,1.0,paid,S.Fra /2028 COUNTERPARTY_48090 Ef 191192,COUNTERPARTY_48090
162e4418b2c2fa0cd8151ffd16ca0615,COMP_0793,invoice,2025-05-29,2025-05-29,2025-06-04 00:00:00,123.24,0.0,EUR,EUR,1.0,paid,N.Fra TB2025F/203 COUNTERPARTY_15482 Ef 1,COUNTERPARTY_15482
1924f8309bdfd3e49ee02bc8412087e7,COMP_0001,invoice,2025-07-02,2025-07-02,2025-07-02 00:00:00,-169.4,0.0,EUR,EUR,1.0,paid,S.Fra /137 COUNTERPARTY_23347 Ef 1SC/250.103,COUNTERPARTY_23347
2f27454263e0b911e52fc4d651f69c87,COMP_0793,invoice,2026-01-01,2026-01-31,2026-01-01 00:00:00,-850.29,0.0,EUR,EUR,1.0,paid,S.Fra /82 COUNTERPARTY_10795 Ef 1U67991M,COUNTERPARTY_23778
366049f1656a86229df5e088a8bfe77d,COMP_0793,invoice,2025-11-25,2025-11-25,2025-12-23 00:00:00,3699.7,0.0,EUR,EUR,1.0,paid,N.Fra TB2025F/527 COUNTERPARTY_14508 Ef 1,COUNTERPARTY_14508
4717b4a6dce9e0090aeb7de59113ae7d,COMP_0793,invoice,2025-11-27,2025-11-27,2025-11-27 00:00:00,297.58,0.0,EUR,EUR,1.0,paid,N.Fra TB2025F/554 COUNTERPARTY_51678 Ef 1,COUNTERPARTY_51678
47ab221199b0ad5d1e228ef6a6b7ab90,COMP_0793,invoice,2025-09-05,2025-11-04,2025-09-05 00:00:00,87.12,0.0,EUR,EUR,1.0,paid,S.Fra /1374 COUNTERPARTY_42722 Ef 1AB[NUM],COUNTERPARTY_42722
51ee66ecb4e686c5d2a4304abe2e0657,COMP_0793,invoice,2025-07-17,2025-08-16,2025-07-17 00:00:00,-312.42,0.0,EUR,EUR,1.0,paid,S.Fra /834 COUNTERPARTY_47799 Ef [NUM],COUNTERPARTY_47799
5bf4b15ce2aca815bd32fab7bfe8ce03,COMP_0793,invoice,2026-01-30,2026-01-30,2026-01-30 00:00:00,-1.21,0.0,EUR,EUR,1.0,paid,S.Fra /125 COUNTERPARTY_00061 Ef [REF],COUNTERPARTY_22769
68f52208c4b01b53b0f3952ec666559c,COMP_0793,invoice,2025-04-30,2025-04-30,2025-08-14 00:00:00,97.16,0.0,EUR,EUR,1.0,paid,N.Fra TB2025F/142 COUNTERPARTY_15358 Ef 1,COUNTERPARTY_15358
6a0c5f5af9e6d07e576c1a2d6689165a,COMP_0793,invoice,2025-10-05,2025-11-04,2025-11-05 00:00:00,-813.12,0.0,EUR,EUR,1.0,paid,S.Fra /1650 COUNTERPARTY_18405 Ef 1FVT25-69272,COUNTERPARTY_18405
6c19821e01ced5d2b1c3ac70040956be,COMP_0001,invoice,2025-07-24,2025-07-24,2025-07-24 00:00:00,464.64,0.0,EUR,EUR,1.0,paid,N.Fra TB2025F/110 [COMPANY] Ef 1,COUNTERPARTY_03903
7d600983fbd57ea063a0d357a7b1dde3,COMP_0793,invoice,2025-10-23,2025-11-22,2025-12-11 00:00:00,-663.27,0.0,EUR,EUR,1.0,paid,S.Fra /1688 COUNTERPARTY_48090 Ef 190879,COUNTERPARTY_48090
80b65dfeb82b3b86f15fa063b12ae5ba,COMP_0793,invoice,2025-05-20,2025-06-19,2025-07-10 00:00:00,-786.08,0.0,EUR,EUR,1.0,paid,S.Fra /434 COUNTERPARTY_53295 Ef 1AD682/25,COUNTERPARTY_53295
836ac28430b2ee3cfc755854058fc77e,COMP_0793,invoice,2025-10-30,2025-11-29,2025-11-11 00:00:00,18258.72,0.0,EUR,EUR,1.0,paid,N.Fra TB2025F/493 COUNTERPARTY_49557 Ef 1,COUNTERPARTY_49557
a3f683599fe84203a0ac064a5a1450ac,COMP_0793,invoice,2025-12-01,2025-12-01,2025-12-11 00:00:00,-680.73,0.0,EUR,EUR,1.0,paid,S.Fra /1775 COUNTERPARTY_42909. Ef 125/2870,COUNTERPARTY_42909
b38e207fb36e19e9c50a41fd0e1737ff,COMP_0001,invoice,2026-01-22,2026-02-21,2026-01-30 00:00:00,-196.5,0.0,EUR,EUR,1.0,paid,S.Fra /[COMPANY] Ef 1ZB26-[NUM],COUNTERPARTY_28286
b8d4de776405cba671f6ec1cfa4bcc15,COMP_0793,invoice,2025-04-30,2025-04-30,2025-04-30 00:00:00,9000.0,0.0,EUR,EUR,1.0,paid,N.Fra TB2025F/170 COUNTERPARTY_20173 Ef 1,COUNTERPARTY_48413
bbd363f2badf63715c565b7ee8632810,COMP_0793,invoice,2025-07-01,2025-07-31,2025-07-01 00:00:00,-44.07,0.0,EUR,EUR,1.0,paid,S.Fra /633 COUNTERPARTY_10795 Ef 11D24073L,COUNTERPARTY_23778
db46d4b638d728342611b6a75794a8a7,COMP_0793,invoice,2025-05-29,2025-05-29,2025-05-29 00:00:00,525.62,0.0,EUR,EUR,1.0,paid,N.Fra TB2025F/194 COUNTERPARTY_48877 Ef 1,COUNTERPARTY_48877
e77235284e3b0181c211d28edff3d858,COMP_0793,invoice,2025-09-29,2025-09-29,2025-10-13 00:00:00,-5445.0,0.0,EUR,EUR,1.0,paid,S.Fra /1324 [COMPANY] Ef 1169,COUNTERPARTY_22440
f3809e9363b1d2fbeffffa66a0d5d21c,COMP_0793,invoice,2025-06-17,2025-06-17,2025-06-17 00:00:00,-966.51,0.0,EUR,EUR,1.0,paid,N.Fra [X]/7 COUNTERPARTY_57440 Ef 1,COUNTERPARTY_57440
12ad756dbbd516699be6213a13f7ae2e,COMP_0793,invoice,2025-06-02,2025-06-02,2025-06-02 00:00:00,752.25,0.0,EUR,EUR,1.0,paid,N.Fra TB2025F/219 COUNTERPARTY_15509. Ef 1,COUNTERPARTY_15509
14b8e2e4ff43b092cf8e4d4aed0f83b4,COMP_0793,invoice,2025-11-30,2025-11-30,2025-12-03 00:00:00,-432.48,0.0,EUR,EUR,1.0,paid,S.Fra /1920 COUNTERPARTY_40288 Ef 1TB-2025-F17,COUNTERPARTY_40288
16110cba0e507c27d6244b3b40465835,COMP_0793,invoice,2025-10-31,2025-10-31,2025-11-27 00:00:00,107183.95,0.0,EUR,EUR,1.0,paid,N.Fra TB2025F/499 COUNTERPARTY_48639 Ef 1,COUNTERPARTY_48639
189f28863f3f278856e10846855b4986,COMP_0793,invoice,2026-03-01,2026-03-01,2026-03-01 00:00:00,-29.04,0.0,EUR,EUR,1.0,paid,S.Fra /419 COUNTERPARTY_06745 Ef 19030,COUNTERPARTY_06745
1fd799dee244bf8a7050d6df0b9f7b6c,COMP_0793,invoice,2025-10-07,2025-11-06,2025-11-21 00:00:00,6647.04,0.0,EUR,EUR,1.0,paid,N.Fra TB2025F/442 COUNTERPARTY_59629 Ef 1,COUNTERPARTY_59629
23e4bf3e9451c88d8384e2e448993c5d,COMP_0793,invoice,2025-12-01,2025-12-31,2025-12-01 00:00:00,-2178.0,0.0,EUR,EUR,1.0,paid,S.Fra /1774 COUNTERPARTY_40572 Ef 12025-074,COUNTERPARTY_40572
285dd30138bf6bb7313e986809aec0f4,COMP_0001,invoice,2025-01-14,2025-01-14,2025-01-14 00:00:00,-47.41,0.0,EUR,EUR,1.0,paid,S.Fra /8 COUNTERPARTY_51086 Ef 1ES54LK1AEUI,COUNTERPARTY_51086
3c702f7026ebb4bbb2b53624b9b0c83a,COMP_0793,invoice,2025-07-28,2025-07-28,2025-09-01 00:00:00,17224.64,0.0,EUR,EUR,1.0,paid,N.Fra TB2025F/322 COUNTERPARTY_49692 Ef 1,COUNTERPARTY_49692
3effd6099b13e1c67af82f60b680ec58,COMP_0793,invoice,2025-07-31,2025-08-30,2025-08-20 00:00:00,-46089.07,0.0,EUR,EUR,1.0,paid,S.Fra /991 COUNTERPARTY_18583 Ef [NUM],COUNTERPARTY_18583
4e07e1a1c910d855ac33983f74bce232,COMP_0793,invoice,2025-04-01,2025-05-01,2025-04-01 00:00:00,-44.07,0.0,EUR,EUR,1.0,paid,S.Fra /280 COUNTERPARTY_10795 Ef 11C81248L,COUNTERPARTY_23778
570e49575d601a92497f7ae1ce1f1e1a,COMP_0793,invoice,2025-07-27,2025-07-26,2025-09-03 00:00:00,87588.2,0.0,EUR,EUR,1.0,paid,N.Fra TB2025F/300 COUNTERPARTY_48298 Ef 1,COUNTERPARTY_48298
5e76ca217e881e2cf8923e5036fedf55,COMP_0793,invoice,2025-06-09,2025-07-09,2025-06-13 00:00:00,-230.97,0.0,EUR,EUR,1.0,paid,S.Fra /592 COUNTERPARTY_18477 Ef [NUM]/AV,COUNTERPARTY_31747
6a547b85e5586241f714dae63d6c8150,COMP_0793,invoice,2025-10-27,2025-10-27,2025-11-04 00:00:00,35783.49,0.0,EUR,EUR,1.0,paid,N.Fra TB2025F/454 COUNTERPARTY_47852 Ef 1,COUNTERPARTY_47852
8068ed0d351f402d650daf305e7cda89,COMP_0793,invoice,2026-02-26,2026-02-26,2026-03-04 00:00:00,253.02,0.0,EUR,EUR,1.0,paid,N.Fra TB2026F/136 COUNTERPARTY_06305 Ef 1,COUNTERPARTY_06305
911d0d805115bb0d89c03e6098dd2715,COMP_0793,invoice,2025-10-28,2025-10-28,2025-10-28 00:00:00,567.49,0.0,EUR,EUR,1.0,paid,N.Fra TB2025F/470 COUNTERPARTY_33572 Ef 1,COUNTERPARTY_33572
97863a496cdeca9704f950f87f33d2e7,COMP_0793,invoice,2025-10-24,2025-10-24,2025-10-24 00:00:00,-1248.04,0.0,EUR,EUR,1.0,paid,S.Fra /1692 COUNTERPARTY_07783 Ef [NUM],COUNTERPARTY_49066
9a327c30584c1df39f41f71fe05fd363,COMP_0793,invoice,2025-10-22,2025-10-22,2025-11-07 00:00:00,-409.06,0.0,EUR,EUR,1.0,paid,S.Fra /1621 [COMPANY] Ef 1174,COUNTERPARTY_22440
9fbd8f132e546f4d1acd4780b30d2b4d,COMP_0001,invoice,2025-08-25,2025-09-24,2025-08-25 00:00:00,-14520.0,0.0,EUR,EUR,1.0,paid,S.Fra /173 COUNTERPARTY_09820 Ef 12,COUNTERPARTY_09820
ae63a4a5ed77162df2ee8691c84a6d1f,COMP_0793,invoice,2026-02-23,2026-02-23,2026-03-02 00:00:00,-3630.0,0.0,EUR,EUR,1.0,paid,S.Fra /311 COUNTERPARTY_15356 Ef 14,COUNTERPARTY_22140
bd8dd5ece42489d6d984c8edabb62c62,COMP_0793,invoice,2025-08-24,2025-09-23,2025-08-24 00:00:00,-362.92,0.0,EUR,EUR,1.0,paid,S.Fra /1053 COUNTERPARTY_62535 Ef 176591,COUNTERPARTY_62535
c1b5f5739b92892a3c71a92d6e9b58db,COMP_0793,invoice,2025-08-05,2025-09-04,2025-08-25 00:00:00,-705.83,0.0,EUR,EUR,1.0,paid,S.Fra /996 COUNTERPARTY_18583 Ef [NUM],COUNTERPARTY_18583
c70ea0c5b344ba70d05a61cf1efbe765,COMP_0793,invoice,2025-10-31,2025-10-31,2025-12-11 00:00:00,-66.55,0.0,EUR,EUR,1.0,paid,S.Fra /1713 COUNTERPARTY_17313 Ef 129823,COUNTERPARTY_17313
cbd2a5c76beca42ebaf544c2d5087d37,COMP_0793,invoice,2025-06-23,2025-06-23,2025-06-27 00:00:00,-405.35,0.0,EUR,EUR,1.0,paid,S.Fra /616 COUNTERPARTY_50141 Ef 102[X],COUNTERPARTY_50141
e106dac81931511fef3347b3ed10e9d9,COMP_0793,invoice,2025-08-24,2025-08-23,2025-09-08 00:00:00,11421.65,0.0,EUR,EUR,1.0,paid,N.Fra TB2025F/347 COUNTERPARTY_48639 Ef 1,COUNTERPARTY_48639
ff7c75bbd3797837285a9c6ff64e6291,COMP_0793,invoice,2025-04-10,2025-05-10,2025-04-10 00:00:00,-184.89,0.0,EUR,EUR,1.0,paid,S.Fra /341 COUNTERPARTY_02692 Ef 125FF100551,COUNTERPARTY_50210
01344e27eca339f34eb0e6d6ba1d5501,COMP_0793,invoice,2025-07-24,2025-07-24,2025-07-24 00:00:00,-963.18,0.0,EUR,EUR,1.0,paid,S.Fra /868 [COMPANY] Ef 193,COUNTERPARTY_22440
07c540b52d53c9f884ab4b988044e06a,COMP_0793,invoice,2025-10-28,2025-12-27,2025-10-28 00:00:00,-805.53,0.0,EUR,EUR,1.0,paid,S.Fra /1694 COUNTERPARTY_42722 Ef 1F[NUM],COUNTERPARTY_42722
126b0c396553bead4ac5fa50e01560c9,COMP_0793,invoice,2025-06-26,2025-06-26,2025-06-26 00:00:00,198.38,0.0,EUR,EUR,1.0,paid,N.Fra TB2025F/274 COUNTERPARTY_51678 Ef 1,COUNTERPARTY_51678
438a12668c01eb693dd43ca8148ed30f,COMP_0793,invoice,2025-06-27,2025-06-27,2025-07-10 00:00:00,-3630.0,0.0,EUR,EUR,1.0,paid,S.Fra /675 [COMPANY] Ef 180,COUNTERPARTY_22440
462002b8e4bd936966ad264049e7d14a,COMP_0793,invoice,2025-08-24,2025-08-23,2025-10-01 00:00:00,6452.11,0.0,EUR,EUR,1.0,paid,N.Fra TB2025F/348 COUNTERPARTY_49692 Ef 1,COUNTERPARTY_49692
4c6162ef2009198e96c8a6fc359b96e8,COMP_0793,invoice,2025-07-28,2025-07-28,2025-09-15 00:00:00,15105.99,0.0,EUR,EUR,1.0,paid,N.Fra TB2025F/308 COUNTERPARTY_49391 Ef 1,COUNTERPARTY_49391
4cb164da3c2a728f9891b2bba0fa451b,COMP_0793,invoice,2025-10-28,2025-11-27,2025-11-07 00:00:00,-65.99,0.0,EUR,EUR,1.0,paid,S.Fra /1523 COUNTERPARTY_07226 Ef 1ES51[X],COUNTERPARTY_18040
4e6571ca8dd6b094e40fb49bd091fbc3,COMP_0793,invoice,2025-06-03,2025-06-03,2025-06-03 00:00:00,3872.0,0.0,EUR,EUR,1.0,paid,N.Fra TB2025F/220 COUNTERPARTY_36531 Ef 1,COUNTERPARTY_36531
4e844310c4006b007ed2fa63818f8800,COMP_0793,invoice,2025-04-16,2025-05-16,2025-06-06 00:00:00,-242.0,0.0,EUR,EUR,1.0,paid,S.Fra /368 COUNTERPARTY_62598 Ef 1654,COUNTERPARTY_62598
51964a12816a6bb0fe1344680efb0678,COMP_0001,invoice,2025-10-22,2025-10-22,2025-10-22 00:00:00,-7260.01,0.0,EUR,EUR,1.0,paid,S.Fra /199 COUNTERPARTY_08037 Ef 117,COUNTERPARTY_08037
541b4f65a834cdc2a0d7c7e095ac017f,COMP_0793,invoice,2025-12-23,2025-12-23,2025-12-31 00:00:00,35783.49,0.0,EUR,EUR,1.0,paid,N.Fra TB2025F/601 COUNTERPARTY_47852 Ef 1,COUNTERPARTY_47852
7eb1c575af27710c25ca10b04627b2f9,COMP_0793,invoice,2026-03-01,2026-03-01,2026-03-01 00:00:00,-29.04,0.0,EUR,EUR,1.0,paid,S.Fra /420 COUNTERPARTY_06745 Ef 18282,COUNTERPARTY_06745
7f02978f759075c596a910a442a3e232,COMP_0793,invoice,2025-06-05,2025-07-05,2025-07-07 00:00:00,-195.11,0.0,EUR,EUR,1.0,paid,S.Fra /589 COUNTERPARTY_23748 Ef 1FV[NUM],COUNTERPARTY_23748
830ce90c9010557b52d4fc75df3579bb,COMP_0793,invoice,2025-08-28,2025-10-27,2025-08-28 00:00:00,-327.45,0.0,EUR,EUR,1.0,paid,S.Fra /1156 COUNTERPARTY_42722 Ef 1F[NUM],COUNTERPARTY_42722
8e2786b32d9c7d5ac380e5256df467a9,COMP_0793,invoice,2025-12-15,2025-12-15,2025-12-31 00:00:00,239.93,0.0,EUR,EUR,1.0,paid,N.Fra TB2025F/574 COUNTERPARTY_06113 Ef 1,COUNTERPARTY_06113
8f206e27e5c5a2700363b52c58f17851,COMP_0793,invoice,2025-09-24,2025-10-24,2025-11-07 00:00:00,-17424.0,0.0,EUR,EUR,1.0,paid,S.Fra /1287 COUNTERPARTY_57323 Ef 1BIL[NUM],COUNTERPARTY_57323
99483b2b984e18492b0ecaa78694430d,COMP_0793,invoice,2025-07-24,2025-07-24,2025-07-24 00:00:00,-14520.0,0.0,EUR,EUR,1.0,paid,S.Fra /864 [COMPANY] Ef 1122,COUNTERPARTY_22440
a7960b08fc7d23a6b5a490c35e436d46,COMP_0793,invoice,2025-10-22,2025-10-22,2025-11-07 00:00:00,-410.58,0.0,EUR,EUR,1.0,paid,S.Fra /1730 [COMPANY] Ef 1176,COUNTERPARTY_22440
a91ae48879cf5119e478b4f59ca7fa32,COMP_0793,invoice,2025-04-30,2025-04-30,2025-05-28 00:00:00,20249.74,0.0,EUR,EUR,1.0,paid,N.Fra TB2025F/164 COUNTERPARTY_48639 Ef 1,COUNTERPARTY_48639
b0bf5f924d564440fe20d0805e896f17,COMP_0793,invoice,2025-10-31,2025-11-30,2025-11-03 00:00:00,-153.98,0.0,EUR,EUR,1.0,paid,S.Fra /1526 COUNTERPARTY_07226 Ef 1ES51[X]8ABEI,COUNTERPARTY_18040
bf29f2ce9dbe5c3cd740651050a501bb,COMP_0793,invoice,2025-07-01,2025-07-31,2025-07-01 00:00:00,-44.07,0.0,EUR,EUR,1.0,paid,S.Fra /634 COUNTERPARTY_10795 Ef 11D24909L,COUNTERPARTY_23778
c34da6c47aa9c31de3156fd7d005cc66,COMP_0793,invoice,2025-04-30,2025-04-30,2025-04-30 00:00:00,264.52,0.0,EUR,EUR,1.0,paid,N.Fra TB2025F/159 COUNTERPARTY_51678 Ef 1,COUNTERPARTY_51678
d17c870f50e2e52a2d65ffffa337527c,COMP_0793,invoice,2025-09-16,2025-10-16,2025-09-16 00:00:00,-45.56,0.0,EUR,EUR,1.0,paid,S.Fra /1381 COUNTERPARTY_33224 Ef [NUM],COUNTERPARTY_35897
d1d27dd63399657dfea3c17482ff2ec5,COMP_0793,invoice,2025-04-30,2025-04-30,2025-05-09 00:00:00,1072.22,0.0,EUR,EUR,1.0,paid,N.Fra TB2025F/149 COUNTERPARTY_14912 Ef 1,COUNTERPARTY_14912
e725da8332eacbb7ca110716b9a12859,COMP_0793,invoice,2024-12-04,2024-12-04,2025-01-06 00:00:00,-395.54,0.0,EUR,EUR,1.0,paid,S.Fra /158 [COMPANY] Ef 16,COUNTERPARTY_22440
f84dbcbea97567cf0ab8528fac97e039,COMP_0793,invoice,2025-10-22,2025-10-22,2025-11-07 00:00:00,-5082.0,0.0,EUR,EUR,1.0,paid,S.Fra /1615 [COMPANY] Ef 1178,COUNTERPARTY_22440
00cb3ef812af7150f503cd56b7f38e01,COMP_0793,invoice,2025-04-30,2025-05-30,2025-05-30 00:00:00,-299.18,0.0,EUR,EUR,1.0,paid,S.Fra /400 COUNTERPARTY_23805 Ef [NUM],COUNTERPARTY_23805
17de51505299383c5f12e3be8e62dfc3,COMP_0793,invoice,2025-05-30,2025-06-29,2025-08-11 00:00:00,-24169.75,0.0,EUR,EUR,1.0,paid,S.Fra /586 COUNTERPARTY_07215 Ef 196,COUNTERPARTY_07215
1d694626e5fda5f83b0df4164a1d0fbc,COMP_0793,invoice,2025-06-26,2025-07-26,2025-06-26 00:00:00,-119.22,0.0,EUR,EUR,1.0,paid,S.Fra /670 COUNTERPARTY_34270 Ef 1IN/2025/09217,COUNTERPARTY_34270
256ca35a38aa87b951aff2108ec3ac5c,COMP_0793,invoice,2025-08-24,2025-08-23,2025-10-01 00:00:00,17008.76,0.0,EUR,EUR,1.0,paid,N.Fra TB2025F/350 COUNTERPARTY_49692 Ef 1,COUNTERPARTY_49692
35b76b82bb63dd3becc934ca517c99b1,COMP_0793,invoice,2025-06-26,2025-06-26,2025-06-26 00:00:00,593.59,0.0,EUR,EUR,1.0,paid,N.Fra TB2025F/270 COUNTERPARTY_04351 Ef 1,COUNTERPARTY_04351
416a1d3c7dbfd6859199440ef4e53963,COMP_0793,invoice,2025-07-27,2025-07-26,2025-08-25 00:00:00,41597.5,0.0,EUR,EUR,1.0,paid,N.Fra TB2025F/298 COUNTERPARTY_19200 Ef 1,COUNTERPARTY_19200
44e26a3dd28316a8e35494305eb0d019,COMP_0793,invoice,2025-08-17,2025-08-17,2025-10-13 00:00:00,-7260.0,0.0,EUR,EUR,1.0,paid,S.Fra /1189 [COMPANY] Ef 1144,COUNTERPARTY_22440
5781a1c9b76fe40827195ea52eb6a2ab,COMP_0793,invoice,2025-06-30,2025-06-30,2025-07-10 00:00:00,-222.92,0.0,EUR,EUR,1.0,paid,S.Fra /682 [COMPANY] Ef 182,COUNTERPARTY_22440
68aae9f13c0fe86622913b15bdfe8c2e,COMP_0001,invoice,2025-08-17,2025-08-16,2025-10-14 00:00:00,9075.0,0.0,EUR,EUR,1.0,paid,N.Fra TB2025F/140 [COMPANY] Ef 1,COUNTERPARTY_03903
864f2fdab093583006dc76a0ee2b77ab,COMP_0001,invoice,2025-09-29,2025-09-29,2025-10-14 00:00:00,5445.0,0.0,EUR,EUR,1.0,paid,N.Fra TB2025F/169 [COMPANY] Ef 1,COUNTERPARTY_03903
895aba63a838ca28da8e05d787f1d344,COMP_0793,invoice,2025-09-29,2025-09-29,2025-10-02 00:00:00,590.79,0.0,EUR,EUR,1.0,paid,N.Fra TB2025F/422 COUNTERPARTY_04351 Ef 1,COUNTERPARTY_04351
8f7a7ddb80e5ae3ac438634d8dd19e26,COMP_0793,invoice,2025-11-03,2025-11-03,2025-11-05 00:00:00,-425.06,0.0,EUR,EUR,1.0,paid,S.Fra /1740 COUNTERPARTY_17694 Ef 125/001,COUNTERPARTY_17694
9089433c3cd28e1aacca0473b39b0b31,COMP_0793,invoice,2025-04-24,2025-05-24,2025-05-19 00:00:00,18033.49,0.0,EUR,EUR,1.0,paid,N.Fra TB2025F/133 COUNTERPARTY_54687 Ef 1,COUNTERPARTY_54687
a340ce9a2a7ac0bd692dd26fb303463c,COMP_0793,invoice,2025-07-21,2025-08-20,2025-07-21 00:00:00,-1857.35,0.0,EUR,EUR,1.0,paid,S.Fra /934 COUNTERPARTY_50051. Ef 1S01/10393,COUNTERPARTY_50051
a60a0b73e727104e8c5d3f6115676600,COMP_0793,invoice,2025-10-01,2025-10-01,2025-10-23 00:00:00,34190.14,0.0,EUR,EUR,1.0,paid,N.Fra TB2025F/428 COUNTERPARTY_48639 Ef 1,COUNTERPARTY_48639
b0bcfac90cd84fe2d19d76ee9ed6056f,COMP_0793,invoice,2025-03-31,2025-04-30,2025-05-06 00:00:00,-221.43,0.0,EUR,EUR,1.0,paid,S.Fra /294 COUNTERPARTY_27660 Ef 1A/25140,COUNTERPARTY_27660
beae23f1d1e02022cb137907b2852211,COMP_0793,invoice,2025-05-31,2025-06-30,2025-07-28 00:00:00,-155.75,0.0,EUR,EUR,1.0,paid,S.Fra /483 COUNTERPARTY_10436 Ef 1FA122205,COUNTERPARTY_10436
c75f27779dd469371fc34ac36bd41118,COMP_0001,invoice,2025-05-23,2025-06-21,2025-05-23 00:00:00,-149.46,0.0,EUR,EUR,1.0,paid,S.Fra /94 COUNTERPARTY_01023 Ef [REF],COUNTERPARTY_49480
cb9c149face154e070bc5a400f297d1c,COMP_0793,invoice,2025-10-01,2025-10-31,2025-10-01 00:00:00,-44.07,0.0,EUR,EUR,1.0,paid,S.Fra /1425 COUNTERPARTY_10795 Ef 11D63342L,COUNTERPARTY_23778
d0b9dde58c4de5df02773e4341dd857b,COMP_0793,invoice,2025-06-11,2025-07-11,2025-08-11 00:00:00,-276.42,0.0,EUR,EUR,1.0,paid,S.Fra /594 COUNTERPARTY_22217 Ef 1000/[NUM],COUNTERPARTY_22217
d209584e436636124fad9e799f960f6c,COMP_0793,invoice,2025-09-14,2025-10-14,2025-10-14 00:00:00,-318.3,0.0,EUR,EUR,1.0,paid,S.Fra /1377 COUNTERPARTY_18405 Ef 1FVT25-63349,COUNTERPARTY_18405
e3483846faaf10807ea9d55b95fb9ff2,COMP_0793,invoice,2025-09-17,2025-10-17,2025-11-07 00:00:00,-429.3,0.0,EUR,EUR,1.0,paid,S.Fra /1383 COUNTERPARTY_48090 Ef 190608,COUNTERPARTY_48090
e39817a2ea23d91f47147d68801b3403,COMP_0793,invoice,2025-11-28,2025-11-28,2026-02-03 00:00:00,203.93,0.0,EUR,EUR,1.0,paid,N.Fra TB2025F/571 COUNTERPARTY_10380 Ef 1,COUNTERPARTY_10380
e59daf034b54fc8ece66ba5b48a8583d,COMP_0793,invoice,2025-10-06,2025-10-06,2025-10-10 00:00:00,-10.16,0.0,EUR,EUR,1.0,paid,S.Fra /[COMPANY] Ef [REF],COUNTERPARTY_47950
e5be9686541d8224a3f374276553ff3d,COMP_0793,invoice,2025-11-25,2025-11-25,2025-12-15 00:00:00,17031.27,0.0,EUR,EUR,1.0,paid,N.Fra TB2025F/518 COUNTERPARTY_49391 Ef 1,COUNTERPARTY_49391
f0e7eae7fa42d2a9dcfc7377136a4c38,COMP_0793,invoice,2025-11-27,2025-11-27,2025-12-11 00:00:00,-3630.0,0.0,EUR,EUR,1.0,paid,S.Fra /1769 COUNTERPARTY_15356 Ef 127,COUNTERPARTY_22140
f3ed07b35ce2230dd6b5a454a0e7fb0d,COMP_0793,invoice,2025-06-26,2025-06-26,2025-06-26 00:00:00,9000.0,0.0,EUR,EUR,1.0,paid,N.Fra TB2025F/258 COUNTERPARTY_20173 Ef 1,COUNTERPARTY_48413
f99190bede95f1e17ce6fcebcc550c6c,COMP_0001,invoice,2025-08-17,2025-08-16,2025-09-11 00:00:00,6050.0,0.0,EUR,EUR,1.0,paid,N.Fra TB2025F/146 [COMPANY] Ef 1,COUNTERPARTY_03903
fab8522b67738e4ecd698b0b4d46a896,COMP_0793,invoice,2025-09-15,2025-10-15,2025-11-07 00:00:00,-254.58,0.0,EUR,EUR,1.0,paid,S.Fra /1379 COUNTERPARTY_48443 Ef [NUM],COUNTERPARTY_48443
1afd6372b1e2ae9ad411f97d78c0c704,COMP_0793,invoice,2025-10-28,2025-10-28,2025-10-28 00:00:00,217.51,0.0,EUR,EUR,1.0,paid,N.Fra TB2025F/482 COUNTERPARTY_04788 Ef 1,COUNTERPARTY_04788
276c0b614b7596fefd9db550da7a44d7,COMP_0793,invoice,2025-10-07,2025-11-06,2025-11-07 00:00:00,-771.74,0.0,EUR,EUR,1.0,paid,S.Fra /1665 COUNTERPARTY_62810 Ef 1A[NUM],COUNTERPARTY_62810
318b8b9825e59484bd311f1a2ed3cedd,COMP_0793,invoice,2025-10-03,2025-10-03,2025-10-03 00:00:00,-2448.0,0.0,EUR,EUR,1.0,paid,S.Fra /1297 COUNTERPARTY_16268. Ef 1TB-2025-F34,COUNTERPARTY_16268
34fad72e86e4da7f0c30470e4f4555d1,COMP_0793,invoice,2025-07-24,2025-07-24,2025-07-24 00:00:00,-726.0,0.0,EUR,EUR,1.0,paid,S.Fra /838 [COMPANY] Ef 1105,COUNTERPARTY_22440
3a6b45616348034ab27b21db46348b6b,COMP_0793,invoice,2025-10-13,2025-11-12,2025-11-05 00:00:00,1223.94,0.0,EUR,EUR,1.0,paid,N.Fra TB2025F/446 COUNTERPARTY_05961 Ef 1,COUNTERPARTY_05961
3c7a6772242f75978d3ffbbbb3cff478,COMP_0793,invoice,2025-11-27,2025-11-27,2025-11-27 00:00:00,139.16,0.0,EUR,EUR,1.0,paid,N.Fra TB2025F/551 COUNTERPARTY_15482 Ef 1,COUNTERPARTY_15482
3e48bd82c5b8c455ed87a3e640101c87,COMP_0793,invoice,2025-09-29,2025-09-29,2025-10-13 00:00:00,-15125.0,0.0,EUR,EUR,1.0,paid,S.Fra /1446 [COMPANY] Ef 1171,COUNTERPARTY_22440
4b6e8d0f1b7550a04d76a210a0a3a109,COMP_0001,invoice,2025-08-22,2025-09-21,2025-08-29 00:00:00,-194.11,0.0,EUR,EUR,1.0,paid,S.Fra /[COMPANY] Ef 1ZB25-[NUM],COUNTERPARTY_28286
5975395d5bf91db32c2c1779120fd594,COMP_0793,invoice,2025-07-27,2025-07-26,2025-07-15 00:00:00,9000.0,0.0,EUR,EUR,1.0,paid,N.Fra TB2025F/299 COUNTERPARTY_20173 Ef 1,COUNTERPARTY_48413
5feb4ffe6549c964274f42f67243323c,COMP_0793,invoice,2025-12-23,2025-12-23,2026-02-02 00:00:00,13515.4,0.0,EUR,EUR,1.0,paid,N.Fra TB2025F/590 COUNTERPARTY_49692 Ef 1,COUNTERPARTY_49692
61ceb0e045798dd2035010792ab17cb3,COMP_0793,invoice,2025-09-02,2025-09-02,2025-09-02 00:00:00,261.42,0.0,EUR,EUR,1.0,paid,N.Fra TB2025F/376 COUNTERPARTY_14912 Ef 1,COUNTERPARTY_14912
65c2c1e0c0c0d6c8563d378ce31bf45b,COMP_0793,invoice,2025-04-10,2025-05-10,2025-04-10 00:00:00,-184.89,0.0,EUR,EUR,1.0,paid,S.Fra /340 COUNTERPARTY_02692 Ef 125FF100552,COUNTERPARTY_50210
75553b9ddeaee144395601ad5900d78e,COMP_0793,invoice,2025-06-01,2025-06-01,2025-06-01 00:00:00,-29.04,0.0,EUR,EUR,1.0,paid,S.Fra /510 COUNTERPARTY_06745 Ef [NUM],COUNTERPARTY_06745
831917e1f8098f6bd4b81965248a1150,COMP_0793,invoice,2025-09-30,2025-10-30,2025-10-30 00:00:00,-43.95,0.0,EUR,EUR,1.0,paid,S.Fra /1412 COUNTERPARTY_23748 Ef 1FV[NUM],COUNTERPARTY_23748
90a615a7b377817ba75af43b93f9c90a,COMP_0001,invoice,2025-10-31,2025-11-30,2025-11-05 00:00:00,-212.63,0.0,EUR,EUR,1.0,paid,S.Fra /205 COUNTERPARTY_23347 Ef 1RR/250.674,COUNTERPARTY_23347
9169feddadccdc6cbc516e661b523614,COMP_0001,invoice,2025-04-30,2025-05-20,2025-04-30 00:00:00,-56.68,0.0,EUR,EUR,1.0,paid,S.Fra /107 COUNTERPARTY_51811 Ef 1CI[NUM]-0425,COUNTERPARTY_51811
92ab8b736ac5990f92bf9fd3e4239018,COMP_0001,invoice,2025-01-04,2025-02-20,2025-01-04 00:00:00,-13.3,0.0,EUR,EUR,1.0,paid,S.Fra /7 COUNTERPARTY_51086 Ef 1DS-AEU-INV-ES-2025-[NUM],COUNTERPARTY_51086
a0633a2ec878ccc132ab41ddb921093c,COMP_0793,invoice,2025-10-09,2025-11-08,2025-12-11 00:00:00,-821.59,0.0,EUR,EUR,1.0,paid,S.Fra /1675 COUNTERPARTY_53905 Ef 156.212,COUNTERPARTY_53905
a97bd2f2009de1a8bedc37b9ebd89cbc,COMP_0001,invoice,2026-02-03,2026-02-03,2026-02-09 00:00:00,512.12,0.0,EUR,EUR,1.0,paid,N.Fra TB2026F/11 COUNTERPARTY_21959 Ef 1,COUNTERPARTY_62881
b0d9307c32bc14182edebd7caf080e90,COMP_0793,invoice,2025-09-02,2025-09-02,2025-09-17 00:00:00,76.4,0.0,EUR,EUR,1.0,paid,N.Fra TB2025F/378 COUNTERPARTY_15482 Ef 1,COUNTERPARTY_15482
bb8fd144170fea8ed859b7592e583bb2,COMP_0793,invoice,2025-04-14,2025-05-14,2025-06-06 00:00:00,-1535.99,0.0,EUR,EUR,1.0,paid,S.Fra /333 COUNTERPARTY_47596 Ef 1FV2025-0092,COUNTERPARTY_47596
bd50af1c43e04c3d4eb68b71a0cebee3,COMP_0793,invoice,2025-09-30,2025-09-30,2025-10-13 00:00:00,-217.29,0.0,EUR,EUR,1.0,paid,S.Fra /1471 COUNTERPARTY_31602 Ef 123B/[TAXID],COUNTERPARTY_31602
d3348e1dde237f8adfe67b828b32dec1,COMP_0793,invoice,2025-05-27,2025-06-26,2025-07-10 00:00:00,-647.94,0.0,EUR,EUR,1.0,paid,S.Fra /469 COUNTERPARTY_48090 Ef 189688,COUNTERPARTY_48090
d615cf530597b44f2cbe927ae7e56f64,COMP_0793,invoice,2025-10-24,2025-10-24,2025-10-24 00:00:00,-1.09,0.0,EUR,EUR,1.0,paid,S.Fra /[COMPANY] Ef [REF],COUNTERPARTY_47950
e0e2979b60c99b57232b98719820d26d,COMP_0793,invoice,2025-12-23,2025-12-23,2025-12-23 00:00:00,-318.85,0.0,EUR,EUR,1.0,paid,S.Fra /2070 COUNTERPARTY_50141 Ef 10263NA6,COUNTERPARTY_50141
e23d1670a383311d068f3eec5173b868,COMP_0001,invoice,2025-02-04,2025-03-20,2025-02-04 00:00:00,-33.48,0.0,EUR,EUR,1.0,paid,S.Fra /19 COUNTERPARTY_51086 Ef 1DS-AEU-INV-ES-2025-[NUM],COUNTERPARTY_51086
f73e7df124e7b9192f943775c08015b8,COMP_0793,invoice,2025-07-24,2025-07-24,2025-07-24 00:00:00,-399.28,0.0,EUR,EUR,1.0,paid,S.Fra /840 [COMPANY] Ef 195,COUNTERPARTY_22440
f92482d530d9a4c3927d0625c449d99a,COMP_0793,invoice,2025-06-04,2025-06-04,2025-06-04 00:00:00,-133.58,0.0,EUR,EUR,1.0,paid,S.Fra /640 COUNTERPARTY_10301 Ef 1FV[NUM],COUNTERPARTY_10301
0dbe01ed2203b06c7480f05d0bf6c278,COMP_0793,invoice,2025-09-29,2025-09-29,2025-09-29 00:00:00,94.13,0.0,EUR,EUR,1.0,paid,N.Fra TB2025F/412 COUNTERPARTY_15358 Ef 1,COUNTERPARTY_15358
0f5b32dbed495a800d1654ec3485be44,COMP_0793,invoice,2025-12-23,2025-12-23,2025-12-23 00:00:00,17224.93,0.0,EUR,EUR,1.0,paid,N.Fra TB2025F/600 COUNTERPARTY_49391 Ef 1,COUNTERPARTY_49391
104aceb324db889368e27f4d9ed688f3,COMP_0793,invoice,2025-06-12,2025-06-12,2025-07-10 00:00:00,-2861.16,0.0,EUR,EUR,1.0,paid,S.Fra /541 COUNTERPARTY_27064 Ef 1F25/0203,COUNTERPARTY_47459
168f694c619893a47fb17f6b7c3075d7,COMP_0793,invoice,2025-07-10,2025-08-09,2025-07-10 00:00:00,-522.72,0.0,EUR,EUR,1.0,paid,S.Fra /768 COUNTERPARTY_30566 Ef [NUM],COUNTERPARTY_30566
17247c2f71b7bf592bdaa05ee2e92f04,COMP_0793,invoice,2025-10-23,2025-10-23,2025-11-07 00:00:00,-190.8,0.0,EUR,EUR,1.0,paid,S.Fra /1624 COUNTERPARTY_54547 Ef 1F/2025/9,COUNTERPARTY_54547
1aa8857081abe99f8522bb2e9290477d,COMP_0793,invoice,2025-10-17,2025-11-16,2025-12-11 00:00:00,-2613.6,0.0,EUR,EUR,1.0,paid,S.Fra /1609 COUNTERPARTY_57323 Ef [NUM],COUNTERPARTY_57323
29ef7f6e5d5db4eb2d201619ab3c09cf,COMP_0001,invoice,2025-07-24,2025-07-24,2025-07-24 00:00:00,1530.17,0.0,EUR,EUR,1.0,paid,N.Fra TB2025F/92 [COMPANY] Ef 1,COUNTERPARTY_03903
2e2120395a766f79fb4f12d83e0224f8,COMP_0793,invoice,2025-06-30,2025-06-30,2025-07-10 00:00:00,-424.09,0.0,EUR,EUR,1.0,paid,S.Fra /689 [COMPANY] Ef 183,COUNTERPARTY_22440
3735fb5d5e1781e0621a6201902ac018,COMP_0793,invoice,2025-06-23,2025-07-23,2025-08-11 00:00:00,-713.54,0.0,EUR,EUR,1.0,paid,S.Fra /617 COUNTERPARTY_48090 Ef 189924,COUNTERPARTY_48090
468a869a68a76d39ad40ec04c39d438b,COMP_0793,invoice,2025-04-30,2025-05-30,2025-05-12 00:00:00,1350.72,0.0,EUR,EUR,1.0,paid,N.Fra TB2025F/162 COUNTERPARTY_49557 Ef 1,COUNTERPARTY_49557
58a077a56e9c1a4646fd4f2f5f4fbbb3,COMP_0793,invoice,2025-12-31,2026-01-30,2026-02-10 00:00:00,-24169.75,0.0,EUR,EUR,1.0,paid,S.Fra /2072 COUNTERPARTY_07215 Ef 1302,COUNTERPARTY_07215
5c5c200c83ed95a4c86a22d9b0f5c262,COMP_0793,invoice,2025-07-24,2025-08-23,2025-07-24 00:00:00,-9075.0,0.0,EUR,EUR,1.0,paid,S.Fra /824 [COMPANY] Ef 1131,COUNTERPARTY_22440
606babde1a5e668c8b39feb2273be1b1,COMP_0793,invoice,2025-05-19,2025-05-19,2025-06-24 00:00:00,-4840.0,0.0,EUR,EUR,1.0,paid,S.Fra /441 [COMPANY] Ef 143,COUNTERPARTY_22440
6cdf4125b20a361c66bc5195774233d2,COMP_0793,invoice,2025-10-31,2025-12-30,2025-10-31 00:00:00,-147.37,0.0,EUR,EUR,1.0,paid,S.Fra /1710 COUNTERPARTY_42722 Ef 1F[NUM],COUNTERPARTY_42722
6f929ddba10c0466fbdf76f3a832dbbc,COMP_0793,invoice,2026-02-26,2026-02-26,2026-02-27 00:00:00,-432.48,0.0,EUR,EUR,1.0,paid,S.Fra /418 COUNTERPARTY_40288 Ef 1:TB-2026-F2,COUNTERPARTY_40288
7784ac1761b78b7380d908d505797c11,COMP_0793,invoice,2025-06-30,2025-07-30,2025-08-11 00:00:00,-177.87,0.0,EUR,EUR,1.0,paid,S.Fra /712 COUNTERPARTY_27660 Ef 1A/25327,COUNTERPARTY_27660
7cd3a14b8dd2670b5097cfb0cbbe578a,COMP_0793,invoice,2026-01-09,2026-01-09,2026-01-09 00:00:00,-900.0,0.0,EUR,EUR,1.0,paid,S.Fra /92 COUNTERPARTY_59117 Ef 11,COUNTERPARTY_59117
7e2321d6720bf30c03df8eab0527d412,COMP_0793,invoice,2025-04-30,2025-04-30,2025-05-06 00:00:00,-15730.0,0.0,EUR,EUR,1.0,paid,S.Fra /373 [COMPANY] Ef 140,COUNTERPARTY_22440
8fe7c8fa6175f8831316b8f1e37c58ec,COMP_0793,invoice,2025-06-20,2025-06-20,2025-07-10 00:00:00,-1470.71,0.0,EUR,EUR,1.0,paid,S.Fra /549 COUNTERPARTY_42909. Ef 125/1215,COUNTERPARTY_42909
b88ab61c547fbaf244bf7c8f7dd98bb0,COMP_0793,invoice,2025-06-12,2025-06-12,2025-06-12 00:00:00,-1028.5,0.0,EUR,EUR,1.0,paid,S.Fra /658 COUNTERPARTY_07284 Ef 11.783,COUNTERPARTY_07284
bc022632204d7db5277b38225c07ad78,COMP_0793,invoice,2025-08-01,2025-08-01,2025-08-11 00:00:00,-1590.0,0.0,EUR,EUR,1.0,paid,S.Fra /946 COUNTERPARTY_63000 Ef 184/2025,COUNTERPARTY_63000
bf36d31457ae2c9496961de2aff021ce,COMP_0793,invoice,2025-11-28,2025-12-28,2026-01-12 00:00:00,-146.41,0.0,EUR,EUR,1.0,paid,S.Fra /1882 COUNTERPARTY_50327 Ef [NUM],COUNTERPARTY_50327
d08cef38126c584f37972013da3751b1,COMP_0793,invoice,2026-01-15,2026-02-14,2026-02-10 00:00:00,-179.44,0.0,EUR,EUR,1.0,paid,S.Fra /103 COUNTERPARTY_48443 Ef [NUM],COUNTERPARTY_48443
d33bac56e0b7370f330fce006723fe2c,COMP_0793,invoice,2025-10-22,2025-10-22,2025-10-22 00:00:00,867.29,0.0,EUR,EUR,1.0,paid,N.Fra TB2025F/450 COUNTERPARTY_18367 Ef 1,COUNTERPARTY_18367
d5a2dfca325ace130f4e3034a7a7b5c0,COMP_0793,invoice,2025-12-31,2025-12-31,2026-01-02 00:00:00,132.24,0.0,EUR,EUR,1.0,paid,N.Fra TB2025F/632 COUNTERPARTY_15425 Ef 1,COUNTERPARTY_15425
d7ed79589686764e3f51311c40f3e399,COMP_0793,invoice,2025-07-08,2025-07-08,2025-07-14 00:00:00,-1597.16,0.0,EUR,EUR,1.0,paid,S.Fra /798 COUNTERPARTY_11012 Ef 1INV/2025/354591,COUNTERPARTY_11012
e400fb2cae940ba28e03d0517fa9b894,COMP_0793,invoice,2025-04-30,2025-04-30,2025-05-28 00:00:00,54277.78,0.0,EUR,EUR,1.0,paid,N.Fra TB2025F/165 COUNTERPARTY_48639 Ef 1,COUNTERPARTY_48639
e8ada6b8ba86b1a35a82eca5ad2b9278,COMP_0001,invoice,2025-05-23,2025-05-23,2025-06-09 00:00:00,180.82,0.0,EUR,EUR,1.0,paid,N.Fra TB2025F/52 [COMPANY] Ef 1,COUNTERPARTY_03903
f167d857751da5c9b23c0b5911e77346,COMP_0793,invoice,2025-06-24,2025-06-24,2025-07-10 00:00:00,-190.8,0.0,EUR,EUR,1.0,paid,S.Fra /668 COUNTERPARTY_54547 Ef 1F/2025/6,COUNTERPARTY_54547
f33a43c786c123c921a017ec8bdf7935,COMP_0793,invoice,2025-10-22,2025-10-22,2025-11-07 00:00:00,-8470.0,0.0,EUR,EUR,1.0,paid,S.Fra /1614 [COMPANY] Ef 1188,COUNTERPARTY_22440
f3ef36ca6900bf72aefeb6e65b19a59e,COMP_0793,invoice,2025-10-30,2025-11-29,2025-10-30 00:00:00,-929.15,0.0,EUR,EUR,1.0,paid,S.Fra /1629 COUNTERPARTY_47799 Ef [NUM],COUNTERPARTY_47799
f81c1bb55784c3a4b4376554824c3de0,COMP_0793,invoice,2025-06-26,2025-06-26,2025-09-05 00:00:00,14576.62,0.0,EUR,EUR,1.0,paid,N.Fra TB2025F/257 COUNTERPARTY_49391 Ef 1,COUNTERPARTY_49391
01f2bfeecc26430c086e2ec1678aceeb,COMP_0793,invoice,2025-04-30,2025-05-30,2025-05-30 00:00:00,-49.49,0.0,EUR,EUR,1.0,paid,S.Fra /395 COUNTERPARTY_23748 Ef 1FV[NUM],COUNTERPARTY_23748
05b729578cbcbdc646be89e2d21fc9da,COMP_0793,invoice,2025-07-24,2025-07-24,2025-07-24 00:00:00,-725.99,0.0,EUR,EUR,1.0,paid,S.Fra /844 [COMPANY] Ef 1115,COUNTERPARTY_22440
12b16b15e407ff54c858e5df3b38dcf7,COMP_0793,invoice,2025-10-06,2025-10-06,2025-10-17 00:00:00,-0.73,0.0,EUR,EUR,1.0,paid,S.Fra /[COMPANY] Ef [REF],COUNTERPARTY_47950
1c69a4806979bb86a7f64efabeca4912,COMP_0793,invoice,2025-05-31,2025-06-30,2025-06-30 00:00:00,-53.02,0.0,EUR,EUR,1.0,paid,S.Fra /493 COUNTERPARTY_23748 Ef 1FV[NUM],COUNTERPARTY_23748
503ef8497f956bfec2812477cbfd15b2,COMP_0793,invoice,2026-01-30,2026-01-30,2026-02-10 00:00:00,-968.0,0.0,EUR,EUR,1.0,paid,S.Fra /40 COUNTERPARTY_49814 Ef 115/2026,COUNTERPARTY_49814
6a0f5b5153f178c7e5f0bfd73386b90e,COMP_0793,invoice,2025-05-30,2025-05-30,2025-06-25 00:00:00,89428.03,0.0,EUR,EUR,1.0,paid,N.Fra TB2025F/216 COUNTERPARTY_48639 Ef 1,COUNTERPARTY_48639
75e3e559048e4a65d47a11d8cff7515d,COMP_0793,invoice,2025-06-27,2025-06-27,2025-07-10 00:00:00,-2420.0,0.0,EUR,EUR,1.0,paid,S.Fra /676 [COMPANY] Ef 175,COUNTERPARTY_22440
7750e9da530eda75c4c2357849d4b126,COMP_0001,invoice,2025-06-11,2025-06-11,2025-06-11 00:00:00,-119.0,0.0,EUR,EUR,1.0,paid,S.Fra /148 COUNTERPARTY_01678 Ef 1ES51MU7[X],COUNTERPARTY_48241
8bc2c7b399dac0e0821fa3fc3ada4260,COMP_0001,invoice,2025-06-27,2025-06-27,2025-07-11 00:00:00,4235.0,0.0,EUR,EUR,1.0,paid,N.Fra TB2025F/73 [COMPANY] Ef 1,COUNTERPARTY_03903
9a66fe472ed9870fa24be9932f15ec0e,COMP_0793,invoice,2025-10-01,2025-10-31,2025-10-01 00:00:00,-184.89,0.0,EUR,EUR,1.0,paid,S.Fra /1644 COUNTERPARTY_02692 Ef 126FF033126,COUNTERPARTY_50210
9ad62e5a01215418c07a83259b05c839,COMP_0793,invoice,2025-06-27,2025-06-27,2025-06-27 00:00:00,-4235.0,0.0,EUR,EUR,1.0,paid,S.Fra /681 [COMPANY] Ef 172,COUNTERPARTY_22440
bf71bef8ff3a514838d34bc285928317,COMP_0793,invoice,2026-02-02,2026-03-04,2026-02-13 00:00:00,-189.83,0.0,EUR,EUR,1.0,paid,S.Fra /296 COUNTERPARTY_18477 Ef [NUM]/AV,COUNTERPARTY_31747
c620d05cf9afae6e5fa54c715f6d2f21,COMP_0793,invoice,2025-11-25,2025-11-25,2025-12-11 00:00:00,-1651.35,0.0,EUR,EUR,1.0,paid,S.Fra /1875 [COMPANY] Ef 125FA183207,COUNTERPARTY_48896
e5de72608adb464eb44558aa6b4ef1d4,COMP_0793,invoice,2026-01-27,2026-02-26,2026-02-11 00:00:00,30728.95,0.0,EUR,EUR,1.0,paid,N.Fra TB2026F/21 COUNTERPARTY_49557 Ef 1,COUNTERPARTY_49557
eb726f38126768b68cd80719d9f98904,COMP_0793,invoice,2025-09-01,2025-09-01,2025-09-01 00:00:00,-29.04,0.0,EUR,EUR,1.0,paid,S.Fra /1233 COUNTERPARTY_06745 Ef 19264,COUNTERPARTY_06745
f95e846d2523de58d1e1461729116dff,COMP_0793,invoice,2025-10-31,2025-11-30,2025-12-01 00:00:00,-72.84,0.0,EUR,EUR,1.0,paid,S.Fra /1714 COUNTERPARTY_23805 Ef [NUM],COUNTERPARTY_23805
00e6000c4022d94dbbe7ddba0d437f7e,COMP_0793,invoice,2025-07-01,2025-07-01,2025-07-01 00:00:00,-29.04,0.0,EUR,EUR,1.0,paid,S.Fra /714 COUNTERPARTY_06745 Ef [NUM],COUNTERPARTY_06745
052c07a45917efb552c6962568c65b46,COMP_0001,invoice,2025-03-25,2025-03-25,2025-05-07 00:00:00,3630.0,0.0,EUR,EUR,1.0,paid,N.Fra TB2025F/27 [COMPANY] Ef 1,COUNTERPARTY_03903
1d90e1d64d33cd18961425d5392ff049,COMP_0793,invoice,2025-08-24,2025-08-23,2025-11-27 00:00:00,8145.39,0.0,EUR,EUR,1.0,paid,N.Fra TB2025F/354 COUNTERPARTY_49391 Ef 1,COUNTERPARTY_49391
200f6fee5a6e3ad1032bd74b8e75a8cb,COMP_0793,invoice,2026-01-30,2026-01-30,2026-02-18 00:00:00,6084.9,0.0,EUR,EUR,1.0,paid,N.Fra TB2026F/64 COUNTERPARTY_48639 Ef 1,COUNTERPARTY_48639
2ad30b4e6d8890a7858a2c94b7fd28a1,COMP_0793,invoice,2025-08-24,2025-08-23,2025-09-08 00:00:00,3591.09,0.0,EUR,EUR,1.0,paid,N.Fra TB2025F/346 COUNTERPARTY_48639 Ef 1,COUNTERPARTY_48639
2cb586108a2ee9aaad047fc2bc43c915,COMP_0793,invoice,2026-02-01,2026-02-01,2026-02-01 00:00:00,-29.04,0.0,EUR,EUR,1.0,paid,S.Fra /76 COUNTERPARTY_06745 Ef [NUM],COUNTERPARTY_06745
32b8ada46424ade469fab103ec349727,COMP_0001,invoice,2026-02-17,2026-02-17,2026-02-17 00:00:00,-9680.01,0.0,EUR,EUR,1.0,paid,S.Fra /22 COUNTERPARTY_08037 Ef 13,COUNTERPARTY_08037
34c014685eb5adf1c1402ce339f2b605,COMP_0001,invoice,2025-04-08,2025-04-08,2025-04-08 00:00:00,-371.47,0.0,EUR,EUR,1.0,paid,S.Fra /72 COUNTERPARTY_23347 Ef 1RR/250.226,COUNTERPARTY_23347
3575ce2d585e4a779f761ac8ec584177,COMP_0878,invoice,2026-01-16,2026-01-16,2026-02-20 00:00:00,-205.22,0.0,EUR,EUR,1.0,paid,S.Fra /13 COUNTERPARTY_01776 Ef 12026/20/000196,COUNTERPARTY_01776
3c51055f3a9e035321b4eedf39e78b5b,COMP_0001,invoice,2025-02-28,2025-04-19,2025-02-28 00:00:00,-43.17,0.0,EUR,EUR,1.0,paid,S.Fra /39 COUNTERPARTY_51086 Ef 1DS-AEU-INV-ES-2025-[NUM],COUNTERPARTY_51086
4b6230441b25124cb11abef79b0eee3f,COMP_0793,invoice,2025-04-10,2025-05-10,2025-04-10 00:00:00,-184.89,0.0,EUR,EUR,1.0,paid,S.Fra /345 COUNTERPARTY_02692 Ef 125FF100549,COUNTERPARTY_50210
622255067599e5d76fc00d25e176341f,COMP_0793,invoice,2026-02-26,2026-02-26,2026-02-26 00:00:00,297.2,0.0,EUR,EUR,1.0,paid,N.Fra TB2026F/139 COUNTERPARTY_51678 Ef 1,COUNTERPARTY_51678
693fc2b3c89f36742db10d7a1eca13dd,COMP_0793,invoice,2025-04-29,2025-04-29,2025-05-05 00:00:00,530.39,0.0,EUR,EUR,1.0,paid,N.Fra TB2025F/141 COUNTERPARTY_33572 Ef 1,COUNTERPARTY_33572
7657cf9db779141eef962c0d47f74edc,COMP_0793,invoice,2025-07-24,2025-07-24,2025-07-24 00:00:00,-1506.11,0.0,EUR,EUR,1.0,paid,S.Fra /862 [COMPANY] Ef 199,COUNTERPARTY_22440
88c77d17470bc60e43defe4c1ef07c13,COMP_0793,invoice,2026-02-18,2026-03-20,2026-02-19 00:00:00,-11.5,0.0,EUR,EUR,1.0,paid,S.Fra /341 COUNTERPARTY_07226 Ef 1ES6B0[X],COUNTERPARTY_18040
8f1868127ab978f86d50bd243dac22e8,COMP_0793,invoice,2025-09-25,2025-11-24,2025-09-25 00:00:00,27.23,0.0,EUR,EUR,1.0,paid,S.Fra /1406 COUNTERPARTY_42722 Ef 1AB[NUM],COUNTERPARTY_42722
a3db5f83fbc4dda49b9f7a58aa342881,COMP_0793,invoice,2025-05-08,2025-06-07,2025-05-08 00:00:00,-32.36,0.0,EUR,EUR,1.0,paid,S.Fra /424 COUNTERPARTY_10160 Ef 1F[NUM],COUNTERPARTY_35185
bbc4c7d9b2521d37633633115ba32306,COMP_0793,invoice,2025-07-31,2025-08-30,2025-10-13 00:00:00,-24169.75,0.0,EUR,EUR,1.0,paid,S.Fra /929 COUNTERPARTY_07215 Ef 1140,COUNTERPARTY_07215
c2b958fb2baf3034f5b7d35cc14f7e1b,COMP_0793,invoice,2025-09-29,2025-09-29,2025-10-13 00:00:00,-9075.0,0.0,EUR,EUR,1.0,paid,S.Fra /1468 [COMPANY] Ef 1167,COUNTERPARTY_22440
c9af68553e341d31aa46e18e82b73234,COMP_0793,invoice,2025-05-05,2025-05-05,2025-05-05 00:00:00,-0.36,0.0,EUR,EUR,1.0,paid,S.Fra /[COMPANY] Ef [REF],COUNTERPARTY_47950
ca56eecf1e5a83f00b82afe93fd4712c,COMP_0793,invoice,2025-07-28,2025-08-27,2025-08-11 00:00:00,76998.35,0.0,EUR,EUR,1.0,paid,N.Fra TB2025F/328 COUNTERPARTY_05961 Ef 1,COUNTERPARTY_05961
e18de9d8ea17e7e1fe2db3932318cfec,COMP_0793,invoice,2025-12-14,2026-01-13,2026-01-14 00:00:00,-1410.05,0.0,EUR,EUR,1.0,paid,S.Fra /2030 COUNTERPARTY_18405 Ef 1FVT25-87470,COUNTERPARTY_18405
e706c2813b93b0f4df66f93936e60921,COMP_0793,invoice,2025-06-23,2025-07-23,2025-06-23 00:00:00,-42.98,0.0,EUR,EUR,1.0,paid,S.Fra /695 COUNTERPARTY_07226 Ef 1ES5U60PABEI,COUNTERPARTY_18040
fc7c59ef8093a1e6381c2290425a68ef,COMP_0793,invoice,2025-11-27,2025-12-27,2025-12-01 00:00:00,-17.57,0.0,EUR,EUR,1.0,paid,S.Fra /1768 COUNTERPARTY_07226 Ef 1ES51[X],COUNTERPARTY_18040
fdff38eec53d8b94592badb57b4a116f,COMP_0001,invoice,2025-07-24,2025-07-24,2025-07-24 00:00:00,725.98,0.0,EUR,EUR,1.0,paid,N.Fra TB2025F/116 [COMPANY] Ef 1,COUNTERPARTY_03903
0e80ea124621642be419cf3b04832709,COMP_0793,invoice,2025-06-20,2025-07-20,2025-06-20 00:00:00,-903.87,0.0,EUR,EUR,1.0,paid,S.Fra /614 COUNTERPARTY_53295 Ef 1AD876/25,COUNTERPARTY_53295
1ca23f98017eb2df536e93c297202022,COMP_0793,invoice,2025-10-01,2025-10-01,2025-10-31 00:00:00,28225.62,0.0,EUR,EUR,1.0,paid,N.Fra TB2025F/437 COUNTERPARTY_10380 Ef 1,COUNTERPARTY_10380
24b168b762932b6a77a99507772add8c,COMP_0793,invoice,2025-08-22,2025-08-22,2025-08-22 00:00:00,-4.31,0.0,EUR,EUR,1.0,paid,S.Fra /1052 COUNTERPARTY_07783 Ef [NUM],COUNTERPARTY_49066
445750250541aac57a137641921eb845,COMP_0793,invoice,2025-10-31,2025-11-30,2025-11-20 00:00:00,-46089.07,0.0,EUR,EUR,1.0,paid,S.Fra /1715 COUNTERPARTY_18583 Ef [REF],COUNTERPARTY_18583
49700c4c2254d1cff83a68a96aec3f6f,COMP_0793,invoice,2026-01-12,2026-01-12,2026-02-10 00:00:00,-1030.88,0.0,EUR,EUR,1.0,paid,S.Fra /95 COUNTERPARTY_33161 Ef 1S26/53,COUNTERPARTY_47731
4bb0a7acad11e54ac405483639b70c76,COMP_0793,invoice,2026-01-22,2026-02-21,2026-01-22 00:00:00,-486.71,0.0,EUR,EUR,1.0,paid,S.Fra /63 COUNTERPARTY_47799 Ef [NUM],COUNTERPARTY_47799
50d4b6b5b33f583d6d9eaa5e0121bb86,COMP_0793,invoice,2025-08-24,2025-08-23,2025-08-24 00:00:00,87588.2,0.0,EUR,EUR,1.0,paid,N.Fra TB2025F/360 COUNTERPARTY_48298 Ef 1,COUNTERPARTY_48298
51c1bf99050c59db791ee4680bf354ba,COMP_0001,invoice,2025-06-30,2025-06-30,2025-06-30 00:00:00,-80.36,0.0,EUR,EUR,1.0,paid,S.Fra /151 COUNTERPARTY_51811 Ef 1C[NUM]-0625,COUNTERPARTY_51811
5788911c230dafbf06220761710b6ef4,COMP_0793,invoice,2025-10-30,2025-11-29,2025-11-11 00:00:00,33587.98,0.0,EUR,EUR,1.0,paid,N.Fra TB2025F/495 COUNTERPARTY_49557 Ef 1,COUNTERPARTY_49557
641326545a9697c5bca190343ff43a49,COMP_0793,invoice,2025-07-24,2025-07-24,2025-07-24 00:00:00,-10012.54,0.0,EUR,EUR,1.0,paid,S.Fra /809 [COMPANY] Ef 188,COUNTERPARTY_22440
64285e34a200446c1c0d5bc3f639da55,COMP_0793,invoice,2025-11-25,2025-11-25,2025-12-23 00:00:00,1131.83,0.0,EUR,EUR,1.0,paid,N.Fra TB2025F/528 COUNTERPARTY_14508 Ef 1,COUNTERPARTY_14508
676da3225e6ef167705a67509110b5e4,COMP_0793,invoice,2025-03-25,2025-03-25,2025-03-25 00:00:00,-3630.0,0.0,EUR,EUR,1.0,paid,S.Fra /301 [COMPANY] Ef 127,COUNTERPARTY_22440
80659d27d6e38031d2a9ea2770c9bf41,COMP_0793,invoice,2025-06-05,2025-06-05,2025-06-05 00:00:00,-242.0,0.0,EUR,EUR,1.0,paid,S.Fra /507 [COMPANY] Ef 160,COUNTERPARTY_22440
9d4b6c58e01a6c095686f39251bc9c31,COMP_0793,invoice,2025-12-16,2025-12-16,2026-01-06 00:00:00,10828.05,0.0,EUR,EUR,1.0,paid,N.Fra TB2025F/577 COUNTERPARTY_14508 Ef 1,COUNTERPARTY_14508
a4dbb0ac98252911ca6d4846541006d5,COMP_0793,invoice,2025-12-23,2025-12-23,2025-12-23 00:00:00,15664.21,0.0,EUR,EUR,1.0,paid,N.Fra TB2025F/599 COUNTERPARTY_49391 Ef 1,COUNTERPARTY_49391
ba0a319d9de7ed8ad7588ded071bdeb0,COMP_0793,invoice,2025-11-27,2025-11-27,2025-11-27 00:00:00,-1998.25,0.0,EUR,EUR,1.0,paid,S.Fra /1767 COUNTERPARTY_42909. Ef 125/2807,COUNTERPARTY_42909
c50efa8a7ae63adf47d1d1d51408bf9f,COMP_0793,invoice,2026-01-05,2026-02-04,2026-01-05 00:00:00,-114.95,0.0,EUR,EUR,1.0,paid,S.Fra /9 COUNTERPARTY_16229. Ef [NUM],COUNTERPARTY_35060
c6aceb996df7bbae776659fd599f3eb1,COMP_0793,invoice,2025-10-17,2025-10-17,2025-11-21 00:00:00,3591.09,0.0,EUR,EUR,1.0,paid,N.Fra TB2025F/447 COUNTERPARTY_30051 Ef 1,COUNTERPARTY_30051
c9597bd165efb7f2c9211d95b4ec546c,COMP_0001,invoice,2025-06-08,2025-06-08,2025-07-17 00:00:00,-7260.0,0.0,EUR,EUR,1.0,paid,S.Fra /119 COUNTERPARTY_26899 Ef 111,COUNTERPARTY_26899
d392e150497bd8d34f7d75e4c5f47a0e,COMP_0793,invoice,2025-09-01,2025-09-01,2025-09-03 00:00:00,-246.84,0.0,EUR,EUR,1.0,paid,S.Fra /1164 COUNTERPARTY_18906 Ef 12025/7210,COUNTERPARTY_18906
d3e213df2b50690d1127928cab8e0739,COMP_0793,invoice,2025-06-27,2025-06-27,2025-06-27 00:00:00,-414.36,0.0,EUR,EUR,1.0,paid,S.Fra /624 COUNTERPARTY_63344 Ef 1FV/RD/25/[NUM],COUNTERPARTY_63344
efd2239b326fa4b64d2dc9b440709aec,COMP_0793,invoice,2025-09-30,2025-09-30,2025-10-13 00:00:00,-156.09,0.0,EUR,EUR,1.0,paid,S.Fra /1419 COUNTERPARTY_17313 Ef 129691,COUNTERPARTY_17313
f138cc419165dcccb73c20ea7d08eb69,COMP_0793,invoice,2025-07-30,2025-08-29,2025-07-30 00:00:00,-16.84,0.0,EUR,EUR,1.0,paid,S.Fra /939 COUNTERPARTY_34270 Ef 12025/10822,COUNTERPARTY_34270
01294430b928eed9953d7d259715353b,COMP_0793,invoice,2025-08-28,2025-09-27,2025-09-08 00:00:00,-378.76,0.0,EUR,EUR,1.0,paid,S.Fra /1195 COUNTERPARTY_18477 Ef [NUM]/AV,COUNTERPARTY_31747
06cbf15a6dc125e83e9e18ad3fa87733,COMP_0793,invoice,2025-07-24,2025-07-24,2025-07-24 00:00:00,-3207.71,0.0,EUR,EUR,1.0,paid,S.Fra /835 [COMPANY] Ef 191,COUNTERPARTY_22440
0af59d270c3238cd8fd31ef62329747d,COMP_0793,invoice,2025-05-28,2025-06-27,2025-05-28 00:00:00,-189.98,0.0,EUR,EUR,1.0,paid,S.Fra /[COMPANY] Ef [NUM],COUNTERPARTY_43184
0ea04cbe5f86edbea770f2b0eb590e73,COMP_0793,invoice,2025-11-27,2025-11-27,2025-12-01 00:00:00,6.62,0.0,EUR,EUR,1.0,paid,N.Fra TB2025F/550 COUNTERPARTY_06351 Ef 1,COUNTERPARTY_06351
10b26f1e4ae7d4e8d967fe43dc4bd9a7,COMP_0793,invoice,2025-10-25,2025-10-25,2025-12-01 00:00:00,-152.36,0.0,EUR,EUR,1.0,paid,S.Fra /2084 COUNTERPARTY_27278 Ef 12025/035016,COUNTERPARTY_27278
11e82dc3ee42d6d438b78a444cd0b8b5,COMP_0793,invoice,2025-09-17,2025-10-17,2025-11-07 00:00:00,-241.2,0.0,EUR,EUR,1.0,paid,S.Fra /1385 COUNTERPARTY_48090 Ef 190610,COUNTERPARTY_48090
349ea5c341047cba31b533218fe66a26,COMP_0793,invoice,2025-11-05,2025-11-05,2025-11-12 00:00:00,-119.4,0.0,EUR,EUR,1.0,paid,S.Fra /1759 [COMPANY] Ef [REF],COUNTERPARTY_21065
364c5db42d9cc336f223e106254c11e5,COMP_0793,invoice,2025-07-28,2025-07-28,2025-07-28 00:00:00,423.5,0.0,EUR,EUR,1.0,paid,N.Fra TB2025F/333 COUNTERPARTY_48877 Ef 1,COUNTERPARTY_48877
4572702654d11905f2793a05c12950a2,COMP_0793,invoice,2025-12-01,2025-12-31,2026-01-12 00:00:00,-24169.75,0.0,EUR,EUR,1.0,paid,S.Fra /1893 COUNTERPARTY_07215 Ef 1271,COUNTERPARTY_07215
55e1e8d7ddd93e0feb9e15c9a71a0ad9,COMP_0793,invoice,2025-11-25,2025-11-25,2025-12-30 00:00:00,14569.3,0.0,EUR,EUR,1.0,paid,N.Fra TB2025F/525 COUNTERPARTY_49692 Ef 1,COUNTERPARTY_49692
5fabf59a13bd9968d95f95ced81503e4,COMP_0793,invoice,2025-12-23,2025-12-23,2026-02-03 00:00:00,37331.37,0.0,EUR,EUR,1.0,paid,N.Fra TB2025F/611 COUNTERPARTY_10380 Ef 1,COUNTERPARTY_10380
6b036b620a239ad625112a00c5ad14f8,COMP_0793,invoice,2026-01-02,2026-01-02,2026-02-16 00:00:00,-0.61,0.0,EUR,EUR,1.0,paid,S.Fra /387 COUNTERPARTY_00061 Ef [REF],COUNTERPARTY_22769
6ff5ba086f776c6fedcf97d2b5bc54f9,COMP_0001,invoice,2025-10-22,2025-11-21,2025-10-30 00:00:00,-194.11,0.0,EUR,EUR,1.0,paid,S.Fra /[COMPANY] Ef 1ZB25-[NUM],COUNTERPARTY_28286
711bbf28f18004fa205b559bfece35b1,COMP_0001,invoice,2025-10-22,2025-11-20,2025-11-05 00:00:00,-7260.0,0.0,EUR,EUR,1.0,paid,S.Fra /200 COUNTERPARTY_26899 Ef 118,COUNTERPARTY_26899
7e6ceebc81cfb3baea13ea7a3bb51d36,COMP_0793,invoice,2025-10-22,2025-10-22,2025-11-07 00:00:00,-4598.0,0.0,EUR,EUR,1.0,paid,S.Fra /1617 [COMPANY] Ef 1183,COUNTERPARTY_22440
8da1d45c9449d769db81df6315328b11,COMP_0793,invoice,2025-08-08,2025-08-08,2025-08-08 00:00:00,-114.71,0.0,EUR,EUR,1.0,paid,N.Fra TB2025F/342 COUNTERPARTY_58584 Ef 1,COUNTERPARTY_58584
92363c55c8e88dddf16d915249eafd00,COMP_0793,invoice,2025-07-31,2025-08-30,2025-08-25 00:00:00,-59.29,0.0,EUR,EUR,1.0,paid,S.Fra /876 COUNTERPARTY_24068 Ef 1AA[NUM],COUNTERPARTY_24068
93a6a2f2fce78189f3e2503e18c49c95,COMP_0793,invoice,2025-06-27,2025-06-27,2025-07-10 00:00:00,-1815.0,0.0,EUR,EUR,1.0,paid,S.Fra /532 [COMPANY] Ef 169,COUNTERPARTY_22440
96f8c529a31e6fc3a079a248dc5cd4a4,COMP_0793,invoice,2025-03-31,2025-04-30,2025-05-06 00:00:00,-562.17,0.0,EUR,EUR,1.0,paid,S.Fra /311 COUNTERPARTY_63425. Ef 12025/322,COUNTERPARTY_63425
9a9e8852763be1c2418d9ec4f7a7ba77,COMP_0793,invoice,2025-08-17,2025-08-17,2025-10-13 00:00:00,-4235.0,0.0,EUR,EUR,1.0,paid,S.Fra /1178 [COMPANY] Ef 1147,COUNTERPARTY_22440
b13206c102e7a6b3e5c54943752cea70,COMP_0793,invoice,2025-09-30,2025-10-30,2025-11-07 00:00:00,-196.94,0.0,EUR,EUR,1.0,paid,S.Fra /1410 COUNTERPARTY_58920 Ef 1COM253360,COUNTERPARTY_58920
b14b1a5fe5290034204a3b1ad3aea0b4,COMP_0793,invoice,2025-07-24,2025-07-24,2025-07-24 00:00:00,-726.0,0.0,EUR,EUR,1.0,paid,S.Fra /856 [COMPANY] Ef 1107,COUNTERPARTY_22440
b604679f9e0cc336bb1a36fdef2a5c2f,COMP_0793,invoice,2025-05-23,2025-06-22,2025-05-23 00:00:00,-10.86,0.0,EUR,EUR,1.0,paid,S.Fra /465 COUNTERPARTY_10160 Ef [REF],COUNTERPARTY_35185
c73b362bb25d9169a2f8dab6d1f1d854,COMP_0793,invoice,2025-11-27,2025-11-27,2025-11-27 00:00:00,1351.95,0.0,EUR,EUR,1.0,paid,N.Fra TB2025F/555 COUNTERPARTY_51678 Ef 1,COUNTERPARTY_51678
cf331e9be98a99fac8ffb659204c12e5,COMP_0793,invoice,2025-09-11,2025-10-11,2025-09-11 00:00:00,-628.25,0.0,EUR,EUR,1.0,paid,S.Fra /1275 COUNTERPARTY_26642 Ef 1F251631,COUNTERPARTY_26642
efe42185ac05339473ef9a3ad10c3889,COMP_0001,invoice,2025-04-30,2025-04-30,2025-04-30 00:00:00,3630.0,0.0,EUR,EUR,1.0,paid,N.Fra TB2025F/37 [COMPANY] Ef 1,COUNTERPARTY_03903
0350ad102a4da892ae410e84d5d3d57f,COMP_0793,invoice,2025-09-29,2025-09-29,2025-10-13 00:00:00,-7260.0,0.0,EUR,EUR,1.0,paid,S.Fra /1442 [COMPANY] Ef 1163,COUNTERPARTY_22440
0f30e7826b37da202065ccbd1432daa9,COMP_0793,invoice,2025-06-30,2025-06-30,2025-07-30 00:00:00,11930.19,0.0,EUR,EUR,1.0,paid,N.Fra TB2025F/283 COUNTERPARTY_14508 Ef 1,COUNTERPARTY_14508
1a79fe70680899b6d5bc1eb616b12a7c,COMP_0793,invoice,2025-04-01,2025-05-01,2025-04-01 00:00:00,-44.07,0.0,EUR,EUR,1.0,paid,S.Fra /282 COUNTERPARTY_10795 Ef 11C80632L,COUNTERPARTY_23778
1e2b4b711886550ff77fc709187ed5fd,COMP_0001,invoice,2025-07-24,2025-07-24,2025-07-24 00:00:00,1089.0,0.0,EUR,EUR,1.0,paid,N.Fra TB2025F/108 [COMPANY] Ef 1,COUNTERPARTY_03903
28c97229382d2d53dc8ab6fcfb7f325a,COMP_0793,invoice,2025-03-31,2025-05-30,2025-03-31 00:00:00,299.48,0.0,EUR,EUR,1.0,paid,S.Fra /292 COUNTERPARTY_42722 Ef 1AB[NUM],COUNTERPARTY_42722
3515c02286daa3ad9b75899c80ac62c0,COMP_0793,invoice,2025-06-30,2025-07-30,2025-07-31 00:00:00,-84.66,0.0,EUR,EUR,1.0,paid,S.Fra /628 COUNTERPARTY_23748 Ef 1FV[NUM],COUNTERPARTY_23748
3ab00e205764eb6704ea5a8bf88dab95,COMP_0793,invoice,2025-03-26,2025-03-26,2025-03-26 00:00:00,1096.84,0.0,EUR,EUR,1.0,paid,N.Fra TB2025F/100 COUNTERPARTY_14912 Ef 1,COUNTERPARTY_14912
48f262907e98b23bb8cc3c7bb866db2e,COMP_0793,invoice,2025-10-29,2025-12-28,2025-10-29 00:00:00,299.48,0.0,EUR,EUR,1.0,paid,S.Fra /1702 COUNTERPARTY_42722 Ef 1AB[NUM],COUNTERPARTY_42722
5299a5e462a8be958f42b6c3a11e9f63,COMP_0793,invoice,2025-05-19,2025-05-19,2025-07-10 00:00:00,-6050.0,0.0,EUR,EUR,1.0,paid,S.Fra /439 [COMPANY] Ef 142,COUNTERPARTY_22440
5f0132bac3965ef35b3482f2476e0fe2,COMP_0793,invoice,2025-05-07,2025-05-07,2025-05-12 00:00:00,-74.4,0.0,EUR,EUR,1.0,paid,S.Fra /408 COUNTERPARTY_01639 Ef [NUM],COUNTERPARTY_11626
73178572750ba2ca6173be79624a24c6,COMP_0001,invoice,2025-06-05,2025-06-05,2025-06-09 00:00:00,-32.98,0.0,EUR,EUR,1.0,paid,S.Fra /113 COUNTERPARTY_01678 Ef 1ES51[X],COUNTERPARTY_48241
789bbf6396ca62d1672adf786baa4513,COMP_0793,invoice,2025-07-07,2025-07-07,2025-10-17 00:00:00,4099.19,0.0,EUR,EUR,1.0,paid,N.Fra TB2025F/294 COUNTERPARTY_63526 Ef 1,COUNTERPARTY_63526
95ac31e03444d5f5874e84a1479b70c8,COMP_0793,invoice,2025-07-31,2025-07-31,2025-07-31 00:00:00,-10.58,0.0,EUR,EUR,1.0,paid,S.Fra /999 COUNTERPARTY_01767 Ef 140,COUNTERPARTY_01767
9f5c63486ff81a2423dd92499c841935,COMP_0793,invoice,2025-07-30,2025-08-29,2025-08-19 00:00:00,-1663.75,0.0,EUR,EUR,1.0,paid,S.Fra /989 COUNTERPARTY_18583 Ef [REF],COUNTERPARTY_18583
a9b870ab4ebabcf57b89d187b93d4382,COMP_0793,invoice,2025-04-15,2025-05-15,2025-06-06 00:00:00,-926.53,0.0,EUR,EUR,1.0,paid,S.Fra /366 COUNTERPARTY_48443 Ef [NUM],COUNTERPARTY_48443
ade6eba7584e2a973349824394145284,COMP_0793,invoice,2025-10-08,2025-10-08,2025-10-10 00:00:00,-59.29,0.0,EUR,EUR,1.0,paid,S.Fra /1670 COUNTERPARTY_01639 Ef [NUM],COUNTERPARTY_11626
b5300957baf3f802491eacb45f7e6ecc,COMP_0793,invoice,2025-08-30,2025-09-29,2025-09-30 00:00:00,-25.3,0.0,EUR,EUR,1.0,paid,S.Fra /1246 COUNTERPARTY_23748 Ef 16031,COUNTERPARTY_23748
b5d45d269df91f263b0a86c27da5e7a7,COMP_0793,invoice,2025-11-30,2025-12-30,2026-01-12 00:00:00,-273.92,0.0,EUR,EUR,1.0,paid,S.Fra /1952 COUNTERPARTY_58340 Ef 12902,COUNTERPARTY_58340
c13056a8ee7ce96b33e2e9016276710b,COMP_0793,invoice,2025-06-17,2025-07-17,2025-06-17 00:00:00,-372.0,0.0,EUR,EUR,1.0,paid,S.Fra /759 COUNTERPARTY_18906 Ef 22025/5108,COUNTERPARTY_18906
c5bdfe5c0bc09377054d4e49cfb9295a,COMP_0793,invoice,2025-07-11,2025-07-11,2025-07-11 00:00:00,-1.34,0.0,EUR,EUR,1.0,paid,S.Fra /[COMPANY] Ef [REF],COUNTERPARTY_47950
d89c710d9e25d1d9148e29c16318a4df,COMP_0793,invoice,2025-05-15,2025-07-14,2025-05-15 00:00:00,272.25,0.0,EUR,EUR,1.0,paid,S.Fra /461 COUNTERPARTY_42722 Ef 1AB[NUM],COUNTERPARTY_42722
f10fe26e660ef175dd36938b84284a24,COMP_0001,invoice,2025-06-05,2025-07-05,2025-06-05 00:00:00,-170.48,0.0,EUR,EUR,1.0,paid,S.Fra /112 COUNTERPARTY_49050 Ef 1IA4769,COUNTERPARTY_49050
f9173234832c0b1f0158d2b35c5e4623,COMP_0793,invoice,2025-12-23,2025-12-23,2026-02-03 00:00:00,9741.56,0.0,EUR,EUR,1.0,paid,N.Fra TB2025F/608 COUNTERPARTY_10380 Ef 1,COUNTERPARTY_10380
0361a668d23c5fb9d8c9da0bfc6458e1,COMP_0793,invoice,2025-05-22,2025-05-22,2025-05-22 00:00:00,35783.49,0.0,EUR,EUR,1.0,paid,N.Fra TB2025F/180 COUNTERPARTY_47852 Ef 1,COUNTERPARTY_47852
124601b23da95c2c57e3ee544c537ac3,COMP_0793,invoice,2025-08-24,2025-08-23,2025-09-15 00:00:00,2734.12,0.0,EUR,EUR,1.0,paid,N.Fra TB2025F/353 COUNTERPARTY_49391 Ef 1,COUNTERPARTY_49391
1c0aba17eaaa1105b615fd3780e48752,COMP_0793,invoice,2025-06-06,2025-07-06,2025-07-10 00:00:00,-1413.04,0.0,EUR,EUR,1.0,paid,S.Fra /591 COUNTERPARTY_48090 Ef 189823,COUNTERPARTY_48090
2388f8e3592c154d0efe733e78ed64a4,COMP_0793,invoice,2025-08-31,2025-08-31,2025-09-29 00:00:00,-74.91,0.0,EUR,EUR,1.0,paid,S.Fra /1197 COUNTERPARTY_10436 Ef [NUM],COUNTERPARTY_10436
3aed1d63e718cda04e5f5d5aa83d4e1d,COMP_0793,invoice,2025-11-01,2025-11-01,2025-11-07 00:00:00,-222.64,0.0,EUR,EUR,1.0,paid,S.Fra /1634 COUNTERPARTY_07284 Ef 13.181,COUNTERPARTY_07284
5a7121baa408a226e9685d86dddb091f,COMP_0793,invoice,2025-09-29,2025-09-29,2025-09-29 00:00:00,1017.28,0.0,EUR,EUR,1.0,paid,N.Fra TB2025F/419 COUNTERPARTY_14912 Ef 1,COUNTERPARTY_14912
6f5f8d9dafd100dd85ec5480f23ec844,COMP_0793,invoice,2025-09-30,2025-10-30,2025-10-30 00:00:00,-42.74,0.0,EUR,EUR,1.0,paid,S.Fra /1421 COUNTERPARTY_23748 Ef 1FV[NUM],COUNTERPARTY_23748
77438548bfcc32d30c61aaadec516662,COMP_0793,invoice,2025-12-16,2026-01-15,2025-12-18 00:00:00,-89.26,0.0,EUR,EUR,1.0,paid,S.Fra /1981 COUNTERPARTY_07226 Ef 1ES51V17OABEI,COUNTERPARTY_18040
77decb55f34e320c57a861e6fe75f545,COMP_0793,invoice,2025-09-11,2025-09-11,2025-10-30 00:00:00,18065.4,0.0,EUR,EUR,1.0,paid,N.Fra TB2025F/385 COUNTERPARTY_49391 Ef 1,COUNTERPARTY_49391
89ddd9e77020a1ded09a8f8c165a6ae0,COMP_0001,invoice,2026-02-15,2026-03-17,2026-02-15 00:00:00,-1492.96,0.0,EUR,EUR,1.0,paid,S.Fra /[COMPANY] Ef 1CI[NUM],COUNTERPARTY_28286
8ef9a03ac459e229c298de71c1273d5e,COMP_0793,invoice,2025-11-21,2025-12-21,2026-01-12 00:00:00,-617.1,0.0,EUR,EUR,1.0,paid,S.Fra /1911 COUNTERPARTY_50327 Ef [NUM],COUNTERPARTY_50327
a3af3a3d17e11794a67c4faeadc57758,COMP_0001,invoice,2025-07-24,2025-07-24,2025-07-24 00:00:00,7260.0,0.0,EUR,EUR,1.0,paid,N.Fra TB2025F/127 [COMPANY] Ef 1,COUNTERPARTY_03903
acd405902b252fbf7741eceac20330ba,COMP_0793,invoice,2025-10-01,2025-10-01,2025-10-31 00:00:00,10862.9,0.0,EUR,EUR,1.0,paid,N.Fra TB2025F/436 COUNTERPARTY_10380 Ef 1,COUNTERPARTY_10380
b4f9c47fcbc35bf2fbe9255e06aac323,COMP_0001,invoice,2025-04-03,2025-05-20,2025-04-03 00:00:00,-28.72,0.0,EUR,EUR,1.0,paid,S.Fra /64 COUNTERPARTY_27905 Ef 1[X]/2025/1922,COUNTERPARTY_60397
c78b295a2ba33c6534507014f2d1e134,COMP_0793,invoice,2025-09-01,2025-10-01,2025-09-01 00:00:00,-185.01,0.0,EUR,EUR,1.0,paid,S.Fra /1264 COUNTERPARTY_02692 Ef 126FF023640,COUNTERPARTY_50210
d223e5f77699abb5f9af070aeb717405,COMP_0001,invoice,2026-02-23,2026-03-25,2026-02-23 00:00:00,-149.46,0.0,EUR,EUR,1.0,paid,S.Fra /27 COUNTERPARTY_01023 Ef [REF],COUNTERPARTY_49480
f5152f506622ca6456d1ec02d0d993ab,COMP_0793,invoice,2025-07-24,2025-07-24,2025-07-24 00:00:00,-4820.64,0.0,EUR,EUR,1.0,paid,S.Fra /836 [COMPANY] Ef 1118,COUNTERPARTY_22440
fea1d7c85ea468c64ec706d287ddc549,COMP_0793,invoice,2025-07-24,2025-07-24,2025-07-24 00:00:00,-3932.5,0.0,EUR,EUR,1.0,paid,S.Fra /841 [COMPANY] Ef 1125,COUNTERPARTY_22440
03edf4ea36b6f8712cd115b1bc0717a6,COMP_0793,invoice,2025-06-26,2025-06-26,2025-06-26 00:00:00,3726.96,0.0,EUR,EUR,1.0,paid,N.Fra TB2025F/275 COUNTERPARTY_51678 Ef 1,COUNTERPARTY_51678
4524c34eb893d3700af6fd3d8e7fa3ef,COMP_0793,invoice,2025-07-24,2025-07-24,2025-07-24 00:00:00,-15125.0,0.0,EUR,EUR,1.0,paid,S.Fra /855 [COMPANY] Ef 1135,COUNTERPARTY_22440
59c7d16f93f310d737a9ce4968a73636,COMP_0793,invoice,2026-02-03,2026-02-03,2026-02-03 00:00:00,-299.26,0.0,EUR,EUR,1.0,paid,N.Fra TB2026F/67 COUNTERPARTY_48639 Ef 1,COUNTERPARTY_48639
5b2e8fc5434411077d6881bc74b326ef,COMP_0793,invoice,2025-08-30,2025-08-30,2025-09-30 00:00:00,20688.82,0.0,EUR,EUR,1.0,paid,N.Fra TB2025F/368 COUNTERPARTY_10380 Ef 1,COUNTERPARTY_10380
77010fa58d8f0b937980729e6c680096,COMP_0001,invoice,2025-06-30,2025-06-30,2025-07-11 00:00:00,1086.04,0.0,EUR,EUR,1.0,paid,N.Fra TB2025F/81 [COMPANY] Ef 1,COUNTERPARTY_03903
8d01db434849701a74057db557d9a932,COMP_0793,invoice,2026-02-03,2026-02-03,2026-02-23 00:00:00,598.51,0.0,EUR,EUR,1.0,paid,N.Fra TB2026F/68 COUNTERPARTY_48639 Ef 1,COUNTERPARTY_48639
8d9f172419a6a91bb5212b2cdcbf084f,COMP_0001,invoice,2025-12-22,2026-01-21,2025-12-30 00:00:00,-194.11,0.0,EUR,EUR,1.0,paid,S.Fra /[COMPANY] Ef 1ZB25-[NUM],COUNTERPARTY_28286
9add697dcae43ea0a7c0b7dca7577a15,COMP_0793,invoice,2025-04-23,2025-04-23,2025-04-23 00:00:00,-326.18,0.0,EUR,EUR,1.0,paid,S.Fra /352 COUNTERPARTY_07783 Ef [NUM],COUNTERPARTY_49066
9db8d28e278695426b15eb0c7f842b3d,COMP_0793,invoice,2025-05-29,2025-05-29,2025-05-29 00:00:00,875.21,0.0,EUR,EUR,1.0,paid,N.Fra TB2025F/198 COUNTERPARTY_14912 Ef 1,COUNTERPARTY_14912
a303b1153bcf0e40a56981ea0d6fe39a,COMP_0793,invoice,2025-06-23,2025-06-23,2025-06-23 00:00:00,-670.03,0.0,EUR,EUR,1.0,paid,S.Fra /529 COUNTERPARTY_07783 Ef [NUM],COUNTERPARTY_49066
bf7cf4f9ad2b8452cba0a9443a82758e,COMP_0001,invoice,2025-06-19,2025-06-19,2025-06-20 00:00:00,-619.05,0.0,EUR,EUR,1.0,paid,S.Fra /129 COUNTERPARTY_01678 Ef 1ES5T1[X],COUNTERPARTY_48241
c8223a111867b188d2ec58a00eca1b9a,COMP_0793,invoice,2025-08-31,2025-09-30,2025-10-13 00:00:00,-983.92,0.0,EUR,EUR,1.0,paid,S.Fra /1159 COUNTERPARTY_48443 Ef [NUM],COUNTERPARTY_48443
cbda52b581423d0614d81e0fd5e8081d,COMP_0793,invoice,2025-12-23,2025-12-23,2025-12-30 00:00:00,9999.99,0.0,EUR,EUR,1.0,paid,N.Fra TB2025F/594 COUNTERPARTY_20173 Ef 1,COUNTERPARTY_48413
d92b424157b7b1691df6923a38ebf7b5,COMP_0793,invoice,2025-07-24,2025-07-24,2025-07-24 00:00:00,-4598.0,0.0,EUR,EUR,1.0,paid,S.Fra /850 [COMPANY] Ef 1126,COUNTERPARTY_22440
da618c943ffad405b5c9e956fc6d4dc2,COMP_0793,invoice,2025-06-11,2025-07-11,2025-08-11 00:00:00,-1228.21,0.0,EUR,EUR,1.0,paid,S.Fra /595 COUNTERPARTY_48090 Ef 189856,COUNTERPARTY_48090
e79ff3c37901e6bd18bf91f918abab64,COMP_0793,invoice,2025-12-23,2026-01-22,2026-01-14 00:00:00,315.17,0.0,EUR,EUR,1.0,paid,N.Fra TB2025F/606 COUNTERPARTY_49557 Ef 1,COUNTERPARTY_49557
ec2fe56851aa06173ea6e3b7edd918d0,COMP_0793,invoice,2025-09-11,2025-09-11,2025-09-11 00:00:00,9560.51,0.0,EUR,EUR,1.0,paid,N.Fra TB2025F/384 COUNTERPARTY_26460 Ef 1,COUNTERPARTY_26460
ed83a6e9a56567c9607b5918b8c33261,COMP_0793,invoice,2025-11-01,2025-11-01,2025-11-01 00:00:00,-29.04,0.0,EUR,EUR,1.0,paid,S.Fra /1636 COUNTERPARTY_06745 Ef 18964,COUNTERPARTY_06745
f029a9695e9dd78d474b4447faf8819a,COMP_0793,invoice,2026-01-30,2026-03-01,2026-01-30 00:00:00,-833.69,0.0,EUR,EUR,1.0,paid,S.Fra /124 COUNTERPARTY_34270 Ef 1INV/2026/01407,COUNTERPARTY_34270
2a9bc88870f364bf12cca7445512ae97,COMP_0793,invoice,2025-07-01,2025-07-01,2025-07-01 00:00:00,-29.04,0.0,EUR,EUR,1.0,paid,S.Fra /715 COUNTERPARTY_06745 Ef [NUM],COUNTERPARTY_06745
2b420fdf7721869a48f0a1bd065aa084,COMP_0793,invoice,2025-12-31,2026-01-30,2026-02-10 00:00:00,-221.43,0.0,EUR,EUR,1.0,paid,S.Fra /2073 COUNTERPARTY_27660 Ef 1A/25736,COUNTERPARTY_27660
2c3153a94a25e681bb483f94c686e781,COMP_0793,invoice,2025-03-31,2025-04-30,2025-06-01 00:00:00,-105.72,0.0,EUR,EUR,1.0,paid,S.Fra /758 COUNTERPARTY_23805 Ef [NUM],COUNTERPARTY_23805
405853bf160378078e9889a8420a3cb5,COMP_0001,invoice,2025-05-23,2025-05-23,2025-06-09 00:00:00,397.5,0.0,EUR,EUR,1.0,paid,N.Fra TB2025F/53 [COMPANY] Ef 1,COUNTERPARTY_03903
4a3b40b87d0c0cd755fd65eccc19cd68,COMP_0793,invoice,2025-08-06,2025-08-06,2025-08-11 00:00:00,-74.4,0.0,EUR,EUR,1.0,paid,S.Fra /997 COUNTERPARTY_01639 Ef [NUM],COUNTERPARTY_11626
4be72a8ef2307bf30358a75f788a015d,COMP_0001,invoice,2025-06-15,2025-07-15,2025-06-23 00:00:00,-1176.14,0.0,EUR,EUR,1.0,paid,S.Fra /[COMPANY] Ef 1CI[NUM],COUNTERPARTY_28286
6c17cb310238d4c1b1af5353230962ac,COMP_0793,invoice,2025-01-28,2025-01-28,2025-01-28 00:00:00,423.5,0.0,EUR,EUR,1.0,paid,N.Fra TB2025F/19 COUNTERPARTY_48877 Ef 1,COUNTERPARTY_48877
88b7b92df06b6cceaec89968ff4d76e2,COMP_0793,invoice,2025-05-05,2025-05-05,2025-08-04 00:00:00,-6050.0,0.0,EUR,EUR,1.0,paid,S.Fra /756 COUNTERPARTY_15356 Ef 114,COUNTERPARTY_22140
8b77ebfada248a036da017e30a6637d7,COMP_0001,invoice,2025-10-22,2025-10-22,2025-11-10 00:00:00,8470.0,0.0,EUR,EUR,1.0,paid,N.Fra TB2025F/188 [COMPANY] Ef 1,COUNTERPARTY_03903
92479684cef5b12eca4063786eefa668,COMP_0793,invoice,2025-08-12,2025-08-12,2025-09-10 00:00:00,-1754.02,0.0,EUR,EUR,1.0,paid,S.Fra /1045 COUNTERPARTY_33161 Ef 1S25/4363,COUNTERPARTY_47731
d61be5b58b9d99405ad2e0db73ad520a,COMP_0793,invoice,2025-06-30,2025-07-30,2025-07-31 00:00:00,-59.71,0.0,EUR,EUR,1.0,paid,S.Fra /627 COUNTERPARTY_23748 Ef 1FV[NUM],COUNTERPARTY_23748
d8796abd573f4219bda0ae5072ed8a9d,COMP_0793,invoice,2025-11-11,2025-11-11,2026-01-12 00:00:00,-110.72,0.0,EUR,EUR,1.0,paid,S.Fra /2023 COUNTERPARTY_63894 Ef 1R-251.984,COUNTERPARTY_63894
dd0d086fa0f8efe758809c77ea7c50f3,COMP_0793,invoice,2025-09-15,2025-10-15,2025-09-15 00:00:00,-61.35,0.0,EUR,EUR,1.0,paid,S.Fra /1504 COUNTERPARTY_48052 Ef 1A350560,COUNTERPARTY_48052
e6daef0a2552403911f30925a54a0afe,COMP_0793,invoice,2025-10-06,2025-10-06,2025-10-13 00:00:00,-17.06,0.0,EUR,EUR,1.0,paid,S.Fra /[COMPANY] Ef [REF],COUNTERPARTY_47950
090b13cea6290b904501e5e1b5eb4660,COMP_0793,invoice,2025-07-28,2025-07-28,2025-09-03 00:00:00,48280.16,0.0,EUR,EUR,1.0,paid,N.Fra TB2025F/315 COUNTERPARTY_48639 Ef 1,COUNTERPARTY_48639
0996601fff367d0b75980a6476e5aa49,COMP_0793,invoice,2025-07-28,2025-07-28,2025-07-29 00:00:00,179.95,0.0,EUR,EUR,1.0,paid,N.Fra TB2025F/337 COUNTERPARTY_04351 Ef 1,COUNTERPARTY_04351
1d90bf30d292e063ec255dd86a6be2dd,COMP_0793,invoice,2025-10-23,2025-10-23,2025-10-30 00:00:00,-384.38,0.0,EUR,EUR,1.0,paid,S.Fra /1689 COUNTERPARTY_50141 Ef 102[X],COUNTERPARTY_50141
22667c8c032af53ef50738cf86260f20,COMP_0793,invoice,2025-06-27,2025-06-27,2025-07-15 00:00:00,28229.93,0.0,EUR,EUR,1.0,paid,N.Fra TB2025F/277 COUNTERPARTY_48639 Ef 1,COUNTERPARTY_48639
345fc38fa5be1856126c6f4181ea1e6d,COMP_0001,invoice,2025-06-17,2025-06-17,2025-06-18 00:00:00,-16.14,0.0,EUR,EUR,1.0,paid,S.Fra /125 COUNTERPARTY_62308 Ef [REF],COUNTERPARTY_63937
3c28235d93d2cf3c8ad45cbddaa40fc7,COMP_0793,invoice,2025-07-24,2025-07-24,2025-07-24 00:00:00,-253.14,0.0,EUR,EUR,1.0,paid,S.Fra /846 [COMPANY] Ef 194,COUNTERPARTY_22440
46e46e0b834d22d7367255ba4ad32350,COMP_0001,invoice,2025-09-25,2025-10-25,2025-09-25 00:00:00,-47.5,0.0,EUR,EUR,1.0,paid,S.Fra /185 COUNTERPARTY_63942 Ef 1F000101-139,COUNTERPARTY_63942
51524e99f76059fe255cfce30b97b257,COMP_0793,invoice,2025-07-23,2025-08-22,2025-07-23 00:00:00,-1025.8,0.0,EUR,EUR,1.0,paid,S.Fra /964 COUNTERPARTY_48052 Ef 1A347067,COUNTERPARTY_48052
5f5ff308f4f45a1d59459d6ca316ad48,COMP_0001,invoice,2025-07-24,2025-07-24,2025-07-24 00:00:00,2713.76,0.0,EUR,EUR,1.0,paid,N.Fra TB2025F/97 [COMPANY] Ef 1,COUNTERPARTY_03903
608ed009d6b5d8769898dff4b8fe205c,COMP_0793,invoice,2026-02-26,2026-02-26,2026-03-03 00:00:00,-3721.62,0.0,EUR,EUR,1.0,paid,S.Fra /404 COUNTERPARTY_02242 Ef [NUM],COUNTERPARTY_56974
61ac759fe3ee7db6e5b3e26f2e6b0bcc,COMP_0793,invoice,2026-01-26,2026-01-26,2026-01-26 00:00:00,-0.61,0.0,EUR,EUR,1.0,paid,S.Fra /115 COUNTERPARTY_00061 Ef [REF],COUNTERPARTY_22769
6e206e2f623d14204e325a082e7bc560,COMP_0793,invoice,2025-11-28,2025-11-28,2026-01-12 00:00:00,-2948.7,0.0,EUR,EUR,1.0,paid,S.Fra /1962 COUNTERPARTY_31602 Ef [NUM],COUNTERPARTY_31602
70d2c98116dde359e11a9dc8455645e0,COMP_0001,invoice,2025-06-27,2025-06-27,2025-07-11 00:00:00,3630.0,0.0,EUR,EUR,1.0,paid,N.Fra TB2025F/80 [COMPANY] Ef 1,COUNTERPARTY_03903
743a234bd21a9714e0380be742f0cd04,COMP_0793,invoice,2025-10-08,2025-10-08,2025-10-08 00:00:00,752.25,0.0,EUR,EUR,1.0,paid,N.Fra TB2025F/444 COUNTERPARTY_15509. Ef 1,COUNTERPARTY_15509
752c3ba28a02270303d20f4c720630df,COMP_0793,invoice,2025-11-27,2025-11-27,2025-12-15 00:00:00,8279.45,0.0,EUR,EUR,1.0,paid,N.Fra TB2025F/564 COUNTERPARTY_48639 Ef 1,COUNTERPARTY_48639
787fc6508d37ea336c9e0e32693ba72d,COMP_0793,invoice,2025-07-31,2025-07-31,2025-08-11 00:00:00,-9.99,0.0,EUR,EUR,1.0,paid,S.Fra /1172 COUNTERPARTY_10802 Ef [NUM],COUNTERPARTY_10802
ab77e7f8171d5a1c817dbdd7e74f44ee,COMP_0793,invoice,2025-05-23,2025-05-23,2025-06-06 00:00:00,-180.82,0.0,EUR,EUR,1.0,paid,S.Fra /446 [COMPANY] Ef 152,COUNTERPARTY_22440
b180a86a381a5a4367efbb54481cbd12,COMP_0793,invoice,2025-04-02,2025-04-02,2025-05-06 00:00:00,-6050.0,0.0,EUR,EUR,1.0,paid,S.Fra /287 COUNTERPARTY_15356 Ef 113,COUNTERPARTY_22140
cf55ac46253dd8bf38acfed099cd539c,COMP_0793,invoice,2025-06-06,2025-07-06,2025-06-06 00:00:00,-19.81,0.0,EUR,EUR,1.0,paid,S.Fra /642 COUNTERPARTY_55558 Ef [NUM]/[NUM],COUNTERPARTY_60364
dd2ef98eb684f0b83451e46f4ebaf0d2,COMP_0793,invoice,2025-06-24,2025-06-24,2025-06-24 00:00:00,-14.8,0.0,EUR,EUR,1.0,paid,S.Fra /667 COUNTERPARTY_59416 Ef [REF],COUNTERPARTY_63999
e5f6bbc2f33831907e07be9175e8db4d,COMP_0793,invoice,2025-07-01,2025-07-01,2025-08-04 00:00:00,-246.84,0.0,EUR,EUR,1.0,paid,S.Fra /791 COUNTERPARTY_18906 Ef 12025/5730,COUNTERPARTY_18906
0ca8f9320af414d6c3e78b6a6027be04,COMP_0001,invoice,2025-08-17,2025-08-16,2025-09-11 00:00:00,6655.0,0.0,EUR,EUR,1.0,paid,N.Fra TB2025F/152 [COMPANY] Ef 1,COUNTERPARTY_03903
10143743bf879ad14175ae41bc9b3ae7,COMP_0793,invoice,2025-09-19,2025-10-19,2025-11-07 00:00:00,-257.56,0.0,EUR,EUR,1.0,paid,S.Fra /1394 COUNTERPARTY_48090 Ef 190637,COUNTERPARTY_48090
12d8c670ee1de3b135ffd4dae0e5d8a0,COMP_0793,invoice,2025-09-11,2025-09-11,2025-10-13 00:00:00,239.93,0.0,EUR,EUR,1.0,paid,N.Fra TB2025F/380 COUNTERPARTY_06113 Ef 1,COUNTERPARTY_06113
3db4e77e0c880ed6458a42820d2a5026,COMP_0793,invoice,2025-05-29,2025-06-28,2025-05-29 00:00:00,-169.0,0.0,EUR,EUR,1.0,paid,S.Fra /481 COUNTERPARTY_64056 Ef 1F25/190,COUNTERPARTY_64056
5e06e343f20cf9d351e9620450192fd9,COMP_0793,invoice,2025-10-01,2025-10-31,2025-10-01 00:00:00,-44.07,0.0,EUR,EUR,1.0,paid,S.Fra /1427 COUNTERPARTY_10795 Ef 11D63979L,COUNTERPARTY_23778
6e918a94cb66ed5b824d626e9420570f,COMP_0793,invoice,2025-10-22,2025-10-22,2025-11-07 00:00:00,-3932.5,0.0,EUR,EUR,1.0,paid,S.Fra /1623 [COMPANY] Ef 1182,COUNTERPARTY_22440
77be75f5ef4a08b1bb025c16e47e2fca,COMP_0793,invoice,2025-04-30,2025-04-30,2025-05-14 00:00:00,2422.77,0.0,EUR,EUR,1.0,paid,N.Fra TB2025F/148 COUNTERPARTY_03512 Ef 1,COUNTERPARTY_03512
77dfa6c285cef08abf16f23788f80c6f,COMP_0793,invoice,2025-06-19,2025-07-19,2025-07-01 00:00:00,-195.11,0.0,EUR,EUR,1.0,paid,S.Fra /1012 COUNTERPARTY_23748 Ef 1FV[NUM],COUNTERPARTY_23748
7e719f93c2c67cee120dfa874a29f20d,COMP_0793,invoice,2025-07-10,2025-08-09,2025-07-10 00:00:00,-695.33,0.0,EUR,EUR,1.0,paid,S.Fra /769 COUNTERPARTY_30566 Ef [NUM],COUNTERPARTY_30566
89099dc369ecb287cb41ec2e060b4637,COMP_0793,invoice,2025-09-23,2025-09-23,2025-09-29 00:00:00,-382.86,0.0,EUR,EUR,1.0,paid,S.Fra /1401 COUNTERPARTY_50141 Ef 102[X],COUNTERPARTY_50141
89a39dbb5d13cbf26969df6ea42ed601,COMP_0793,invoice,2025-07-17,2025-08-16,2025-07-17 00:00:00,-241.25,0.0,EUR,EUR,1.0,paid,S.Fra /958 COUNTERPARTY_47799 Ef [NUM],COUNTERPARTY_47799
8d29c7f22090dafa25189f159cd194f3,COMP_0793,invoice,2025-07-18,2025-07-18,2025-07-18 00:00:00,-110.7,0.0,EUR,EUR,1.0,paid,S.Fra /907 COUNTERPARTY_01767 Ef 138,COUNTERPARTY_01767
a37abc6dd0ca837f6a48e45271e4eb65,COMP_0793,invoice,2025-05-19,2025-05-19,2025-06-06 00:00:00,-1815.0,0.0,EUR,EUR,1.0,paid,S.Fra /442 [COMPANY] Ef 149,COUNTERPARTY_22440
a6e028ebf09f7b67f80005f38c82fa98,COMP_0793,invoice,2025-11-18,2025-12-18,2026-01-12 00:00:00,-156.09,0.0,EUR,EUR,1.0,paid,S.Fra /1865 COUNTERPARTY_48090 Ef 191036,COUNTERPARTY_48090
b1909a1b8b9337f94c6290301707fce6,COMP_0793,invoice,2025-05-28,2025-05-28,2025-05-28 00:00:00,-460.52,0.0,EUR,EUR,1.0,paid,S.Fra /636 COUNTERPARTY_18477 Ef [NUM],COUNTERPARTY_31747
b28c10e94619dcc47f9860f75e760a18,COMP_0793,invoice,2025-08-23,2025-08-23,2025-08-23 00:00:00,-390.37,0.0,EUR,EUR,1.0,paid,S.Fra /1240 COUNTERPARTY_50141 Ef 102F4TRG,COUNTERPARTY_50141
bb89f7cf2a6ac84ace2f8efcabb22555,COMP_0793,invoice,2025-07-28,2025-07-28,2025-07-30 00:00:00,35783.49,0.0,EUR,EUR,1.0,paid,N.Fra TB2025F/309 COUNTERPARTY_47852 Ef 1,COUNTERPARTY_47852
e119af6934d74f1068b622874f0c5176,COMP_0793,invoice,2025-06-02,2025-07-02,2025-06-06 00:00:00,-29.0,0.0,EUR,EUR,1.0,paid,S.Fra /484 COUNTERPARTY_18477 Ef [NUM]/AV,COUNTERPARTY_31747
ea527d39a11b66a3bb7c24109d283204,COMP_0793,invoice,2025-06-30,2025-06-30,2025-07-10 00:00:00,-34.13,0.0,EUR,EUR,1.0,paid,S.Fra /686 [COMPANY] Ef 185,COUNTERPARTY_22440
f7c478afdf9941c156030fdd948eb3e9,COMP_0001,invoice,2025-09-29,2025-09-29,2025-10-14 00:00:00,15125.0,0.0,EUR,EUR,1.0,paid,N.Fra TB2025F/171 [COMPANY] Ef 1,COUNTERPARTY_03903
fffa69b546c25856df66d518ddc038c6,COMP_0793,invoice,2025-04-30,2025-04-30,2025-06-04 00:00:00,212.37,0.0,EUR,EUR,1.0,paid,N.Fra TB2025F/155 COUNTERPARTY_15482 Ef 1,COUNTERPARTY_15482
08752fbe29b90939dd0854ed49a8e8dc,COMP_0793,invoice,2025-05-20,2025-06-19,2025-07-10 00:00:00,-1860.92,0.0,EUR,EUR,1.0,paid,S.Fra /450 COUNTERPARTY_27064 Ef 1F25/0166,COUNTERPARTY_47459
0e72f4dd641e5cbce3d8b54b711bdf01,COMP_0793,invoice,2025-04-30,2025-04-30,2025-04-30 00:00:00,31.71,0.0,EUR,EUR,1.0,paid,N.Fra TB2025F/146 COUNTERPARTY_48877 Ef 1,COUNTERPARTY_48877
1dbe970695ad5c9e7f57a6f6d3cec106,COMP_0793,invoice,2026-01-27,2026-01-27,2026-02-03 00:00:00,332.48,0.0,EUR,EUR,1.0,paid,N.Fra TB2026F/51 COUNTERPARTY_42157 Ef 1,COUNTERPARTY_42157
2c32925c975e1c6c9f1245748f3cdf9c,COMP_0793,invoice,2025-09-28,2025-09-27,2025-11-03 00:00:00,12087.36,0.0,EUR,EUR,1.0,paid,N.Fra TB2025F/387 COUNTERPARTY_49692 Ef 1,COUNTERPARTY_49692
357560522c3749bd647995517fa4a4b9,COMP_0793,invoice,2025-06-13,2025-07-13,2025-08-11 00:00:00,-94.38,0.0,EUR,EUR,1.0,paid,S.Fra /602 COUNTERPARTY_51816 Ef 12025P/166,COUNTERPARTY_51816
4ed9ea91346ba682775631948f2ca6fc,COMP_0001,invoice,2025-03-03,2025-03-03,2025-03-03 00:00:00,-32.45,0.0,EUR,EUR,1.0,paid,S.Fra /40 COUNTERPARTY_51086 Ef 1ES5N66[X],COUNTERPARTY_51086
5e5f8f5e289ea0e70038cf94bc744049,COMP_0001,invoice,2025-03-25,2025-03-25,2025-03-25 00:00:00,3630.0,0.0,EUR,EUR,1.0,paid,N.Fra TB2025F/28 [COMPANY] Ef 1,COUNTERPARTY_03903
63b6f42f62628dc7131dca6c6ff44bf8,COMP_0793,invoice,2025-06-25,2025-07-25,2025-08-11 00:00:00,-358.7,0.0,EUR,EUR,1.0,paid,S.Fra /619 COUNTERPARTY_48090 Ef 189942,COUNTERPARTY_48090
6af4c9fef621ffc14e4a1c35c4697ba7,COMP_0793,invoice,2025-03-26,2025-03-26,2025-05-21 00:00:00,273.41,0.0,EUR,EUR,1.0,paid,N.Fra TB2025F/116 COUNTERPARTY_59168 Ef 1,COUNTERPARTY_59168
75e9f82eff1638e76d59ac5eb1bda312,COMP_0793,invoice,2025-09-05,2025-09-05,2025-08-11 00:00:00,-59.29,0.0,EUR,EUR,1.0,paid,S.Fra /1168 COUNTERPARTY_01639 Ef [NUM],COUNTERPARTY_11626
b755fac61a7a7fce2a88b41426035901,COMP_0793,invoice,2025-09-19,2025-10-19,2025-11-07 00:00:00,-355.74,0.0,EUR,EUR,1.0,paid,S.Fra /1391 COUNTERPARTY_50327 Ef [NUM],COUNTERPARTY_50327
c46b5e30c5d12c4e30ab24a6f818f7b1,COMP_0793,invoice,2025-10-06,2025-10-06,2025-10-20 00:00:00,-1.09,0.0,EUR,EUR,1.0,paid,S.Fra /[COMPANY] Ef [REF],COUNTERPARTY_47950
04d4387d6578776c831076a11289e349,COMP_0001,invoice,2026-02-12,2026-03-14,2026-02-12 00:00:00,-32.89,0.0,EUR,EUR,1.0,paid,S.Fra /16 COUNTERPARTY_24926 Ef [NUM]/5/26/000323,COUNTERPARTY_55414
083b340604dfaedf746a0571a3e3b49c,COMP_0001,invoice,2025-01-04,2025-01-04,2025-01-04 00:00:00,-18.7,0.0,EUR,EUR,1.0,paid,S.Fra /6 COUNTERPARTY_51086 Ef 1ES5[X]4[X],COUNTERPARTY_51086
08a199807656b67f96089d96931c93d4,COMP_0793,invoice,2025-10-01,2025-10-01,2025-10-23 00:00:00,8740.81,0.0,EUR,EUR,1.0,paid,N.Fra TB2025F/432 COUNTERPARTY_48639 Ef 1,COUNTERPARTY_48639
1384e29a19f1451716c295853fa1a5e1,COMP_0793,invoice,2025-09-12,2025-10-12,2025-09-19 00:00:00,-212.35,0.0,EUR,EUR,1.0,paid,S.Fra /1430 COUNTERPARTY_18477 Ef [NUM]/AV,COUNTERPARTY_31747
265ed4308e581d8792bb19afc5990eda,COMP_0793,invoice,2025-07-24,2025-07-24,2025-07-24 00:00:00,-8470.0,0.0,EUR,EUR,1.0,paid,S.Fra /866 [COMPANY] Ef 1129,COUNTERPARTY_22440
2a0ab807abfaaee7a715d19d9de94447,COMP_0001,invoice,2025-07-24,2025-07-24,2025-07-24 00:00:00,4820.64,0.0,EUR,EUR,1.0,paid,N.Fra TB2025F/118 [COMPANY] Ef 1,COUNTERPARTY_03903
31221257305b333c3ce8d0f7257f5a9c,COMP_0793,invoice,2025-06-26,2025-07-26,2025-07-14 00:00:00,270.14,0.0,EUR,EUR,1.0,paid,N.Fra TB2025F/245 COUNTERPARTY_49557 Ef 1,COUNTERPARTY_49557
3970bdc27909442103e5931d5bd77b26,COMP_0793,invoice,2025-11-27,2025-11-27,2025-12-10 00:00:00,2992.57,0.0,EUR,EUR,1.0,paid,N.Fra TB2025F/558 COUNTERPARTY_64256 Ef 1,COUNTERPARTY_64256
3c6eabede584b72012d4d9055103226c,COMP_0793,invoice,2025-11-26,2025-11-26,2025-12-11 00:00:00,-1483.1,0.0,EUR,EUR,1.0,paid,S.Fra /1878 [COMPANY] Ef 125FA183514,COUNTERPARTY_48896
44e6f2617cb8f7b29a14745c0ff378e2,COMP_0793,invoice,2025-11-18,2025-12-18,2025-12-09 00:00:00,-8991.45,0.0,EUR,EUR,1.0,paid,S.Fra /1866 COUNTERPARTY_18583 Ef [REF],COUNTERPARTY_18583
4fba209205813135de9d38e4b6f81659,COMP_0793,invoice,2025-05-30,2025-05-30,2025-05-30 00:00:00,5650.86,0.0,EUR,EUR,1.0,paid,N.Fra TB2025F/218 COUNTERPARTY_48298 Ef 1,COUNTERPARTY_48298
5005a1377d2c37c779315082acb8331c,COMP_0793,invoice,2025-07-24,2025-07-24,2025-07-24 00:00:00,-6050.0,0.0,EUR,EUR,1.0,paid,S.Fra /851 [COMPANY] Ef 1124,COUNTERPARTY_22440
57d11faa48c2b2f5b41a50a5930fe441,COMP_0793,invoice,2025-09-28,2025-10-28,2025-10-20 00:00:00,17987.59,0.0,EUR,EUR,1.0,paid,N.Fra TB2025F/391 COUNTERPARTY_54687 Ef 1,COUNTERPARTY_54687
5e4c5a18d073eba838d1a8097a5b1868,COMP_0793,invoice,2025-06-27,2025-06-27,2025-07-10 00:00:00,-330.72,0.0,EUR,EUR,1.0,paid,S.Fra /623 COUNTERPARTY_58280 Ef [NUM],COUNTERPARTY_58280
6f5bb4c3076ecd7ca183f5cd5d951522,COMP_0793,invoice,2025-07-08,2025-07-08,2025-07-10 00:00:00,-41.62,0.0,EUR,EUR,1.0,paid,S.Fra /703 COUNTERPARTY_42909. Ef 125/1381,COUNTERPARTY_42909
734a0763527c794cb89185f46691f173,COMP_0793,invoice,2025-12-10,2026-01-09,2025-12-10 00:00:00,-133.1,0.0,EUR,EUR,1.0,paid,S.Fra /1975 COUNTERPARTY_57046 Ef 1XS25-3813,COUNTERPARTY_57046
73b0196c9b4502b6f81058dbf4823c78,COMP_0793,invoice,2025-10-14,2025-11-13,2025-12-11 00:00:00,-296.01,0.0,EUR,EUR,1.0,paid,S.Fra /1679 COUNTERPARTY_48090 Ef 190833,COUNTERPARTY_48090
74cabab7ccdcdb26be7d37ca3472bd2e,COMP_0793,invoice,2025-10-31,2025-11-30,2025-12-11 00:00:00,-248.66,0.0,EUR,EUR,1.0,paid,S.Fra /1716 COUNTERPARTY_27660 Ef 1A/25599,COUNTERPARTY_27660
753b8186ee34ae2ece329da74929e2d2,COMP_0793,invoice,2025-12-31,2025-12-31,2025-12-31 00:00:00,205.75,0.0,EUR,EUR,1.0,paid,N.Fra TB2025F/626 COUNTERPARTY_38868 Ef 1,COUNTERPARTY_38868
809df308febcac48b8b4e55e572f96c6,COMP_0001,invoice,2025-11-27,2025-11-27,2025-12-11 00:00:00,-7260.0,0.0,EUR,EUR,1.0,paid,S.Fra /220 COUNTERPARTY_26899 Ef 121,COUNTERPARTY_26899
b3a49bb629089effae55c390c31c6b0d,COMP_0793,invoice,2025-09-17,2025-10-17,2025-09-17 00:00:00,239.58,0.0,EUR,EUR,1.0,paid,S.Fra /1382 COUNTERPARTY_35858 Ef 114[X]93-0009-CN-01,COUNTERPARTY_35858
b8a1d1b43609a43b96498274a70f8595,COMP_0793,invoice,2025-07-23,2025-08-22,2025-07-23 00:00:00,-775.23,0.0,EUR,EUR,1.0,paid,S.Fra /970 COUNTERPARTY_48052 Ef 1A347072,COUNTERPARTY_48052
cb79c59f07a9176841aa8c536ca0e8c2,COMP_0793,invoice,2025-08-01,2025-08-01,2025-08-11 00:00:00,-3388.0,0.0,EUR,EUR,1.0,paid,S.Fra /902 COUNTERPARTY_30640 Ef [NUM],COUNTERPARTY_30640
d8097fe3247f6b85d428ff5cf37a6301,COMP_0793,invoice,2025-06-14,2025-07-14,2025-07-01 00:00:00,-117.77,0.0,EUR,EUR,1.0,paid,S.Fra /785 COUNTERPARTY_23799. Ef 132389,COUNTERPARTY_28032
07e21852c09c82e612e390c420fb4b7d,COMP_0793,invoice,2025-04-24,2025-05-24,2025-05-14 00:00:00,-468.56,0.0,EUR,EUR,1.0,paid,S.Fra /359 COUNTERPARTY_18583 Ef [NUM],COUNTERPARTY_18583
0826615d2b575851cc1512dd5bf37ec1,COMP_0793,invoice,2025-12-01,2025-12-01,2025-12-01 00:00:00,-13685.97,0.0,EUR,EUR,1.0,paid,N.Fra [X]/16 COUNTERPARTY_10380 Ef 1,COUNTERPARTY_10380
0a352d18f500528f126de57be0acf358,COMP_0793,invoice,2025-09-28,2025-09-27,2025-11-03 00:00:00,17897.27,0.0,EUR,EUR,1.0,paid,N.Fra TB2025F/388 COUNTERPARTY_49692 Ef 1,COUNTERPARTY_49692
0e68c44ad5cea0b496a17aabf9075dcc,COMP_0793,invoice,2026-02-25,2026-03-27,2026-02-25 00:00:00,-114.74,0.0,EUR,EUR,1.0,paid,N.Fra [X]/4 COUNTERPARTY_54687 Ef 1,COUNTERPARTY_54687
11ddcbdea03070eb4f1d54a635bd5188,COMP_0793,invoice,2025-09-24,2025-10-24,2025-09-24 00:00:00,-3394.52,0.0,EUR,EUR,1.0,paid,S.Fra /1404 COUNTERPARTY_33224 Ef 12025/[NUM],COUNTERPARTY_35897
270b65f3f734cd8bb2af47c68dbb361b,COMP_0793,invoice,2025-06-30,2025-07-30,2025-07-30 00:00:00,-545.52,0.0,EUR,EUR,1.0,paid,S.Fra /746 COUNTERPARTY_23805 Ef [NUM],COUNTERPARTY_23805
3f05f4dc6018304e2fad18a3470a8199,COMP_0793,invoice,2025-10-01,2025-10-31,2025-10-01 00:00:00,-44.07,0.0,EUR,EUR,1.0,paid,S.Fra /1422 COUNTERPARTY_10795 Ef 11D63978L,COUNTERPARTY_23778
686d7935756ca230fa0267ae8386d1d3,COMP_0793,invoice,2025-11-04,2025-12-04,2025-12-11 00:00:00,-210.0,0.0,EUR,EUR,1.0,paid,S.Fra /1724 COUNTERPARTY_48090 Ef 190945,COUNTERPARTY_48090
6c2b087b84217039b174de0068078a41,COMP_0793,invoice,2025-06-23,2025-07-23,2025-06-23 00:00:00,-232.45,0.0,EUR,EUR,1.0,paid,S.Fra /531 COUNTERPARTY_01767 Ef 125,COUNTERPARTY_01767
6d87252e01cfb266278de1c3470cfd34,COMP_0793,invoice,2025-11-28,2025-11-28,2026-02-03 00:00:00,10319.75,0.0,EUR,EUR,1.0,paid,N.Fra TB2025F/567 COUNTERPARTY_10380 Ef 1,COUNTERPARTY_10380
709c8695ce51b4e07d22f57f55e6bf5a,COMP_0793,invoice,2025-07-07,2025-08-06,2025-07-07 00:00:00,-32.36,0.0,EUR,EUR,1.0,paid,S.Fra /717 COUNTERPARTY_10160 Ef 1F[NUM],COUNTERPARTY_35185
72741d1c0c8aaaaecea3f9ba30883a46,COMP_0793,invoice,2025-07-24,2025-07-24,2025-07-24 00:00:00,-2722.5,0.0,EUR,EUR,1.0,paid,S.Fra /847 [COMPANY] Ef 1130,COUNTERPARTY_22440
7a239626ab939e1c9d9a016d9c84d73a,COMP_0793,invoice,2026-01-27,2026-01-27,2026-03-02 00:00:00,16849.7,0.0,EUR,EUR,1.0,paid,N.Fra TB2026F/27 COUNTERPARTY_49692 Ef 1,COUNTERPARTY_49692
8aa037c599ff8f147eadd54dcc2e678c,COMP_0001,invoice,2025-06-19,2025-06-19,2025-06-23 00:00:00,-23.11,0.0,EUR,EUR,1.0,paid,S.Fra /132 COUNTERPARTY_01678 Ef 1ES5[X],COUNTERPARTY_48241
8c07e64d743bda61a83a259cba308df4,COMP_0793,invoice,2025-06-13,2025-06-13,2025-06-13 00:00:00,-1210.0,0.0,EUR,EUR,1.0,paid,S.Fra /543 COUNTERPARTY_26911 Ef [NUM],COUNTERPARTY_26911
8f6821d1c00b51e62c9580a49e473a83,COMP_0793,invoice,2025-10-31,2025-10-31,2025-11-07 00:00:00,-968.0,0.0,EUR,EUR,1.0,paid,S.Fra /1525 COUNTERPARTY_49814 Ef 1109/2025,COUNTERPARTY_49814
9597b69891e18346d2d343e7b6f8d1d2,COMP_0793,invoice,2025-12-31,2025-12-31,2025-12-31 00:00:00,-29.04,0.0,EUR,EUR,1.0,paid,S.Fra /2056 COUNTERPARTY_06745 Ef 18363,COUNTERPARTY_06745
99af61fc8f2e9b824b601294512d7a93,COMP_0793,invoice,2025-03-27,2025-03-27,2025-03-27 00:00:00,28.14,0.0,EUR,EUR,1.0,paid,N.Fra TB2025F/119 COUNTERPARTY_48877 Ef 1,COUNTERPARTY_48877
c1f3a7cb243526083e5495dab7432215,COMP_0001,invoice,2025-06-08,2025-06-08,2025-06-08 00:00:00,-38.36,0.0,EUR,EUR,1.0,paid,S.Fra /150 COUNTERPARTY_01678 Ef 1ES51LF6[X],COUNTERPARTY_48241
cf453ca4c98c1924c94b8cb5995fd2f1,COMP_0001,invoice,2025-07-24,2025-07-24,2025-07-24 00:00:00,2845.92,0.0,EUR,EUR,1.0,paid,N.Fra TB2025F/117 [COMPANY] Ef 1,COUNTERPARTY_03903
e1b061ddb0160ca5c0fed9707ce481f2,COMP_0793,invoice,2025-09-30,2025-10-30,2025-11-07 00:00:00,-401.39,0.0,EUR,EUR,1.0,paid,S.Fra /1418 COUNTERPARTY_51859 Ef 125-38820,COUNTERPARTY_51859
f52204708ed1009da2c7038174a8bd1d,COMP_0793,invoice,2025-06-25,2025-06-25,2025-06-25 00:00:00,2582.41,0.0,EUR,EUR,1.0,paid,N.Fra TB2025F/237 COUNTERPARTY_64432 Ef 1,COUNTERPARTY_64432
0255dd0a56bf496d152b51f448a95c9d,COMP_0793,invoice,2025-05-29,2025-05-29,2025-05-29 00:00:00,1116.56,0.0,EUR,EUR,1.0,paid,N.Fra TB2025F/191 COUNTERPARTY_48877 Ef 1,COUNTERPARTY_48877
02efa5dedba0235e60242d1f2322ecf0,COMP_0793,invoice,2025-09-29,2025-09-29,2025-10-13 00:00:00,-6050.0,0.0,EUR,EUR,1.0,paid,S.Fra /1438 [COMPANY] Ef 1160,COUNTERPARTY_22440
051cd5a4c1d7ecfff40f37820db3800b,COMP_0793,invoice,2025-07-28,2025-08-27,2025-07-28 00:00:00,-1429.22,0.0,EUR,EUR,1.0,paid,S.Fra /949 COUNTERPARTY_48052 Ef 1A347172,COUNTERPARTY_48052
1e9fa453dad5f7a4ef94854e353a75e4,COMP_0793,invoice,2026-01-12,2026-01-12,2026-02-10 00:00:00,-1323.34,0.0,EUR,EUR,1.0,paid,S.Fra /94 COUNTERPARTY_33161 Ef 1S26/54,COUNTERPARTY_47731
5e41221672ac45082a8a7c80a82746b3,COMP_0793,invoice,2025-10-17,2025-10-17,2025-12-16 00:00:00,1995.05,0.0,EUR,EUR,1.0,paid,N.Fra TB2025F/448 COUNTERPARTY_64256 Ef 1,COUNTERPARTY_64256
671b6287b9aed30b2ee3987a181a50ce,COMP_0793,invoice,2026-01-27,2026-01-27,2026-03-02 00:00:00,20337.46,0.0,EUR,EUR,1.0,paid,N.Fra TB2026F/28 COUNTERPARTY_49692 Ef 1,COUNTERPARTY_49692
7b6e3364bfd7aead9100aba87e6899a0,COMP_0793,invoice,2025-11-28,2025-12-28,2025-12-05 00:00:00,-29.0,0.0,EUR,EUR,1.0,paid,S.Fra /1916 COUNTERPARTY_18477 Ef [NUM]/AV,COUNTERPARTY_31747
8028d09d6329e847edff793c3a9f3479,COMP_0793,invoice,2025-09-24,2025-11-23,2025-09-24 00:00:00,-119.55,0.0,EUR,EUR,1.0,paid,S.Fra /1402 COUNTERPARTY_42722 Ef 1F[NUM],COUNTERPARTY_42722
841d0a2aa8b5184fe4b7488f181fbd0f,COMP_0793,invoice,2025-05-22,2025-06-21,2025-07-10 00:00:00,-303.17,0.0,EUR,EUR,1.0,paid,S.Fra /464 COUNTERPARTY_48090 Ef 189667,COUNTERPARTY_48090
84fa7f357f2aa74d8561671cc584a9e8,COMP_0793,invoice,2025-09-28,2025-09-27,2025-09-28 00:00:00,35783.49,0.0,EUR,EUR,1.0,paid,N.Fra TB2025F/395 COUNTERPARTY_47852 Ef 1,COUNTERPARTY_47852
893a6b0f45da486d550b6cc0c2a57a4a,COMP_0793,invoice,2025-04-15,2025-05-15,2025-06-06 00:00:00,-474.32,0.0,EUR,EUR,1.0,paid,S.Fra /357 COUNTERPARTY_53905 Ef 140.388,COUNTERPARTY_53905
8c9bef123aee71a37734144ec4154235,COMP_0793,invoice,2025-07-28,2025-07-28,2025-09-03 00:00:00,20324.55,0.0,EUR,EUR,1.0,paid,N.Fra TB2025F/319 COUNTERPARTY_48639 Ef 1,COUNTERPARTY_48639
a1d2526acb6e00f4769c4be5591524cb,COMP_0793,invoice,2025-11-26,2025-11-26,2025-11-26 00:00:00,752.25,0.0,EUR,EUR,1.0,paid,N.Fra TB2025F/534 COUNTERPARTY_15509. Ef 1,COUNTERPARTY_15509
a23488aeb06718868b63c8d8099f35a3,COMP_0793,invoice,2025-11-25,2025-11-25,2025-11-28 00:00:00,35783.49,0.0,EUR,EUR,1.0,paid,N.Fra TB2025F/515 COUNTERPARTY_47852 Ef 1,COUNTERPARTY_47852
b906d92fd67374355d47c83b0299b93a,COMP_0793,invoice,2025-12-31,2025-12-31,2025-12-31 00:00:00,724.55,0.0,EUR,EUR,1.0,paid,N.Fra TB2025F/640 COUNTERPARTY_64506 Ef 1,COUNTERPARTY_64506
c2de9227214ccd5117b80131392dbd6a,COMP_0001,invoice,2025-07-24,2025-07-24,2025-07-24 00:00:00,5445.0,0.0,EUR,EUR,1.0,paid,N.Fra TB2025F/133 [COMPANY] Ef 1,COUNTERPARTY_03903
d15a0d79cb0950b29c101bc608efa16f,COMP_0793,invoice,2025-07-23,2025-08-22,2025-07-23 00:00:00,-856.43,0.0,EUR,EUR,1.0,paid,S.Fra /966 COUNTERPARTY_48052 Ef 1A347073,COUNTERPARTY_48052
e0bf0305144e8410f2c4b5001679cb6c,COMP_0793,invoice,2025-05-28,2025-06-27,2025-05-27 00:00:00,-244.93,0.0,EUR,EUR,1.0,paid,S.Fra /[COMPANY] Ef [NUM],COUNTERPARTY_43184
e7fcb2da1c575550d92f085ed92e075d,COMP_0793,invoice,2025-05-22,2025-06-21,2025-06-18 00:00:00,18079.38,0.0,EUR,EUR,1.0,paid,N.Fra TB2025F/183 COUNTERPARTY_54687 Ef 1,COUNTERPARTY_54687
021b1b236858114bef1dad5707499dbd,COMP_0793,invoice,2025-03-26,2025-03-26,2025-03-26 00:00:00,495.87,0.0,EUR,EUR,1.0,paid,N.Fra TB2025F/96 COUNTERPARTY_48877 Ef 1,COUNTERPARTY_48877
20bd6c4d37071085ad4907be101c1925,COMP_0793,invoice,2025-05-19,2025-05-19,2025-06-06 00:00:00,-15730.0,0.0,EUR,EUR,1.0,paid,S.Fra /433 [COMPANY] Ef 148,COUNTERPARTY_22440
2e3c380e875383a9d412c4a79f64c4c2,COMP_0001,invoice,2026-01-30,2026-03-01,2026-02-06 00:00:00,-14520.0,0.0,EUR,EUR,1.0,paid,S.Fra /8 COUNTERPARTY_09820 Ef 11,COUNTERPARTY_09820
2f7270ef4e8be24fdfb13657bfb80f76,COMP_0793,invoice,2025-07-24,2025-07-24,2025-07-24 00:00:00,-1530.17,0.0,EUR,EUR,1.0,paid,S.Fra /826 [COMPANY] Ef 192,COUNTERPARTY_22440
368068036b34609e3d8861328a199efe,COMP_0793,invoice,2025-07-23,2025-07-23,2026-01-20 00:00:00,-482.79,0.0,EUR,EUR,1.0,paid,S.Fra /870 COUNTERPARTY_64579 Ef [NUM],COUNTERPARTY_64579
5b1bc92c2b2de55af84bbd6af8ebe6c4,COMP_0793,invoice,2026-01-23,2026-01-23,2026-01-23 00:00:00,-1248.04,0.0,EUR,EUR,1.0,paid,S.Fra /114 COUNTERPARTY_07783 Ef [NUM],COUNTERPARTY_49066
5fd55f53a5855ff1cd02f9b1fdae1f50,COMP_0793,invoice,2025-08-01,2025-08-01,2025-08-11 00:00:00,-222.64,0.0,EUR,EUR,1.0,paid,S.Fra /954 COUNTERPARTY_07284 Ef 12.281,COUNTERPARTY_07284
63f010a0d1efc51d77929bfdcc67b121,COMP_0793,invoice,2025-11-27,2025-11-27,2025-12-31 00:00:00,32170.15,0.0,EUR,EUR,1.0,paid,N.Fra TB2025F/563 COUNTERPARTY_48639 Ef 1,COUNTERPARTY_48639
78a11414334330c2de50a57ed72cb11c,COMP_0793,invoice,2025-06-27,2025-06-27,2025-07-10 00:00:00,-4235.0,0.0,EUR,EUR,1.0,paid,S.Fra /679 [COMPANY] Ef 173,COUNTERPARTY_22440
9c91768ca1403555e1dfd4543aacea2d,COMP_0793,invoice,2026-01-23,2026-01-23,2026-01-23 00:00:00,-300.95,0.0,EUR,EUR,1.0,paid,S.Fra /65 COUNTERPARTY_07783 Ef [NUM],COUNTERPARTY_49066
acfd4a020884d2b68eec18f3cf8ece49,COMP_0793,invoice,2026-01-27,2026-01-27,2026-01-28 00:00:00,334.92,0.0,EUR,EUR,1.0,paid,N.Fra TB2026F/45 COUNTERPARTY_38868 Ef 1,COUNTERPARTY_38868
b80fa99a3ee8bc35bd1b840fdc7686d9,COMP_0793,invoice,2025-06-27,2025-06-27,2025-06-27 00:00:00,17521.13,0.0,EUR,EUR,1.0,paid,N.Fra TB2025F/278 COUNTERPARTY_49391 Ef 1,COUNTERPARTY_49391
ba1bb939a01970378d9372929a4193df,COMP_0793,invoice,2025-07-28,2025-07-28,2025-09-15 00:00:00,17760.37,0.0,EUR,EUR,1.0,paid,N.Fra TB2025F/305 COUNTERPARTY_49391 Ef 1,COUNTERPARTY_49391
bb5acde46f637fb9c64996f47f3f921b,COMP_0793,invoice,2025-07-09,2025-08-08,2025-07-10 00:00:00,-33.57,0.0,EUR,EUR,1.0,paid,S.Fra /827 COUNTERPARTY_10160 Ef 1F[NUM],COUNTERPARTY_35185
d33804904502ead73e91eccb1b8f4acd,COMP_0793,invoice,2025-09-05,2025-10-05,2025-09-25 00:00:00,-907.02,0.0,EUR,EUR,1.0,paid,S.Fra /1266 COUNTERPARTY_18583 Ef [NUM],COUNTERPARTY_18583
e0d49f789682f16718f7a371b7882a41,COMP_0793,invoice,2025-08-04,2025-09-03,2025-08-04 00:00:00,-308.27,0.0,EUR,EUR,1.0,paid,S.Fra /1220 COUNTERPARTY_06924 Ef 1FRES2025/110746,COUNTERPARTY_64645
e9760464a5c3b223518b9488e738f258,COMP_0001,invoice,2025-07-31,2025-08-30,2025-07-31 00:00:00,-3.15,0.0,EUR,EUR,1.0,paid,S.Fra /179 COUNTERPARTY_00532 Ef 12025/215936,COUNTERPARTY_47953
f3381dfc5932c5d884c367ea5c31cf17,COMP_0793,invoice,2025-06-04,2025-07-04,2025-06-04 00:00:00,-99.96,0.0,EUR,EUR,1.0,paid,S.Fra /[COMPANY] Ef [NUM],COUNTERPARTY_43184
045c31910efa54dbce05b0d28d2e1b50,COMP_0793,invoice,2025-02-10,2025-03-12,2025-06-19 00:00:00,-1039.89,0.0,EUR,EUR,1.0,paid,S.Fra /582 COUNTERPARTY_48575 Ef [NUM],COUNTERPARTY_48575
04bb8354ff622e4af6f3365cc15ef493,COMP_0793,invoice,2025-02-26,2025-02-26,2025-02-26 00:00:00,1193.46,0.0,EUR,EUR,1.0,paid,N.Fra TB2025F/67 COUNTERPARTY_14912 Ef 1,COUNTERPARTY_14912
0819edf3cb9d573bb6ffe8efff604ecb,COMP_0793,invoice,2025-10-01,2025-10-31,2025-10-01 00:00:00,-239.58,0.0,EUR,EUR,1.0,paid,S.Fra /1424 COUNTERPARTY_35858 Ef 114[X]93-0014,COUNTERPARTY_35858
0aaaf1f5cfce20d5d24da15f53d46fd4,COMP_0793,invoice,2025-06-05,2025-06-05,2025-07-10 00:00:00,-62.24,0.0,EUR,EUR,1.0,paid,S.Fra /520 [COMPANY] Ef 155,COUNTERPARTY_22440
64e3bc9e503be727803b1344407e31c0,COMP_0001,invoice,2024-12-25,2025-01-24,2024-12-25 00:00:00,-145200.0,0.0,EUR,EUR,1.0,paid,S.Fra /115 COUNTERPARTY_08037 Ef 18,COUNTERPARTY_08037
69abd983cf3c327fac62843055e22d87,COMP_0793,invoice,2025-11-12,2025-11-12,2025-11-11 00:00:00,-0.36,0.0,EUR,EUR,1.0,paid,S.Fra /[COMPANY] Ef 1INVOICE,COUNTERPARTY_47950
70f8b5c09775e0b0f8272fb355ab0ab9,COMP_0001,invoice,2025-05-28,2025-06-20,2025-05-30 00:00:00,-53.14,0.0,EUR,EUR,1.0,paid,S.Fra /98 COUNTERPARTY_51086 Ef 1ES51HJ02AEUI,COUNTERPARTY_51086
7655afe921bb8a64a179c65e31f03fe8,COMP_0793,invoice,2025-06-30,2025-07-30,2025-07-21 00:00:00,-196.42,0.0,EUR,EUR,1.0,paid,S.Fra /747 COUNTERPARTY_18583 Ef [NUM],COUNTERPARTY_18583
7b0989bf4dd677646b9cce761f363cdf,COMP_0793,invoice,2025-02-07,2025-03-09,2025-11-01 00:00:00,-96.8,0.0,EUR,EUR,1.0,paid,S.Fra /1898 COUNTERPARTY_50327 Ef [NUM],COUNTERPARTY_50327
8689a525891a89a5e2e4bac5f53cb248,COMP_0793,invoice,2025-10-28,2025-10-28,2025-11-19 00:00:00,4254.65,0.0,EUR,EUR,1.0,paid,N.Fra TB2025F/491 COUNTERPARTY_14508 Ef 1,COUNTERPARTY_14508
9074e00a556791268e680e75fb12bab7,COMP_0793,invoice,2025-12-19,2026-01-18,2026-02-10 00:00:00,-177.36,0.0,EUR,EUR,1.0,paid,S.Fra /2036 COUNTERPARTY_48090 Ef 191253,COUNTERPARTY_48090
94807772f0547adaf9367ada62f4033a,COMP_0793,invoice,2025-08-24,2025-08-23,2025-10-02 00:00:00,1849.85,0.0,EUR,EUR,1.0,paid,N.Fra TB2025F/345 COUNTERPARTY_14508 Ef 1,COUNTERPARTY_14508
a334e627a948de6958cc16de88bcbc11,COMP_0793,invoice,2025-04-30,2025-04-30,2025-05-06 00:00:00,-15730.0,0.0,EUR,EUR,1.0,paid,S.Fra /364 [COMPANY] Ef 135,COUNTERPARTY_22440
ad1e38522abd093313b5133585713d77,COMP_0001,invoice,2025-12-18,2025-12-18,2026-01-05 00:00:00,-7260.01,0.0,EUR,EUR,1.0,paid,S.Fra /229 COUNTERPARTY_08037 Ef 122,COUNTERPARTY_08037
b348d2fe07bbc3b495f8dc6d119db51a,COMP_0793,invoice,2025-07-08,2025-08-07,2025-07-08 00:00:00,-10.01,0.0,EUR,EUR,1.0,paid,S.Fra /741 COUNTERPARTY_55261 Ef 1250.325,COUNTERPARTY_55261
c22248bf140cc2789ac8a8dc3acdf0a0,COMP_0793,invoice,2025-03-26,2025-03-26,2025-06-04 00:00:00,133.71,0.0,EUR,EUR,1.0,paid,N.Fra TB2025F/106 COUNTERPARTY_15482 Ef 1,COUNTERPARTY_15482
cbdd0c8d8e8b8a408adf694fb0bf267b,COMP_0793,invoice,2025-07-15,2025-08-14,2025-10-13 00:00:00,-500.29,0.0,EUR,EUR,1.0,paid,S.Fra /804 COUNTERPARTY_48443 Ef [NUM],COUNTERPARTY_48443
db2ec50e1d422274fb55e336a6b82522,COMP_0793,invoice,2025-05-30,2025-05-30,2025-06-25 00:00:00,32918.29,0.0,EUR,EUR,1.0,paid,N.Fra TB2025F/215 COUNTERPARTY_48639 Ef 1,COUNTERPARTY_48639
df0bd72a1a7adfddfc5c987d1f240b7e,COMP_0793,invoice,2025-05-29,2025-06-28,2025-05-27 00:00:00,-169.06,0.0,EUR,EUR,1.0,paid,S.Fra /480 COUNTERPARTY_64740 Ef 1ES/79193,COUNTERPARTY_64740
faabdebef0d1dea73c38e4f126ebe8c3,COMP_0793,invoice,2025-03-06,2025-04-05,2025-07-10 00:00:00,-788.92,0.0,EUR,EUR,1.0,paid,S.Fra /235 COUNTERPARTY_50327 Ef [NUM],COUNTERPARTY_50327
fb95bf233b792f56e1551554c93019a3,COMP_0793,invoice,2025-12-05,2026-01-04,2026-02-10 00:00:00,-534.61,0.0,EUR,EUR,1.0,paid,S.Fra /2024 COUNTERPARTY_22217 Ef 12025/AA/[NUM],COUNTERPARTY_22217
fdcab0284d06dc5cc13e3379210241e9,COMP_0001,invoice,2025-09-29,2025-09-29,2025-10-14 00:00:00,8470.0,0.0,EUR,EUR,1.0,paid,N.Fra TB2025F/165 [COMPANY] Ef 1,COUNTERPARTY_03903
0e1d0219524fec0436ed085cfea29e97,COMP_0793,invoice,2025-10-08,2025-11-07,2025-11-07 00:00:00,-544.5,0.0,EUR,EUR,1.0,paid,S.Fra /1671 COUNTERPARTY_57979 Ef 1:TB-2025-F183,COUNTERPARTY_57979
142d38fcc78d8da4ed9c977e3861c5d9,COMP_0001,invoice,2025-08-17,2025-08-16,2025-09-11 00:00:00,3630.0,0.0,EUR,EUR,1.0,paid,N.Fra TB2025F/143 [COMPANY] Ef 1,COUNTERPARTY_03903
15141a448761063d21a0b0c2346ec26b,COMP_0793,invoice,2025-12-02,2025-12-02,2025-12-02 00:00:00,-2448.0,0.0,EUR,EUR,1.0,paid,S.Fra /1776 COUNTERPARTY_16268. Ef 1TB-2025-F41,COUNTERPARTY_16268
18461f8cfe1c4a81bafc7a96f917cf91,COMP_0001,invoice,2025-10-22,2025-10-22,2025-11-10 00:00:00,409.06,0.0,EUR,EUR,1.0,paid,N.Fra TB2025F/174 [COMPANY] Ef 1,COUNTERPARTY_03903
395bfcf27962d10a2f159a66be544483,COMP_0793,invoice,2025-06-14,2025-07-14,2025-07-01 00:00:00,-582.34,0.0,EUR,EUR,1.0,paid,S.Fra /815 COUNTERPARTY_23799. Ef 132390,COUNTERPARTY_28032
3ff731b73893708d86cde9176707ecfe,COMP_0793,invoice,2025-09-29,2025-09-29,2025-10-13 00:00:00,-2722.5,0.0,EUR,EUR,1.0,paid,S.Fra /1444 [COMPANY] Ef 1166,COUNTERPARTY_22440
404ec820a3347c5936b107ccd214358e,COMP_0793,invoice,2025-07-31,2025-07-31,2025-08-11 00:00:00,-153.52,0.0,EUR,EUR,1.0,paid,S.Fra /978 COUNTERPARTY_44986 Ef 1L21707,COUNTERPARTY_44986
46a2b374028b5c24f5cd056454291320,COMP_0793,invoice,2025-03-25,2025-03-25,2025-05-06 00:00:00,-1815.0,0.0,EUR,EUR,1.0,paid,S.Fra /303 [COMPANY] Ef 130,COUNTERPARTY_22440
785d99f641922d0f534ccab7be32432a,COMP_0001,invoice,2025-05-22,2025-06-20,2025-05-22 00:00:00,-599.97,0.0,EUR,EUR,1.0,paid,S.Fra /90 COUNTERPARTY_51086 Ef 1ES51[X],COUNTERPARTY_51086
823b6f1130c8d04b66f3def67c113d69,COMP_0793,invoice,2025-07-31,2025-08-30,2025-07-31 00:00:00,-178.6,0.0,EUR,EUR,1.0,paid,S.Fra /1205 COUNTERPARTY_30606 Ef 1S25/371,COUNTERPARTY_30606
9557a621a743d1ac9217de234383f0b7,COMP_0793,invoice,2025-08-13,2025-09-12,2025-10-13 00:00:00,-268.69,0.0,EUR,EUR,1.0,paid,S.Fra /1148 COUNTERPARTY_19801 Ef [NUM],COUNTERPARTY_64826
98a497b8ee2a3e0b618587e9f2ab1143,COMP_0793,invoice,2025-09-29,2025-09-29,2025-10-13 00:00:00,-5082.0,0.0,EUR,EUR,1.0,paid,S.Fra /1452 [COMPANY] Ef 1156,COUNTERPARTY_22440
a4f68b2b61e4541eb7a80b85b5065e94,COMP_0793,invoice,2025-06-23,2025-07-23,2025-06-23 00:00:00,-21.85,0.0,EUR,EUR,1.0,paid,S.Fra /530 COUNTERPARTY_01767 Ef 126,COUNTERPARTY_01767
b3be96358a15f174ac77d8e708715a44,COMP_0793,invoice,2025-07-24,2025-07-24,2025-07-24 00:00:00,-4235.0,0.0,EUR,EUR,1.0,paid,S.Fra /843 [COMPANY] Ef 1123,COUNTERPARTY_22440
cd494110160b4a26c06c0c101b1d46d7,COMP_0793,invoice,2025-12-23,2026-01-22,2026-01-21 00:00:00,17987.59,0.0,EUR,EUR,1.0,paid,N.Fra TB2025F/587 COUNTERPARTY_54687 Ef 1,COUNTERPARTY_54687
d14c782de02c14a5d0d7323a52619591,COMP_0793,invoice,2025-12-23,2025-12-23,2025-12-23 00:00:00,14576.62,0.0,EUR,EUR,1.0,paid,N.Fra TB2025F/598 COUNTERPARTY_49391 Ef 1,COUNTERPARTY_49391
da06aca5481ec9d74bb328b351427a73,COMP_0793,invoice,2025-08-08,2025-10-07,2025-08-08 00:00:00,261.36,0.0,EUR,EUR,1.0,paid,S.Fra /1138 COUNTERPARTY_42722 Ef 1AB[NUM],COUNTERPARTY_42722
dd8184a4bc7b6c41a97f2253a9aea18f,COMP_0001,invoice,2025-09-22,2025-10-22,2025-09-22 00:00:00,-194.11,0.0,EUR,EUR,1.0,paid,S.Fra /[COMPANY] Ef [NUM],COUNTERPARTY_28286
ef3399c93509e656457aaa81197944f6,COMP_0793,invoice,2025-11-27,2025-11-27,2025-12-02 00:00:00,268.17,0.0,EUR,EUR,1.0,paid,N.Fra TB2025F/556 COUNTERPARTY_39290 Ef 1,COUNTERPARTY_39290
0622fdfedcf012a0edecc180348a5505,COMP_0793,invoice,2025-10-06,2025-11-05,2025-10-06 00:00:00,-729.0,0.0,EUR,EUR,1.0,paid,S.Fra /1657 COUNTERPARTY_64866 Ef 1FA25-004995,COUNTERPARTY_64866
2e8d1e6551656ba7c280c1e76c15a368,COMP_0793,invoice,2025-05-13,2025-06-12,2025-07-10 00:00:00,-60.5,0.0,EUR,EUR,1.0,paid,S.Fra /418 COUNTERPARTY_51816 Ef 12025P/120,COUNTERPARTY_51816
387ae1c5bde2316bdbbd0914347b1f4e,COMP_0001,invoice,2026-02-06,2026-03-08,2026-02-06 00:00:00,-104.61,0.0,EUR,EUR,1.0,paid,S.Fra /15 COUNTERPARTY_24926 Ef [NUM]/5/26/000346,COUNTERPARTY_55414
3ae4afd017be0751dbdad3da64506f22,COMP_0793,invoice,2025-09-28,2025-10-28,2025-10-14 00:00:00,17382.22,0.0,EUR,EUR,1.0,paid,N.Fra TB2025F/398 COUNTERPARTY_49557 Ef 1,COUNTERPARTY_49557
3afa8e8a434d3c867c2e67f4b161a1c8,COMP_0793,invoice,2025-09-17,2025-10-17,2025-10-01 00:00:00,-143.99,0.0,EUR,EUR,1.0,paid,S.Fra /1598 COUNTERPARTY_48052 Ef 1A350859,COUNTERPARTY_48052
429b84db277685a841d889b9818f9148,COMP_0793,invoice,2025-09-29,2025-09-29,2025-10-22 00:00:00,41597.5,0.0,EUR,EUR,1.0,paid,N.Fra TB2025F/407 COUNTERPARTY_19200 Ef 1,COUNTERPARTY_19200
4fefa2cbc16ae86b8688e16a634f3522,COMP_0793,invoice,2025-10-28,2025-10-28,2025-10-28 00:00:00,1332.28,0.0,EUR,EUR,1.0,paid,N.Fra TB2025F/489 COUNTERPARTY_51678 Ef 1,COUNTERPARTY_51678
5bed1ce3b5c0790e349678594ad8e884,COMP_0793,invoice,2025-07-17,2025-08-16,2025-07-17 00:00:00,-67.78,0.0,EUR,EUR,1.0,paid,S.Fra /833 COUNTERPARTY_47799 Ef [NUM],COUNTERPARTY_47799
689f22e9bff6fa88263cd6fc712ca59c,COMP_0793,invoice,2025-12-23,2025-12-23,2026-02-02 00:00:00,18293.77,0.0,EUR,EUR,1.0,paid,N.Fra TB2025F/589 COUNTERPARTY_49692 Ef 1,COUNTERPARTY_49692
68f6a1127e24c3d5c18508b0e183278f,COMP_0793,invoice,2026-02-04,2026-02-04,2026-02-10 00:00:00,-74.4,0.0,EUR,EUR,1.0,paid,S.Fra /285 COUNTERPARTY_01639 Ef [NUM],COUNTERPARTY_11626
6fa9fc6be38010e894a7f7756b6f4af4,COMP_0793,invoice,2025-05-05,2025-06-04,2025-06-06 00:00:00,-777.92,0.0,EUR,EUR,1.0,paid,S.Fra /429 COUNTERPARTY_48090 Ef 189554,COUNTERPARTY_48090
7340a6776845dcede76dbeacb131bb5d,COMP_0793,invoice,2025-09-17,2025-09-17,2025-10-13 00:00:00,-1016.4,0.0,EUR,EUR,1.0,paid,S.Fra /1387 COUNTERPARTY_60095 Ef 1F250292,COUNTERPARTY_60095
837944ae06898164077b1cefd06ec8da,COMP_0793,invoice,2025-10-22,2025-10-22,2025-10-22 00:00:00,-4235.0,0.0,EUR,EUR,1.0,paid,S.Fra /1619 [COMPANY] Ef 1181,COUNTERPARTY_22440
902b99f8b057e4503cb4af5cd71dd0d0,COMP_0793,invoice,2025-12-31,2025-12-31,2026-01-09 00:00:00,129.29,0.0,EUR,EUR,1.0,paid,N.Fra TB2025F/636 COUNTERPARTY_39290 Ef 1,COUNTERPARTY_39290
a4ef1ded09ac3420ddf8b4290d318f10,COMP_0793,invoice,2025-06-30,2025-06-30,2025-07-10 00:00:00,-454.37,0.0,EUR,EUR,1.0,paid,S.Fra /691 [COMPANY] Ef 184,COUNTERPARTY_22440
a5d189444e29e8a20e7c991a612b17d0,COMP_0793,invoice,2025-05-06,2025-07-05,2025-05-06 00:00:00,-254.2,0.0,EUR,EUR,1.0,paid,S.Fra /410 COUNTERPARTY_42909. Ef 225/809,COUNTERPARTY_42909
ab3eb39a68389f4f4340e1beeca926ed,COMP_0793,invoice,2026-02-01,2026-02-01,2026-02-04 00:00:00,-256.52,0.0,EUR,EUR,1.0,paid,S.Fra /132 COUNTERPARTY_18906 Ef 1[X]/2026/01994,COUNTERPARTY_18906
ad54cd3f66c595d476051e18c47eea63,COMP_0793,invoice,2025-05-30,2025-06-28,2025-06-12 00:00:00,36064.3,0.0,EUR,EUR,1.0,paid,N.Fra TB2025F/209 COUNTERPARTY_49557 Ef 1,COUNTERPARTY_49557
b337b4d72d71ccd5bd689b2648a88931,COMP_0001,invoice,2025-06-05,2025-06-05,2025-06-09 00:00:00,242.0,0.0,EUR,EUR,1.0,paid,N.Fra TB2025F/60 [COMPANY] Ef 1,COUNTERPARTY_03903
f9910e9cbde155134b3ce4869d95610b,COMP_0001,invoice,2025-04-01,2025-05-01,2025-04-01 00:00:00,-231.34,0.0,EUR,EUR,1.0,paid,S.Fra /78 COUNTERPARTY_07183 Ef 12025L/25/[NUM],COUNTERPARTY_50543
0823cbab68643f4116a9e49e877293c4,COMP_0001,invoice,2025-05-20,2025-05-20,2025-06-04 00:00:00,-463.73,0.0,EUR,EUR,1.0,paid,S.Fra /88 COUNTERPARTY_50051 Ef 1S01/9919,COUNTERPARTY_64972
0ab87da16607d1b8a0dc4df0d78707d6,COMP_0793,invoice,2025-10-12,2025-11-11,2025-10-12 00:00:00,-16.5,0.0,EUR,EUR,1.0,paid,S.Fra /1508 COUNTERPARTY_07226 Ef 1ES51EX0WABEI,COUNTERPARTY_18040
181a4b3dae81f0138a7842d6434df577,COMP_0793,invoice,2025-09-17,2025-10-17,2025-10-01 00:00:00,239.58,0.0,EUR,EUR,1.0,paid,S.Fra /1648 COUNTERPARTY_35858 Ef 114[X]93-0010-CN-01,COUNTERPARTY_35858
240f23ee46559726810dc4ea206b6593,COMP_0793,invoice,2025-06-01,2025-06-01,2025-06-01 00:00:00,-123.42,0.0,EUR,EUR,1.0,paid,S.Fra /496 COUNTERPARTY_18906 Ef 12025/4960,COUNTERPARTY_18906
26d7136128f26301614b5e5adf585018,COMP_0001,invoice,2025-09-30,2025-09-30,2025-10-01 00:00:00,-69.08,0.0,EUR,EUR,1.0,paid,S.Fra /193 COUNTERPARTY_51811 Ef 1CI[NUM]-0925,COUNTERPARTY_51811
2ff66670fe042de90cdb0b5b8f9e1a83,COMP_0001,invoice,2025-08-17,2025-08-16,2025-09-11 00:00:00,8470.0,0.0,EUR,EUR,1.0,paid,N.Fra TB2025F/142 [COMPANY] Ef 1,COUNTERPARTY_03903
3a9eb2992665a5ab952a4b9d5af60352,COMP_0793,invoice,2025-07-24,2025-07-24,2025-07-24 00:00:00,-1858.56,0.0,EUR,EUR,1.0,paid,S.Fra /776 [COMPANY] Ef 1114,COUNTERPARTY_22440
47c1170e49a40e0824b983870766a209,COMP_0793,invoice,2026-01-23,2026-01-23,2026-01-23 00:00:00,-566.76,0.0,EUR,EUR,1.0,paid,S.Fra /64 COUNTERPARTY_07783 Ef [NUM],COUNTERPARTY_49066
644a659cd9fe3441226a93095b2e76c8,COMP_0793,invoice,2025-09-16,2025-09-16,2025-10-13 00:00:00,-4226.46,0.0,EUR,EUR,1.0,paid,S.Fra /1464 COUNTERPARTY_31602 Ef 123/[TAXID],COUNTERPARTY_31602
69bce0346e65f0d0bb650d7ec3998b80,COMP_0793,invoice,2025-12-31,2025-12-31,2026-01-12 00:00:00,1674.19,0.0,EUR,EUR,1.0,paid,N.Fra TB2025F/623 COUNTERPARTY_03512 Ef 1,COUNTERPARTY_03512
6c77fe6afdfae3f19a764f31ba4a7d4b,COMP_0793,invoice,2025-11-26,2025-12-26,2026-01-12 00:00:00,-339.8,0.0,EUR,EUR,1.0,paid,S.Fra /1879 COUNTERPARTY_48090 Ef 191094,COUNTERPARTY_48090
6c913120577e187b79d1720a239e8b03,COMP_0793,invoice,2025-04-24,2025-04-24,2025-05-28 00:00:00,11427.46,0.0,EUR,EUR,1.0,paid,N.Fra TB2025F/134 COUNTERPARTY_14508 Ef 1,COUNTERPARTY_14508
7e9ac39841b830c5f5d819d7c9ec97cf,COMP_0793,invoice,2025-09-30,2025-10-30,2025-10-30 00:00:00,-585.72,0.0,EUR,EUR,1.0,paid,S.Fra /1411 COUNTERPARTY_23805 Ef [NUM],COUNTERPARTY_23805
857728e5cdaf0a52e3b9154d5c378444,COMP_0793,invoice,2025-06-04,2025-06-04,2025-06-04 00:00:00,-0.36,0.0,EUR,EUR,1.0,paid,S.Fra /[COMPANY] Ef [REF],COUNTERPARTY_47950
87d09b2e480cbc8feec7050e8a35aeba,COMP_0793,invoice,2026-02-20,2026-02-20,2026-02-20 00:00:00,-191.62,0.0,EUR,EUR,1.0,paid,S.Fra /336 COUNTERPARTY_07466. Ef [NUM],COUNTERPARTY_57689
9b0fb9adb2f00b6d7075be4a3ee320d0,COMP_0793,invoice,2025-04-30,2025-04-30,2025-05-28 00:00:00,4937.74,0.0,EUR,EUR,1.0,paid,N.Fra TB2025F/167 COUNTERPARTY_48639 Ef 1,COUNTERPARTY_48639
ad940178942262c4d9969f9b757002af,COMP_0793,invoice,2025-06-02,2025-07-02,2026-01-12 00:00:00,-1373.96,0.0,EUR,EUR,1.0,paid,S.Fra /486 COUNTERPARTY_10819 Ef [REF],COUNTERPARTY_10819
b0829a901449311cc3669405e7c9ae98,COMP_0793,invoice,2025-03-30,2025-04-29,2025-05-06 00:00:00,-1718.97,0.0,EUR,EUR,1.0,paid,S.Fra /290 COUNTERPARTY_63425. Ef 12025/309,COUNTERPARTY_63425
d761c3ef30abdd5d3bb2b598aea4d0fb,COMP_0793,invoice,2025-05-30,2025-06-29,2025-06-19 00:00:00,-46089.07,0.0,EUR,EUR,1.0,paid,S.Fra /513 COUNTERPARTY_18583 Ef [NUM],COUNTERPARTY_18583
de0bc1ef042fdd6b9e1ed4b1f0b0ee09,COMP_0793,invoice,2025-04-24,2025-04-24,2025-05-28 00:00:00,1414.79,0.0,EUR,EUR,1.0,paid,N.Fra TB2025F/136 COUNTERPARTY_14508 Ef 1,COUNTERPARTY_14508
f2889370d930a876ded8d1fd9a6fae89,COMP_0793,invoice,2025-04-15,2025-04-15,2025-05-16 00:00:00,-0.36,0.0,EUR,EUR,1.0,paid,S.Fra /[COMPANY] Ef 1FZ025104,COUNTERPARTY_47950
063093fccf8c7bd227a3e5cd7902ce9a,COMP_0793,invoice,2025-12-31,2025-12-31,2025-12-31 00:00:00,1027.25,0.0,EUR,EUR,1.0,paid,N.Fra TB2025F/624 COUNTERPARTY_14912 Ef 1,COUNTERPARTY_14912
17a7a35178a8d8f179819b6834e367e2,COMP_0001,invoice,2025-06-11,2025-06-11,2025-06-11 00:00:00,-119.0,0.0,EUR,EUR,1.0,paid,S.Fra /146 COUNTERPARTY_01678 Ef 1ES51[X],COUNTERPARTY_48241
1ab82fcb63c50125cfac007cd44d8b99,COMP_0793,invoice,2026-02-05,2026-03-07,2026-02-25 00:00:00,-2895.34,0.0,EUR,EUR,1.0,paid,S.Fra /286 COUNTERPARTY_18583 Ef [REF],COUNTERPARTY_18583
332f65ede4d8f9a70fb7128fd1004a51,COMP_0793,invoice,2025-06-30,2025-07-30,2025-06-30 00:00:00,-1730.3,0.0,EUR,EUR,1.0,paid,S.Fra /688 COUNTERPARTY_10819 Ef [NUM],COUNTERPARTY_10819
361844516e14e001d9d87edd6df35dd1,COMP_0793,invoice,2025-11-30,2025-12-30,2026-01-12 00:00:00,-248.66,0.0,EUR,EUR,1.0,paid,S.Fra /1954 COUNTERPARTY_27660 Ef 125663,COUNTERPARTY_27660
430d4a15caa17d9d373a6ae721792347,COMP_0793,invoice,2025-06-10,2025-06-10,2025-07-10 00:00:00,-290.38,0.0,EUR,EUR,1.0,paid,S.Fra /644 [COMPANY] Ef 167,COUNTERPARTY_22440
437ff9d09f7eb7dc622bc83bdcabf48d,COMP_0793,invoice,2026-02-06,2026-02-06,2026-02-13 00:00:00,-260.6,0.0,EUR,EUR,1.0,paid,S.Fra /247 [COMPANY] Ef [REF],COUNTERPARTY_21065
5434357c33b895d80a486a690c47e7c1,COMP_0001,invoice,2025-06-19,2025-06-19,2025-06-20 00:00:00,-99.95,0.0,EUR,EUR,1.0,paid,S.Fra /130 COUNTERPARTY_01678 Ef 1ES5T1[X],COUNTERPARTY_48241
6696b3e3b947681dba229fa102779ec1,COMP_0793,invoice,2025-06-30,2025-06-30,2025-06-30 00:00:00,-267.45,0.0,EUR,EUR,1.0,paid,S.Fra /578 COUNTERPARTY_56541 Ef 125/3308,COUNTERPARTY_56541
7dd9e4888a71eab25075fd6322a31f60,COMP_0001,invoice,2025-05-23,2025-05-23,2025-06-09 00:00:00,61.38,0.0,EUR,EUR,1.0,paid,N.Fra TB2025F/51 [COMPANY] Ef 1,COUNTERPARTY_03903
8c4496cd7bbe6eb516908c6f894bd393,COMP_0793,invoice,2025-10-22,2025-11-21,2025-10-24 00:00:00,-10.27,0.0,EUR,EUR,1.0,paid,S.Fra /1520 COUNTERPARTY_07226 Ef 1ES51[X],COUNTERPARTY_18040
916b14d060c1977b40e05acec93bfc2a,COMP_0001,invoice,2025-07-24,2025-07-24,2025-07-11 00:00:00,6050.0,0.0,EUR,EUR,1.0,paid,N.Fra TB2025F/124 [COMPANY] Ef 1,COUNTERPARTY_03903
a4965c2ee0341266ea95ef42cb5c080f,COMP_0001,invoice,2025-06-30,2025-06-30,2025-07-11 00:00:00,34.13,0.0,EUR,EUR,1.0,paid,N.Fra TB2025F/85 [COMPANY] Ef 1,COUNTERPARTY_03903
a930b096baa9a3c3694524d76686975b,COMP_0793,invoice,2025-05-20,2025-06-19,2025-06-10 00:00:00,-120.35,0.0,EUR,EUR,1.0,paid,S.Fra /435 COUNTERPARTY_58017 Ef [NUM],COUNTERPARTY_58017
ab74fd7efc4a2b644f0229ac4a8bb817,COMP_0793,invoice,2025-05-16,2025-06-15,2025-05-16 00:00:00,-104.1,0.0,EUR,EUR,1.0,paid,S.Fra /414 COUNTERPARTY_24926 Ef [NUM]/V/25/000013,COUNTERPARTY_57870
af0dc7e8aca776a13a1b98e24fecac20,COMP_0793,invoice,2025-04-29,2025-04-29,2025-05-16 00:00:00,35783.49,0.0,EUR,EUR,1.0,paid,N.Fra TB2025F/138 COUNTERPARTY_47852 Ef 1,COUNTERPARTY_47852
bd8762dc77296b3b1c0aaf71fd418eb1,COMP_0001,invoice,2025-08-15,2025-09-14,2025-08-22 00:00:00,-1829.33,0.0,EUR,EUR,1.0,paid,S.Fra /[COMPANY] Ef 1CI[NUM],COUNTERPARTY_28286
c64bfa70a1cb84d37eb450d1abedbb75,COMP_0793,invoice,2025-05-29,2025-05-29,2025-06-06 00:00:00,212.17,0.0,EUR,EUR,1.0,paid,N.Fra TB2025F/204 COUNTERPARTY_06305 Ef 1,COUNTERPARTY_06305
c6ac11f333e01dab61a033fa00391542,COMP_0793,invoice,2025-04-21,2025-04-21,2025-04-21 00:00:00,-4.36,0.0,EUR,EUR,1.0,paid,S.Fra /[COMPANY] Ef [REF],COUNTERPARTY_47950
c919b647f5b86e1f8c1f008ed5ca4f4b,COMP_0793,invoice,2025-05-31,2025-06-30,2025-06-30 00:00:00,-109.4,0.0,EUR,EUR,1.0,paid,S.Fra /495 COUNTERPARTY_23805 Ef [NUM],COUNTERPARTY_23805
cd7cf083d4ea7722ccd553efb4b7098f,COMP_0793,invoice,2025-11-30,2025-11-30,2025-12-11 00:00:00,-323.31,0.0,EUR,EUR,1.0,paid,S.Fra /1959 COUNTERPARTY_30606 Ef 1622,COUNTERPARTY_30606
d5cad864143af386fbf5f351df49e0bf,COMP_0793,invoice,2025-07-24,2025-07-24,2025-07-24 00:00:00,-165.65,0.0,EUR,EUR,1.0,paid,S.Fra /842 [COMPANY] Ef 1101,COUNTERPARTY_22440
e8ea65dbe0ae2b9300c0fc4111041c41,COMP_0793,invoice,2025-06-10,2025-07-10,2025-06-10 00:00:00,-99.95,0.0,EUR,EUR,1.0,paid,S.Fra /[COMPANY] Ef [NUM],COUNTERPARTY_43184
00e412c5bc13a38147989f65f575e508,COMP_0001,invoice,2025-08-01,2025-08-31,2025-08-14 00:00:00,-14520.0,0.0,EUR,EUR,1.0,paid,S.Fra /163 COUNTERPARTY_09820 Ef 11,COUNTERPARTY_09820
1d2261002bcddbe9451a9472687dbbf8,COMP_0793,invoice,2025-07-01,2025-07-31,2025-07-01 00:00:00,-632.45,0.0,EUR,EUR,1.0,paid,S.Fra /632 COUNTERPARTY_10795 Ef 11R32826M,COUNTERPARTY_23778
4c0c332f768bf37ccf0b820ca8cca3af,COMP_0793,invoice,2025-07-31,2025-07-31,2025-07-31 00:00:00,772.0,0.0,EUR,EUR,1.0,paid,N.Fra TB2025F/341 COUNTERPARTY_19200 Ef 1,COUNTERPARTY_19200
56c8f4138b640100409c65bd9d84d3da,COMP_0793,invoice,2025-08-08,2025-10-07,2025-08-08 00:00:00,217.8,0.0,EUR,EUR,1.0,paid,S.Fra /1141 COUNTERPARTY_42722 Ef 1AB[NUM],COUNTERPARTY_42722
6aaefb3cde840fdc3380e8298d14b1c8,COMP_0793,invoice,2025-04-24,2025-05-24,2025-04-24 00:00:00,241.76,0.0,EUR,EUR,1.0,paid,N.Fra TB2025F/129 COUNTERPARTY_57294 Ef 1,COUNTERPARTY_57294
6bdcf3db4d0b220abe55478482000cd2,COMP_0001,invoice,2025-07-31,2025-08-30,2025-07-31 00:00:00,-289.86,0.0,EUR,EUR,1.0,paid,S.Fra /162 COUNTERPARTY_07183 Ef 189639,COUNTERPARTY_50543
74ebd6d224fbece41f448e5f8ba3fc61,COMP_0001,invoice,2025-05-19,2025-05-19,2025-06-09 00:00:00,4235.0,0.0,EUR,EUR,1.0,paid,N.Fra TB2025F/46 [COMPANY] Ef 1,COUNTERPARTY_03903
78f49748c1e0e1f95637da84dc165358,COMP_0001,invoice,2025-04-07,2025-05-07,2025-04-07 00:00:00,-12.79,0.0,EUR,EUR,1.0,paid,S.Fra /70 COUNTERPARTY_01023 Ef [REF],COUNTERPARTY_49480
ab3f35178a30e82bc168340a7f705d07,COMP_0001,invoice,2025-05-19,2025-05-19,2025-05-19 00:00:00,4235.0,0.0,EUR,EUR,1.0,paid,N.Fra TB2025F/47 [COMPANY] Ef 1,COUNTERPARTY_03903
b35821b62453a13a9b35b438d5e0f370,COMP_0001,invoice,2025-01-16,2025-01-16,2025-01-16 00:00:00,-104.0,0.0,EUR,EUR,1.0,paid,S.Fra /5 COUNTERPARTY_65222 Ef [REF],COUNTERPARTY_65222
c3e128730d4bd072a8369b0f07542fbb,COMP_0793,invoice,2025-09-29,2025-09-29,2025-10-13 00:00:00,-6655.0,0.0,EUR,EUR,1.0,paid,S.Fra /1447 [COMPANY] Ef 1154,COUNTERPARTY_22440
cf121767bb3ba16897d2307a6103d5d7,COMP_0793,invoice,2025-11-28,2025-12-28,2025-12-30 00:00:00,-31.65,0.0,EUR,EUR,1.0,paid,S.Fra /1886 COUNTERPARTY_23748 Ef 1FV[NUM],COUNTERPARTY_23748
da1db3401a39f7b2bd395d3e20f8303a,COMP_0793,invoice,2025-04-30,2025-04-30,2025-04-30 00:00:00,423.5,0.0,EUR,EUR,1.0,paid,N.Fra TB2025F/147 COUNTERPARTY_48877 Ef 1,COUNTERPARTY_48877
e1b82063c44bf8cc7f3a9a511def3568,COMP_0793,invoice,2025-10-22,2025-10-22,2025-11-07 00:00:00,-4235.0,0.0,EUR,EUR,1.0,paid,S.Fra /1522 COUNTERPARTY_15356 Ef 125,COUNTERPARTY_22140
eceb686aebb6eb0a762de4f611ba6726,COMP_0793,invoice,2025-07-08,2025-09-06,2025-07-08 00:00:00,-193.12,0.0,EUR,EUR,1.0,paid,S.Fra /797 COUNTERPARTY_42722 Ef 1F[NUM],COUNTERPARTY_42722
f55b6dc4cd8c075694b220fd8885520b,COMP_0793,invoice,2025-11-17,2025-12-17,2026-01-12 00:00:00,-407.77,0.0,EUR,EUR,1.0,paid,S.Fra /1862 COUNTERPARTY_51965 Ef 12025A/4768,COUNTERPARTY_57664
f7d517aae6af71e4d89b9b8baaf1c036,COMP_0001,invoice,2025-11-28,2025-12-28,2025-12-11 00:00:00,-14520.0,0.0,EUR,EUR,1.0,paid,S.Fra /221 COUNTERPARTY_09820 Ef 15,COUNTERPARTY_09820
0379384a642dbfe25ef9f59dcce7aa95,COMP_0793,invoice,2025-07-24,2025-08-23,2025-07-24 00:00:00,-574.75,0.0,EUR,EUR,1.0,paid,S.Fra /972 COUNTERPARTY_50051. Ef 1S01/10412,COUNTERPARTY_50051
04115b5a8aa83cae168355a0cb071082,COMP_0793,invoice,2025-05-25,2025-05-25,2025-05-25 00:00:00,-10.6,0.0,EUR,EUR,1.0,paid,S.Fra /451 COUNTERPARTY_27278 Ef 1N2025/034037,COUNTERPARTY_27278
048362996819fff44579a2046909b86b,COMP_0793,invoice,2025-07-28,2025-08-27,2025-09-10 00:00:00,-87.85,0.0,EUR,EUR,1.0,paid,S.Fra /812 COUNTERPARTY_48090 Ef 190193,COUNTERPARTY_48090
1bf9abb2ebbc2d923beda8fe5f9cb858,COMP_0793,invoice,2025-10-29,2025-12-28,2025-10-29 00:00:00,-106.96,0.0,EUR,EUR,1.0,paid,S.Fra /1700 COUNTERPARTY_42722 Ef 1F[NUM],COUNTERPARTY_42722
1f96a52b6b8f854d687a53c8e7a77157,COMP_0793,invoice,2025-05-16,2025-05-16,2025-05-16 00:00:00,-459.31,0.0,EUR,EUR,1.0,paid,S.Fra /536 COUNTERPARTY_42922 Ef 1P/00788,COUNTERPARTY_42922
23239933370e6e29def404af1cc6b149,COMP_0793,invoice,2025-07-14,2025-08-13,2025-07-14 00:00:00,-680.63,0.0,EUR,EUR,1.0,paid,S.Fra /831 COUNTERPARTY_50051. Ef 1S01/10335,COUNTERPARTY_50051
27758b09da1a0224bb880486b7bed255,COMP_0793,invoice,2025-12-03,2025-12-03,2025-12-10 00:00:00,-128.05,0.0,EUR,EUR,1.0,paid,S.Fra /1972 [COMPANY] Ef [REF],COUNTERPARTY_21065
394dd5e63e3af0215431ba842db672e1,COMP_0793,invoice,2025-07-31,2025-07-31,2025-08-11 00:00:00,-1545.73,0.0,EUR,EUR,1.0,paid,S.Fra /979 COUNTERPARTY_65284 Ef [NUM],COUNTERPARTY_65284
49b4435768ebc555c0ba60467c008eaf,COMP_0793,invoice,2025-06-30,2025-07-30,2025-06-30 00:00:00,-1172.0,0.0,EUR,EUR,1.0,paid,S.Fra /684 COUNTERPARTY_50051. Ef 1S05/5233,COUNTERPARTY_50051
5c9faec11f96be1e7e887198e72f0e76,COMP_0793,invoice,2025-12-31,2025-12-31,2026-01-13 00:00:00,130.98,0.0,EUR,EUR,1.0,paid,N.Fra TB2025F/627 COUNTERPARTY_04788 Ef 1,COUNTERPARTY_04788
674207ff2f697b47c64ea96f6ac04f3b,COMP_0793,invoice,2025-05-29,2025-05-29,2025-06-18 00:00:00,3884.68,0.0,EUR,EUR,1.0,paid,N.Fra TB2025F/185 COUNTERPARTY_14508 Ef 1,COUNTERPARTY_14508
67ed733d4088ea2aec3242ea9d42e700,COMP_0793,invoice,2025-10-22,2025-10-22,2025-11-07 00:00:00,-12100.0,0.0,EUR,EUR,1.0,paid,S.Fra /1686 [COMPANY] Ef 1177,COUNTERPARTY_22440
71195aaeebe10599b06853d0563beb8a,COMP_0793,invoice,2025-11-21,2025-12-21,2026-01-12 00:00:00,-251.68,0.0,EUR,EUR,1.0,paid,S.Fra /1912 COUNTERPARTY_50327 Ef [NUM],COUNTERPARTY_50327
79295f3f1895260cb560f5342ba59058,COMP_0793,invoice,2025-01-28,2025-01-28,2025-01-28 00:00:00,688.84,0.0,EUR,EUR,1.0,paid,N.Fra TB2025F/16 COUNTERPARTY_48877 Ef 1,COUNTERPARTY_48877
95d3e077ca6b8fe5e9c2f801c130408c,COMP_0001,invoice,2025-07-15,2025-08-14,2025-07-23 00:00:00,-1814.02,0.0,EUR,EUR,1.0,paid,S.Fra /[COMPANY] Ef 1CI[NUM],COUNTERPARTY_28286
ac375ec4f4f86494a48c8e85952d310f,COMP_0001,invoice,2025-06-18,2025-06-18,2025-06-19 00:00:00,-407.97,0.0,EUR,EUR,1.0,paid,S.Fra /127 COUNTERPARTY_59271 Ef [REF],COUNTERPARTY_59271
b95cb5b3c166fdc7942d31561184452a,COMP_0793,invoice,2025-09-29,2025-09-29,2025-10-13 00:00:00,-8470.0,0.0,EUR,EUR,1.0,paid,S.Fra /1451 [COMPANY] Ef 1165,COUNTERPARTY_22440
bdb79127912596953db243ee0f3b1327,COMP_0001,invoice,2025-10-22,2025-10-22,2025-10-14 00:00:00,4598.0,0.0,EUR,EUR,1.0,paid,N.Fra TB2025F/183 [COMPANY] Ef 1,COUNTERPARTY_03903
bf8c472e811a98be2993f134a13b8b49,COMP_0793,invoice,2025-08-31,2025-09-30,2025-10-13 00:00:00,-221.43,0.0,EUR,EUR,1.0,paid,S.Fra /1163 COUNTERPARTY_27660 Ef 1A/25472,COUNTERPARTY_27660
c22d8650fa88e00e1acdf94f842ebd90,COMP_0793,invoice,2025-07-01,2025-07-01,2025-07-01 00:00:00,-802.3,0.0,EUR,EUR,1.0,paid,S.Fra /881 COUNTERPARTY_60086 Ef 125A06207,COUNTERPARTY_60086
c49271be8b9e8ff22b6029a3f2ec01ce,COMP_0793,invoice,2025-07-22,2025-07-22,2025-07-22 00:00:00,-326.18,0.0,EUR,EUR,1.0,paid,S.Fra /963 COUNTERPARTY_07783 Ef [NUM],COUNTERPARTY_49066
ce172fdccfdd4ad502eab31267c65fa9,COMP_0793,invoice,2025-08-24,2025-08-24,2025-08-24 00:00:00,271331.03,0.0,EUR,EUR,1.0,paid,N.Fra TB2025F/363 COUNTERPARTY_44045 Ef 1,COUNTERPARTY_44045
d08499aa9fb7349592b1053ad2957844,COMP_0793,invoice,2025-06-26,2025-07-26,2025-07-14 00:00:00,52685.22,0.0,EUR,EUR,1.0,paid,N.Fra TB2025F/247 COUNTERPARTY_49557 Ef 1,COUNTERPARTY_49557
d36813186ffc95c5d4057f8bc50127b0,COMP_0793,invoice,2025-05-02,2025-05-02,2025-05-02 00:00:00,-0.36,0.0,EUR,EUR,1.0,paid,S.Fra /[COMPANY] Ef [REF],COUNTERPARTY_47950
e39f06f67edbc235feeda14aad528327,COMP_0793,invoice,2025-05-15,2025-06-14,2025-07-10 00:00:00,-46.83,0.0,EUR,EUR,1.0,paid,S.Fra /431 COUNTERPARTY_48443 Ef [NUM],COUNTERPARTY_48443
f260e3ba56e9970065d5f5f028a36532,COMP_0793,invoice,2025-07-16,2025-07-16,2025-07-16 00:00:00,-128.0,0.0,EUR,EUR,1.0,paid,S.Fra /784 [COMPANY] Ef 125/ATC-060,COUNTERPARTY_65354
f5a61be7cadcd84a483d9c5416730ab8,COMP_0793,invoice,2025-12-18,2025-12-18,2026-01-08 00:00:00,2194.55,0.0,EUR,EUR,1.0,paid,N.Fra TB2025F/584 COUNTERPARTY_48639 Ef 1,COUNTERPARTY_48639
b0fbf995c1c10cec3590e007f4914683,COMP_0793,invoice,2026-07-01,2026-07-31,2026-07-03 00:00:00,-128.26,0.0,EUR,EUR,1.0,paid,S.Fra /1348 COUNTERPARTY_18906 Ef 2[X]/2026/05816,COUNTERPARTY_18906
c12b29cb6d10892008d4994cd8f47526,COMP_0793,invoice,2026-04-30,2026-04-30,2026-06-12 00:00:00,87.12,0.0,EUR,EUR,1.0,paid,N.Fra TB2026F/284 COUNTERPARTY_25120 Ef 1,COUNTERPARTY_25120
0cc4f6596619c57bf1d4b6b62444a6b3,COMP_0793,invoice,2026-07-27,2026-08-26,2026-08-06 00:00:00,-45.44,0.0,EUR,EUR,1.0,paid,S.Fra /1691 COUNTERPARTY_01767 Ef 148,COUNTERPARTY_01767
0cf558de8ad90f488fc2a9f669d0212c,COMP_0793,invoice,2026-06-26,2026-06-26,2026-07-02 00:00:00,48.24,0.0,EUR,EUR,1.0,paid,N.Fra TB2026F/444 COUNTERPARTY_15082 Ef 1,COUNTERPARTY_15082
9bf904591d99e66272e2bdb412269474,COMP_0793,invoice,2026-04-28,2026-04-28,2026-07-16 00:00:00,95.46,0.0,EUR,EUR,1.0,paid,N.Fra TB2026F/272 COUNTERPARTY_15482 Ef 1,COUNTERPARTY_15482
c53318739c942f50f8be3169fedb47b3,COMP_0793,invoice,2026-03-31,2026-04-30,2026-04-14 00:00:00,-24870.68,0.0,EUR,EUR,1.0,paid,S.Fra /624 COUNTERPARTY_07215 Ef 171,COUNTERPARTY_07215
6fa5aeeff93325680534487048b3d021,COMP_0793,invoice,2026-06-18,2026-06-18,2026-07-20 00:00:00,-1210.0,0.0,EUR,EUR,1.0,paid,S.Fra /1296 COUNTERPARTY_26911 Ef [NUM],COUNTERPARTY_26911
b85ca8537a403892a8d975da4300e480,COMP_0793,invoice,2026-06-30,2026-06-30,2026-08-10 00:00:00,-674.36,0.0,EUR,EUR,1.0,paid,S.Fra /1493 COUNTERPARTY_27018 Ef 1V26-01148,COUNTERPARTY_27018
1e8c52fca3564ed428a16d4c79126f3a,COMP_0001,invoice,2026-07-01,2026-07-31,2026-08-04 00:00:00,-394.14,0.0,EUR,EUR,1.0,paid,S.Fra /141 COUNTERPARTY_06292 Ef [NUM],COUNTERPARTY_38023
1c2416617f1457808a4fa392dc327f12,COMP_0793,invoice,2026-02-25,2026-02-25,2026-04-24 00:00:00,348.48,0.0,EUR,EUR,1.0,paid,N.Fra TB2026F/113 COUNTERPARTY_25120 Ef 1,COUNTERPARTY_25120
21c4da56725e6f4af98ddbfb514b51da,COMP_0793,invoice,2026-03-03,2026-03-03,2026-04-13 00:00:00,-0.3,0.0,EUR,EUR,1.0,paid,S.Fra /618 COUNTERPARTY_00061 Ef [NUM],COUNTERPARTY_22769
646e0916476b9dcd264f3980ae026388,COMP_0793,invoice,2026-06-01,2026-06-01,2026-06-01 00:00:00,-838.48,0.0,EUR,EUR,1.0,paid,S.Fra /962 [COMPANY]. Ef [NUM],COUNTERPARTY_27469
735fa7bea7008716dd59c2b3e64d9fb5,COMP_0001,invoice,2026-07-31,2026-08-30,2026-09-04 00:00:00,-3.15,0.0,EUR,EUR,1.0,paid,S.Fra /174 COUNTERPARTY_00532 Ef 12026/221619,COUNTERPARTY_47953
ae3a58b72f59a4a9180abbdec2840648,COMP_0793,invoice,2026-05-21,2026-06-20,2026-07-20 00:00:00,-455.97,0.0,EUR,EUR,1.0,paid,S.Fra /1009 COUNTERPARTY_47596 Ef 1FV2026-0029,COUNTERPARTY_47596
b0a1c22be89fed489cc26c3931b6a65f,COMP_0793,invoice,2026-04-28,2026-04-28,2026-04-30 00:00:00,227.6,0.0,EUR,EUR,1.0,paid,N.Fra TB2026F/251 COUNTERPARTY_03429 Ef 1,COUNTERPARTY_03429
e305d75c08ce2a306fc024e97fff4a30,COMP_0793,invoice,2026-07-01,2026-07-01,2026-07-01 00:00:00,303.47,0.0,EUR,EUR,1.0,paid,N.Fra TB2026F/462 COUNTERPARTY_03429 Ef 1,COUNTERPARTY_03429
22e7f49d833cb09aaff0168c5af9868a,COMP_0793,invoice,2026-06-02,2026-07-02,2026-06-22 00:00:00,-2066.81,0.0,EUR,EUR,1.0,paid,S.Fra /1150 COUNTERPARTY_18583 Ef [REF],COUNTERPARTY_18583
b45529cd494a0b20f87f50ec44f2a9ff,COMP_0793,invoice,2026-02-03,2026-02-03,2026-04-13 00:00:00,-290.4,0.0,EUR,EUR,1.0,paid,S.Fra /281 COUNTERPARTY_17822 Ef [NUM],COUNTERPARTY_17822
c76606fc7a6ab4d984dc2a669ee9033c,COMP_0793,invoice,2026-03-26,2026-04-25,2026-04-30 00:00:00,-41.68,0.0,EUR,EUR,1.0,paid,S.Fra /552 COUNTERPARTY_23748 Ef 1FV[NUM],COUNTERPARTY_23748
cb128f8c1d26f374bd1a1b08f0e22004,COMP_0793,invoice,2026-07-17,2026-08-16,2026-08-14 00:00:00,-119.04,0.0,EUR,EUR,1.0,paid,S.Fra /1586 COUNTERPARTY_11579 Ef 12026/21/004178,COUNTERPARTY_11579
f441d7d05cca85028fd878dddcb40163,COMP_0793,invoice,2026-06-17,2026-06-17,2026-06-22 00:00:00,-521.33,0.0,EUR,EUR,1.0,paid,S.Fra /1290 COUNTERPARTY_44962 Ef 15280,COUNTERPARTY_44962
0d76b90ed235b280f33c1a6cd03c0092,COMP_0793,invoice,2026-05-14,2026-05-14,2026-06-01 00:00:00,-239.85,0.0,EUR,EUR,1.0,paid,S.Fra /[COMPANY] Ef [REF],COUNTERPARTY_18441
433330c61d918d906fcc9fc8c2615b34,COMP_0793,invoice,2026-03-27,2026-03-27,2026-04-14 00:00:00,95.46,0.0,EUR,EUR,1.0,paid,N.Fra TB2026F/196 COUNTERPARTY_15482 Ef 1,COUNTERPARTY_15482
b2aea771c13bc34f2d49f0faeceaca38,COMP_0793,invoice,2026-01-27,2026-01-27,2026-04-27 00:00:00,215.08,0.0,EUR,EUR,1.0,paid,N.Fra TB2026F/36 COUNTERPARTY_15358 Ef 1,COUNTERPARTY_15358
faf7b1e68cfbc3d9386a2a8b05309de5,COMP_0793,invoice,2026-06-23,2026-06-23,2026-07-20 00:00:00,-79.24,0.0,EUR,EUR,1.0,paid,S.Fra /1343 COUNTERPARTY_42909. Ef 126/1571,COUNTERPARTY_42909
af6db9ea39f08ba3fc537e8e1dd27853,COMP_0793,invoice,2026-07-22,2026-07-22,2026-08-07 00:00:00,9560.51,0.0,EUR,EUR,1.0,paid,N.Fra TB2026F/484 COUNTERPARTY_26460 Ef 1,COUNTERPARTY_26460
da01548afe6eac428f1db300fd5580b1,COMP_0001,invoice,2026-06-23,2026-06-23,2026-07-03 00:00:00,155.4,0.0,EUR,EUR,1.0,paid,N.Fra TB2026F/51 [COMPANY] Ef 1,COUNTERPARTY_03903
01d36b8714a55a32c9c6a7fb5f33ab1d,COMP_0793,invoice,2026-04-28,2026-04-28,2026-05-08 00:00:00,89.7,0.0,EUR,EUR,1.0,paid,N.Fra TB2026F/256 COUNTERPARTY_15594 Ef 1,COUNTERPARTY_15594
3d734f715710cc8d821c99962ad2fe88,COMP_0793,invoice,2026-04-29,2026-04-29,2026-05-04 00:00:00,-121.0,0.0,EUR,EUR,1.0,paid,S.Fra /791 COUNTERPARTY_31768 Ef 1106/1,COUNTERPARTY_31768
64b11e51b3477832aeb380cbed76490d,COMP_0793,invoice,2026-06-10,2026-07-10,2026-06-30 00:00:00,-812.59,0.0,EUR,EUR,1.0,paid,S.Fra /1236 COUNTERPARTY_18583 Ef [REF],COUNTERPARTY_18583
4be47fc3b289f618df8aec4d3d6e6c68,COMP_0793,invoice,2026-05-01,2026-05-01,2026-05-03 00:00:00,-29.04,0.0,EUR,EUR,1.0,paid,S.Fra /865 COUNTERPARTY_06745 Ef [NUM],COUNTERPARTY_06745
e8c6359ddfc21794124c0a26d40a66fb,COMP_0793,invoice,2026-04-21,2026-05-21,2026-04-30 00:00:00,-50.77,0.0,EUR,EUR,1.0,paid,S.Fra /724 COUNTERPARTY_45549 Ef [NUM],COUNTERPARTY_45549
b1b3dbf07549ef72bc914ffcbfefb681,COMP_0793,invoice,2026-06-01,2026-06-01,2026-06-03 00:00:00,-256.52,0.0,EUR,EUR,1.0,paid,S.Fra /1146 COUNTERPARTY_18906 Ef 1[X]/2026/05049,COUNTERPARTY_18906
2937c34810271b1a9612f59935fcadb5,COMP_0793,invoice,2026-03-02,2026-04-01,2026-04-13 00:00:00,-145.93,0.0,EUR,EUR,1.0,paid,S.Fra /350 COUNTERPARTY_37675 Ef 1H26/107,COUNTERPARTY_37675
82317764115f836251b28ff4d8d0cb08,COMP_0793,invoice,2026-04-28,2026-04-28,2026-04-29 00:00:00,255.9,0.0,EUR,EUR,1.0,paid,N.Fra TB2026F/268 COUNTERPARTY_38868 Ef 1,COUNTERPARTY_38868
0677f1dea181a848fa796b3c2fef95ba,COMP_0793,invoice,2026-03-27,2026-03-27,2026-07-06 00:00:00,799.29,0.0,EUR,EUR,1.0,paid,N.Fra TB2026F/194 COUNTERPARTY_04351 Ef 1,COUNTERPARTY_04351
9acd22ff42d343fbc72fb4ce7e43c53f,COMP_0793,invoice,2026-05-29,2026-05-29,2026-06-08 00:00:00,151.55,0.0,EUR,EUR,1.0,paid,N.Fra TB2026F/322 COUNTERPARTY_39290 Ef 1,COUNTERPARTY_39290
e9f458c8b47cd90850d87d0dabc79b65,COMP_0793,invoice,2026-05-29,2026-05-29,2026-06-08 00:00:00,127.27,0.0,EUR,EUR,1.0,paid,N.Fra TB2026F/317 COUNTERPARTY_15482 Ef 1,COUNTERPARTY_15482
f051c15c3d08d0e0e19c5be6ea77bb9a,COMP_0793,invoice,2026-07-01,2026-07-01,2026-07-23 00:00:00,379.34,0.0,EUR,EUR,1.0,paid,N.Fra TB2026F/461 COUNTERPARTY_20975 Ef 1,COUNTERPARTY_20975
37d0818891ca541ce0c058ec9dafb116,COMP_0793,invoice,2026-07-09,2026-07-09,2026-08-05 00:00:00,-5662.87,0.0,EUR,EUR,1.0,paid,S.Fra /1549 [COMPANY] Ef 155,COUNTERPARTY_22440
4c55609660e8a37862294e585489f8cc,COMP_0793,invoice,2026-05-29,2026-06-28,2026-05-21 00:00:00,-33.28,0.0,EUR,EUR,1.0,paid,S.Fra /949 COUNTERPARTY_10160 Ef [NUM],COUNTERPARTY_35185
7cf49c038b6f355c74ccf87adb367e2d,COMP_0793,invoice,2026-04-29,2026-04-29,2026-05-01 00:00:00,236.64,0.0,EUR,EUR,1.0,paid,N.Fra TB2026F/281 COUNTERPARTY_06137 Ef 1,COUNTERPARTY_06137
51041054ec54fb241a53f465a5e552eb,COMP_0793,invoice,2026-03-31,2026-03-31,2026-05-12 00:00:00,-222.24,0.0,EUR,EUR,1.0,paid,S.Fra /720 COUNTERPARTY_27018 Ef 1V26-00557,COUNTERPARTY_27018
a5b905cc201b3467c699cfceef73e297,COMP_0793,invoice,2026-07-01,2026-07-01,2026-07-06 00:00:00,-619.7,0.0,EUR,EUR,1.0,paid,S.Fra /1429 COUNTERPARTY_11720 Ef 1A[NUM],COUNTERPARTY_11720
cbd50664c3f99012f92a1b73adf0ea46,COMP_0793,invoice,2026-06-23,2026-06-23,2026-07-20 00:00:00,-1341.47,0.0,EUR,EUR,1.0,paid,S.Fra /1335 COUNTERPARTY_42909. Ef 126/1569,COUNTERPARTY_42909
cbd9e0118f76c3c4a607a8f24cffd636,COMP_0793,invoice,2026-04-28,2026-04-28,2026-04-29 00:00:00,238.96,0.0,EUR,EUR,1.0,paid,N.Fra TB2026F/273 COUNTERPARTY_06305 Ef 1,COUNTERPARTY_06305
0da75e89fb1b21b554ba1b490bc7cc68,COMP_0793,invoice,2026-06-23,2026-06-23,2026-07-20 00:00:00,-1142.25,0.0,EUR,EUR,1.0,paid,S.Fra /1298 COUNTERPARTY_42909. Ef 126/1570,COUNTERPARTY_42909
6d5f9f0a89d02d7c69c24a298417f05b,COMP_0793,invoice,2026-06-23,2026-06-23,2026-07-27 00:00:00,286186.19,0.0,EUR,EUR,1.0,paid,N.Fra TB2026F/428 COUNTERPARTY_44045 Ef 1,COUNTERPARTY_44045
aac96901851254e78cde69004f9da939,COMP_0793,invoice,2026-04-11,2026-04-11,2026-04-15 00:00:00,1815.0,0.0,EUR,EUR,1.0,paid,N.Fra TB2026F/214 COUNTERPARTY_18367 Ef 1,COUNTERPARTY_18367
cb935c0dfb9f752cb06f2f9912bc444f,COMP_0793,invoice,2026-05-29,2026-05-29,2026-06-16 00:00:00,864.0,0.0,EUR,EUR,1.0,paid,N.Fra TB2026F/325 COUNTERPARTY_15652 Ef 1,COUNTERPARTY_15652
d8201ba7a9da6aac98e42273f5d761c3,COMP_0793,invoice,2026-06-26,2026-06-26,2026-07-08 00:00:00,180.73,0.0,EUR,EUR,1.0,paid,N.Fra TB2026F/451 COUNTERPARTY_06305 Ef 1,COUNTERPARTY_06305
20d23fed4c7e2d2e5c0d222f173936f5,COMP_0793,invoice,2026-07-28,2026-07-28,2026-08-04 00:00:00,-1238.57,0.0,EUR,EUR,1.0,paid,S.Fra /1728 COUNTERPARTY_23770 Ef [REF],COUNTERPARTY_23770
8bc282bba552b8bb76f0835200c1e1e1,COMP_0793,invoice,2026-05-29,2026-05-29,2026-06-03 00:00:00,532.59,0.0,EUR,EUR,1.0,paid,N.Fra TB2026F/302 COUNTERPARTY_33572 Ef 1,COUNTERPARTY_33572
8f0cf84cccd5e999268ec791519cc17d,COMP_0793,invoice,2026-07-19,2026-07-19,2026-08-19 00:00:00,-66.01,0.0,EUR,EUR,1.0,paid,S.Fra /1569 COUNTERPARTY_00223 Ef 1TA7MG[NUM],COUNTERPARTY_10731
fc8aa23d258b09220f66837153acbe9c,COMP_0793,invoice,2026-07-31,2026-07-31,2026-08-11 00:00:00,-73.79,0.0,EUR,EUR,1.0,paid,S.Fra /1815 COUNTERPARTY_10802 Ef [NUM],COUNTERPARTY_10802
29f6cfb01a7c72491ba69ae3dd1790b5,COMP_0793,invoice,2026-07-01,2026-07-01,2026-07-02 00:00:00,236.64,0.0,EUR,EUR,1.0,paid,N.Fra TB2026F/466 COUNTERPARTY_06137 Ef 1,COUNTERPARTY_06137
36a3123699d1e7912b92b18c5db866a1,COMP_0793,invoice,2026-04-28,2026-04-28,2026-05-04 00:00:00,550.57,0.0,EUR,EUR,1.0,paid,N.Fra TB2026F/258 COUNTERPARTY_33572 Ef 1,COUNTERPARTY_33572
68fb38a2445a70dcc910f82022407431,COMP_0793,invoice,2026-03-25,2026-04-24,2026-04-13 00:00:00,-3509.0,0.0,EUR,EUR,1.0,paid,S.Fra /536 COUNTERPARTY_40089 Ef 11072,COUNTERPARTY_40089
aa2ae214374534c6678566ecef4bb48b,COMP_0793,invoice,2026-06-03,2026-06-03,2026-06-10 00:00:00,-74.4,0.0,EUR,EUR,1.0,paid,S.Fra /1188 COUNTERPARTY_01639 Ef [NUM],COUNTERPARTY_11626
c7fe94dca644368fe4599007f43a8a0b,COMP_0793,invoice,2026-06-23,2026-06-23,2026-07-03 00:00:00,-38.19,0.0,EUR,EUR,1.0,paid,S.Fra /1338 [COMPANY] Ef 149,COUNTERPARTY_22440
f621bdc1f8112a7833b195e6cc78b6e3,COMP_0793,invoice,2026-04-01,2026-05-01,2026-04-10 00:00:00,-114.95,0.0,EUR,EUR,1.0,paid,S.Fra /585 COUNTERPARTY_16229. Ef [NUM],COUNTERPARTY_35060
075a0fb3757d9efef3414ea7d1bfa7ec,COMP_0793,invoice,2026-05-14,2026-06-13,2026-06-03 00:00:00,-264.17,0.0,EUR,EUR,1.0,paid,S.Fra /932 COUNTERPARTY_18583 Ef [REF],COUNTERPARTY_18583
4036ffc3519374181eec28d0100bab03,COMP_0001,invoice,2026-07-23,2026-08-22,2026-08-07 00:00:00,-70.26,0.0,EUR,EUR,1.0,paid,S.Fra /157 COUNTERPARTY_35207 Ef 12026/5177,COUNTERPARTY_35207
5212f5929db2de1bcc52a5dca71e2180,COMP_0793,invoice,2026-07-22,2026-08-21,2026-08-18 00:00:00,17685.97,0.0,EUR,EUR,1.0,paid,N.Fra TB2026F/503 COUNTERPARTY_05961 Ef 1,COUNTERPARTY_05961
587c48c6696e244bca3cefc6a62e67cf,COMP_0793,invoice,2026-07-24,2026-08-23,2026-08-13 00:00:00,-2178.0,0.0,EUR,EUR,1.0,paid,S.Fra /1716 COUNTERPARTY_18583 Ef [REF],COUNTERPARTY_18583
2a43deb3a81fe61fedcfc6ddd18f5f3b,COMP_0793,invoice,2026-02-28,2026-03-30,2026-05-05 00:00:00,-666.81,0.0,EUR,EUR,1.0,paid,S.Fra /703 COUNTERPARTY_12085 Ef [NUM],COUNTERPARTY_12085
4f35745b42076f8e5c7bea3c05bc78e6,COMP_0793,invoice,2026-08-01,2026-08-01,2026-08-05 00:00:00,-256.52,0.0,EUR,EUR,1.0,paid,S.Fra /1799 COUNTERPARTY_18906 Ef 1[X]/2026/06571,COUNTERPARTY_18906
a5d03079140f897307d3fe5674fccfbe,COMP_0793,invoice,2026-06-26,2026-06-26,2026-07-03 00:00:00,75.7,0.0,EUR,EUR,1.0,paid,N.Fra TB2026F/452 COUNTERPARTY_15425 Ef 1,COUNTERPARTY_15425
1c043614abfd16d07919f1dc508fb090,COMP_0793,invoice,2026-06-26,2026-06-26,2026-07-03 00:00:00,353.99,0.0,EUR,EUR,1.0,paid,N.Fra TB2026F/436 COUNTERPARTY_33572 Ef 1,COUNTERPARTY_33572
288c34f05e6ffa1510bf7d80a6541173,COMP_0878,invoice,2026-06-26,2026-07-26,2026-07-30 00:00:00,-8.87,0.0,EUR,EUR,1.0,paid,S.Fra /159 COUNTERPARTY_23748 Ef 1FV[NUM],COUNTERPARTY_31888
416d406227f83518c5fc455bf61b952a,COMP_0793,invoice,2026-04-21,2026-05-21,2026-05-11 00:00:00,-3133.9,0.0,EUR,EUR,1.0,paid,S.Fra /742 COUNTERPARTY_12085 Ef [REF],COUNTERPARTY_12085
43e2e9b359e56199dbc034be4df8f14b,COMP_0793,invoice,2026-03-27,2026-03-27,2026-04-13 00:00:00,48.24,0.0,EUR,EUR,1.0,paid,N.Fra TB2026F/191 COUNTERPARTY_15082 Ef 1,COUNTERPARTY_15082
6c310915b7b1d8e1d87e2531b33b00a0,COMP_0793,invoice,2026-03-24,2026-03-24,2026-04-21 00:00:00,-60500.0,0.0,EUR,EUR,1.0,paid,S.Fra /519 COUNTERPARTY_27549 Ef 15,COUNTERPARTY_27549
d38744f37ddc2eaff1716bf13d9fc69e,COMP_0793,invoice,2026-03-31,2026-04-30,2026-05-05 00:00:00,-666.81,0.0,EUR,EUR,1.0,paid,S.Fra /705 COUNTERPARTY_12085 Ef [NUM],COUNTERPARTY_12085
efed31a999fca8a20259eb793718b0eb,COMP_0793,invoice,2026-06-26,2026-06-26,2026-07-09 00:00:00,17.35,0.0,EUR,EUR,1.0,paid,N.Fra TB2026F/450 COUNTERPARTY_15482 Ef 1,COUNTERPARTY_15482
1bba2008450e54e401cbed0314a51d6e,COMP_0793,invoice,2026-03-30,2026-04-29,2026-05-20 00:00:00,-9.58,0.0,EUR,EUR,1.0,paid,S.Fra /672 COUNTERPARTY_43249 Ef 1F26/[NUM],COUNTERPARTY_43249
3318945adaf0dd363bb53adb633270f2,COMP_0793,invoice,2026-07-01,2026-07-01,2026-07-03 00:00:00,-128.26,0.0,EUR,EUR,1.0,paid,S.Fra /1348 COUNTERPARTY_18906 Ef 1[X]/2026/05816,COUNTERPARTY_18906
ad878cdd957b0aafc684fd84cdbcf256,COMP_0793,invoice,2026-04-15,2026-04-15,2026-06-23 00:00:00,-523.53,0.0,EUR,EUR,1.0,paid,S.Fra /751 COUNTERPARTY_17871 Ef 1FRAV.553547,COUNTERPARTY_17871
ef28fca4ad519826f9b56eb90282ff0f,COMP_0793,invoice,2026-05-14,2026-05-14,2026-06-01 00:00:00,-216.64,0.0,EUR,EUR,1.0,paid,S.Fra /[COMPANY] Ef [REF],COUNTERPARTY_18441
795673dbdc72939f2571f91755cff02e,COMP_0793,invoice,2026-07-23,2026-07-23,2026-08-05 00:00:00,752.25,0.0,EUR,EUR,1.0,paid,N.Fra TB2026F/517 COUNTERPARTY_15509. Ef 1,COUNTERPARTY_15509
c4dfb01c495bdb83e24d07f96d0c169d,COMP_0793,invoice,2026-04-17,2026-04-17,2026-05-08 00:00:00,-1607.05,0.0,EUR,EUR,1.0,paid,S.Fra /713 COUNTERPARTY_27064 Ef 1F26/0104,COUNTERPARTY_47459
ea20db522c4042e8c3089fd22c660972,COMP_0793,invoice,2026-06-23,2026-06-23,2026-07-14 00:00:00,1131.83,0.0,EUR,EUR,1.0,paid,N.Fra TB2026F/410 COUNTERPARTY_14508 Ef 1,COUNTERPARTY_14508
1f53613bff9a4a49ff666ea2e447b2f3,COMP_0793,invoice,2026-04-13,2026-05-13,2026-04-17 00:00:00,-191.94,0.0,EUR,EUR,1.0,paid,S.Fra /747 COUNTERPARTY_18477 Ef [NUM]/AV,COUNTERPARTY_31747
a238e08c2471045d8b44c68f5bbe2a06,COMP_0793,invoice,2026-08-12,2026-08-12,2026-09-02 00:00:00,-7489.57,0.0,EUR,EUR,1.0,paid,S.Fra /[COMPANY] Ef [REF],COUNTERPARTY_18971
b7b892a3fa5250edef8f30079ad02335,COMP_0878,invoice,2026-05-03,2026-05-03,2026-05-07 00:00:00,-141.57,0.0,EUR,EUR,1.0,paid,S.Fra /126 COUNTERPARTY_12256 Ef 1S26/2647,COUNTERPARTY_12256
670642f71080f3fb6e3f954f8c73f67b,COMP_0793,invoice,2026-05-29,2026-05-29,2026-06-12 00:00:00,604.0,0.0,EUR,EUR,1.0,paid,N.Fra TB2026F/332 COUNTERPARTY_43142 Ef 1,COUNTERPARTY_43142
712be7b395109cf70e3bea499d55d06b,COMP_0793,invoice,2026-03-27,2026-03-27,2026-04-13 00:00:00,-430.66,0.0,EUR,EUR,1.0,paid,S.Fra /660 COUNTERPARTY_31505 Ef 1F888/5,COUNTERPARTY_31505
323c2a618b3985cd4ecfa87061c28fef,COMP_0793,invoice,2026-03-24,2026-04-23,2026-04-13 00:00:00,-22.29,0.0,EUR,EUR,1.0,paid,S.Fra /538 COUNTERPARTY_01767 Ef 115,COUNTERPARTY_01767
8902c747096446bd277d5ed461fb776b,COMP_0793,invoice,2026-05-19,2026-05-19,2026-06-22 00:00:00,-594.05,0.0,EUR,EUR,1.0,paid,S.Fra /985 COUNTERPARTY_30566 Ef [NUM],COUNTERPARTY_30566
8ccbe8fe284770d6f28c1dc7eb636421,COMP_0793,invoice,2026-04-07,2026-04-07,2026-04-10 00:00:00,-59.29,0.0,EUR,EUR,1.0,paid,S.Fra /627 COUNTERPARTY_01639 Ef [NUM],COUNTERPARTY_11626
b67fbd85dfc6c71727dcf96d7bd95f2e,COMP_0793,invoice,2026-07-31,2026-08-30,2026-08-31 00:00:00,-160.83,0.0,EUR,EUR,1.0,paid,S.Fra /1823 COUNTERPARTY_23805 Ef [NUM],COUNTERPARTY_23805
fe979000040d37cf4832e56d98eea352,COMP_0878,invoice,2026-01-27,2026-02-26,2026-04-09 00:00:00,-330.01,0.0,EUR,EUR,1.0,paid,S.Fra /21 COUNTERPARTY_02692 Ef 126FF068612,COUNTERPARTY_02692
5685d9d9e72c003bb1028c6f146f901a,COMP_0001,invoice,2026-07-02,2026-08-01,2026-07-08 00:00:00,-127.6,0.0,EUR,EUR,1.0,paid,S.Fra /142 COUNTERPARTY_17285 Ef [NUM],COUNTERPARTY_17285
daab4544ff20f6bf318f34a36b41f9d0,COMP_0793,invoice,2026-08-05,2026-08-05,2026-08-10 00:00:00,-74.4,0.0,EUR,EUR,1.0,paid,S.Fra /1841 COUNTERPARTY_01639 Ef [NUM],COUNTERPARTY_11626
f63c85bfc66b664478042f7f4f803052,COMP_0793,invoice,2026-06-05,2026-07-05,2026-07-20 00:00:00,-462.43,0.0,EUR,EUR,1.0,paid,S.Fra /1193 COUNTERPARTY_22217 Ef 12026/AA/[NUM],COUNTERPARTY_22217
ffdc3206de22758a0d348ae4c7f0cb95,COMP_0793,invoice,2026-06-01,2026-07-01,2026-06-29 00:00:00,-30.81,0.0,EUR,EUR,1.0,paid,S.Fra /1147 COUNTERPARTY_11579 Ef 12026/21/003151,COUNTERPARTY_11579
1bdf041efa550fd512d536bd9fd3bf1d,COMP_0793,invoice,2026-07-23,2026-07-23,2026-08-12 00:00:00,3884.68,0.0,EUR,EUR,1.0,paid,N.Fra TB2026F/511 COUNTERPARTY_14508 Ef 1,COUNTERPARTY_14508
cb45076ddb734dcdc066b858faf5e5df,COMP_0793,invoice,2026-07-23,2026-07-23,2026-08-05 00:00:00,-316.31,0.0,EUR,EUR,1.0,paid,S.Fra /1746 [COMPANY] Ef 157,COUNTERPARTY_22440
242aa7c37c5ce3dfc12cf969947e3590,COMP_0793,invoice,2026-08-31,2026-08-31,2026-09-07 00:00:00,9560.51,0.0,EUR,EUR,1.0,paid,N.Fra TB2026F/553 COUNTERPARTY_26460 Ef 1,COUNTERPARTY_26460
145dbd0209652071b68314fbc15fb450,COMP_0793,invoice,2026-07-01,2026-07-01,2026-07-01 00:00:00,606.94,0.0,EUR,EUR,1.0,paid,N.Fra TB2026F/463 COUNTERPARTY_03429 Ef 1,COUNTERPARTY_03429
157e32615c28ccf4960f4eb5d06bcc6f,COMP_0793,invoice,2026-05-20,2026-05-20,2026-06-23 00:00:00,-143.39,0.0,EUR,EUR,1.0,paid,S.Fra /1156 COUNTERPARTY_45036 Ef 183,COUNTERPARTY_45036
87eb140a6aed288b68260add74695e2a,COMP_0793,invoice,2026-04-23,2026-04-23,2026-06-11 00:00:00,-12100.0,0.0,EUR,EUR,1.0,paid,S.Fra /[COMPANY] Ef 1EMB2026-00278,COUNTERPARTY_42520
98ab7c23b6e9d4397cebac41f8aa744e,COMP_0793,invoice,2026-02-26,2026-02-26,2026-06-25 00:00:00,87.48,0.0,EUR,EUR,1.0,paid,N.Fra TB2026F/138 COUNTERPARTY_42157 Ef 1,COUNTERPARTY_42157
f441d823b812f34ed52af585bac0dbfc,COMP_0793,invoice,2026-04-28,2026-04-28,2026-05-05 00:00:00,130.16,0.0,EUR,EUR,1.0,paid,N.Fra TB2026F/269 COUNTERPARTY_04788 Ef 1,COUNTERPARTY_04788
0f0c27112680460a8b52317f8ee85315,COMP_0793,invoice,2026-06-23,2026-06-23,2026-07-03 00:00:00,-30394.06,0.0,EUR,EUR,1.0,paid,S.Fra /1318 [COMPANY] Ef 147,COUNTERPARTY_22440
ac9df4c84bbc6606af5178a6be3d5f3c,COMP_0793,invoice,2026-05-14,2026-06-13,2026-06-03 00:00:00,-571.02,0.0,EUR,EUR,1.0,paid,S.Fra /931 COUNTERPARTY_18583 Ef [REF],COUNTERPARTY_18583
794d2db492f31c4b25cf770742abd8d3,COMP_0793,invoice,2026-04-07,2026-04-07,2026-04-10 00:00:00,-259.94,0.0,EUR,EUR,1.0,paid,S.Fra /631 COUNTERPARTY_02232 Ef 1BAR-SCV-2026/003922,COUNTERPARTY_02232
94f1bedbd3581d7a358de705922e494f,COMP_0793,invoice,2026-04-07,2026-05-07,2026-04-14 00:00:00,-223.6,0.0,EUR,EUR,1.0,paid,S.Fra /748 COUNTERPARTY_31602 Ef 123B/[TAXID],COUNTERPARTY_31602
5e4482cac538c954beff1afedd2eaca6,COMP_0793,invoice,2026-03-25,2026-03-25,2026-04-27 00:00:00,-120.41,0.0,EUR,EUR,1.0,paid,S.Fra /564 COUNTERPARTY_10436 Ef [NUM],COUNTERPARTY_10436
5f1ed34d48c94a78bee2acbedba9d650,COMP_0793,invoice,2025-12-23,2025-12-23,2026-04-30 00:00:00,-324.36,0.0,EUR,EUR,1.0,paid,S.Fra /2051 COUNTERPARTY_40288 Ef 1TB-2025-F18,COUNTERPARTY_40288
68dab728095291adb9d571b9b6669c94,COMP_0793,invoice,2026-07-23,2026-07-23,2026-08-05 00:00:00,-471.32,0.0,EUR,EUR,1.0,paid,S.Fra /1761 [COMPANY] Ef 160,COUNTERPARTY_22440
1359dccafc31b09fc19263f6b1a06a8e,COMP_0793,invoice,2026-07-28,2026-07-28,2026-08-04 00:00:00,-3547.26,0.0,EUR,EUR,1.0,paid,S.Fra /1729 COUNTERPARTY_23770 Ef [REF],COUNTERPARTY_23770
47218e9784bed907cc450b348bb4af0f,COMP_0793,invoice,2026-03-27,2026-03-27,2026-04-10 00:00:00,138.84,0.0,EUR,EUR,1.0,paid,N.Fra TB2026F/200 COUNTERPARTY_15594 Ef 1,COUNTERPARTY_15594
8ec988939c08013f72263d2c7e47e9e2,COMP_0793,invoice,2026-07-09,2026-07-09,2026-08-05 00:00:00,-6868.65,0.0,EUR,EUR,1.0,paid,S.Fra /1560 [COMPANY] Ef 154,COUNTERPARTY_22440
a4732136caf56fe4fe27fa46a1f32edb,COMP_0793,invoice,2026-07-14,2026-07-14,2026-07-30 00:00:00,-232.14,0.0,EUR,EUR,1.0,paid,S.Fra /[COMPANY] Ef [REF],COUNTERPARTY_18441
23ba231048d88e0dfe52e353de592eb6,COMP_0793,invoice,2026-04-15,2026-04-15,2026-04-30 00:00:00,-3792.8,0.0,EUR,EUR,1.0,paid,S.Fra /717 COUNTERPARTY_30640 Ef [NUM],COUNTERPARTY_30640
643950ab22410af414302c019cf02884,COMP_0793,invoice,2026-07-20,2026-07-20,2026-07-20 00:00:00,151.25,0.0,EUR,EUR,1.0,paid,S.Fra /1570 COUNTERPARTY_39698 Ef [NUM],COUNTERPARTY_39698
ea6578324d9badd6da6aabf56712c09b,COMP_0793,invoice,2026-05-11,2026-05-11,2026-05-21 00:00:00,-523.22,0.0,EUR,EUR,1.0,paid,S.Fra /899 COUNTERPARTY_42922 Ef 1P/00669,COUNTERPARTY_42922
f2e05ee536f6f0a0fed4fb34dc9afb7a,COMP_0878,invoice,2026-02-11,2026-02-11,2026-04-14 00:00:00,-1377.59,0.0,EUR,EUR,1.0,paid,S.Fra /83 COUNTERPARTY_22655. Ef [NUM],COUNTERPARTY_22655
11adbffb896f2de36b5d1c831a8d4dff,COMP_0793,invoice,2026-07-23,2026-07-23,2026-08-05 00:00:00,-139.62,0.0,EUR,EUR,1.0,paid,S.Fra /1745 [COMPANY] Ef 159,COUNTERPARTY_22440
2a333a437f236b653b862fc68ce8625d,COMP_0793,invoice,2026-06-01,2026-06-01,2026-06-05 00:00:00,-1399.79,0.0,EUR,EUR,1.0,paid,S.Fra /1111 COUNTERPARTY_11720 Ef 1A[NUM],COUNTERPARTY_11720
a6fcf0faca777d0f23c48dce54d84a82,COMP_0793,invoice,2026-04-15,2026-04-15,2026-04-14 00:00:00,-904.31,0.0,EUR,EUR,1.0,paid,S.Fra /744 COUNTERPARTY_35520 Ef 12026-0489,COUNTERPARTY_35520
f491b91d6f648f44fa83b2888ea29dbf,COMP_0793,invoice,2026-07-31,2026-08-30,2026-08-06 00:00:00,-30.54,0.0,EUR,EUR,1.0,paid,S.Fra /1696 COUNTERPARTY_01767 Ef 149,COUNTERPARTY_01767
460c8c80fd9346c77a3c04b44fa67389,COMP_0793,invoice,2026-04-27,2026-05-27,2026-07-22 00:00:00,1376.93,0.0,EUR,EUR,1.0,paid,N.Fra TB2026F/239 COUNTERPARTY_05961 Ef 1,COUNTERPARTY_05961
544ee3e0571285082ffaeb0f4311c116,COMP_0793,invoice,2026-05-13,2026-05-13,2026-05-13 00:00:00,3431.33,0.0,EUR,EUR,1.0,paid,N.Fra TB2026F/292 COUNTERPARTY_03739. Ef 1,COUNTERPARTY_03739
2ba8bcd8c2fac77b7cdc8090c87b61da,COMP_0793,invoice,2026-04-28,2026-04-28,2026-05-07 00:00:00,1379.82,0.0,EUR,EUR,1.0,paid,N.Fra TB2026F/265 COUNTERPARTY_03512 Ef 1,COUNTERPARTY_03512
4032ea28cae04259411474d33b573bc0,COMP_0793,invoice,2026-04-28,2026-04-28,2026-04-30 00:00:00,455.2,0.0,EUR,EUR,1.0,paid,N.Fra TB2026F/252 COUNTERPARTY_03429 Ef 1,COUNTERPARTY_03429
532f99f262eed15e6ba12ae14e75ef67,COMP_0793,invoice,2026-05-29,2026-05-29,2026-06-05 00:00:00,752.25,0.0,EUR,EUR,1.0,paid,N.Fra TB2026F/362 COUNTERPARTY_15509. Ef 1,COUNTERPARTY_15509
6602619541528b2bdda99719ab8b04c5,COMP_0001,invoice,2026-05-29,2026-05-29,2026-06-24 00:00:00,159.84,0.0,EUR,EUR,1.0,paid,N.Fra TB2026F/44 [COMPANY] Ef 1,COUNTERPARTY_03903
7916a9d96eef3e1ca906dcdcf3eaf6a7,COMP_0793,invoice,2026-04-01,2026-05-01,2026-07-22 00:00:00,1376.93,0.0,EUR,EUR,1.0,paid,N.Fra TB2026F/205 COUNTERPARTY_05961 Ef 1,COUNTERPARTY_05961
7a73873bef25565050c96ce7efc15efc,COMP_0793,invoice,2026-06-01,2026-07-01,2026-07-20 00:00:00,-313.85,0.0,EUR,EUR,1.0,paid,S.Fra /1145 COUNTERPARTY_22217 Ef 1000/[NUM],COUNTERPARTY_22217
d4dad9ac64c0da6aaeb40957b1b06f4e,COMP_0793,invoice,2026-05-29,2026-05-29,2026-06-26 00:00:00,6.62,0.0,EUR,EUR,1.0,paid,N.Fra TB2026F/316 COUNTERPARTY_06351 Ef 1,COUNTERPARTY_06351
16f22f79a627cdc900e9e14eca7bb514,COMP_0793,invoice,2026-06-30,2026-06-30,2026-07-20 00:00:00,-1948.1,0.0,EUR,EUR,1.0,paid,S.Fra /1555 COUNTERPARTY_39698 Ef [NUM],COUNTERPARTY_39698
40fff219f1e387a7b0cef0b4e1805e98,COMP_0793,invoice,2026-04-29,2026-04-29,2026-05-06 00:00:00,738.0,0.0,EUR,EUR,1.0,paid,N.Fra TB2026F/278 COUNTERPARTY_15652 Ef 1,COUNTERPARTY_15652
d004b1c764b300afbba0186ac4f2c552,COMP_0793,invoice,2026-06-02,2026-07-02,2026-06-22 00:00:00,-323.49,0.0,EUR,EUR,1.0,paid,S.Fra /1148 COUNTERPARTY_18583 Ef [REF],COUNTERPARTY_18583
d541a01ad5aab2000a50446976ad06af,COMP_0793,invoice,2026-04-30,2026-04-30,2026-05-05 00:00:00,-439.78,0.0,EUR,EUR,1.0,paid,S.Fra /778 COUNTERPARTY_31505 Ef 1F1259/5,COUNTERPARTY_31505
ec342d1cc1518e01dcb546c8f7dcd59b,COMP_0793,invoice,2026-07-06,2026-07-06,2026-07-10 00:00:00,-59.29,0.0,EUR,EUR,1.0,paid,S.Fra /1492 COUNTERPARTY_01639 Ef [NUM],COUNTERPARTY_11626
f0f6c3fba4a7ce19fc28003a01ec1132,COMP_0793,invoice,2026-05-29,2026-06-27,2026-06-25 00:00:00,1929.95,0.0,EUR,EUR,1.0,paid,N.Fra TB2026F/331 COUNTERPARTY_05961 Ef 1,COUNTERPARTY_05961
2551b5b9fe6bee995eda48969baea9f1,COMP_0793,invoice,2026-06-30,2026-07-30,2026-07-30 00:00:00,-202.35,0.0,EUR,EUR,1.0,paid,S.Fra /1534 COUNTERPARTY_23805 Ef [NUM],COUNTERPARTY_23805
c1b7b36f7ab0d8ee68209de6402f2d95,COMP_0793,invoice,2026-06-26,2026-06-26,2026-07-20 00:00:00,1763.8,0.0,EUR,EUR,1.0,paid,N.Fra TB2026F/442 COUNTERPARTY_03512 Ef 1,COUNTERPARTY_03512
516b6511cf27dce71bf7984b87f273a0,COMP_0793,invoice,2026-04-27,2026-04-27,2026-05-06 00:00:00,752.25,0.0,EUR,EUR,1.0,paid,N.Fra TB2026F/223 COUNTERPARTY_15509. Ef 1,COUNTERPARTY_15509
91ad6d93d70000c377b74c5779f006e8,COMP_0001,invoice,2026-07-23,2026-07-23,2026-08-28 00:00:00,-205.08,0.0,EUR,EUR,1.0,paid,S.Fra /160 COUNTERPARTY_07783 Ef [NUM],COUNTERPARTY_31771
992e1a8d9b5989636cb6cfb283b56197,COMP_0793,invoice,2026-04-28,2026-04-28,2026-05-19 00:00:00,1414.79,0.0,EUR,EUR,1.0,paid,N.Fra TB2026F/243 COUNTERPARTY_14508 Ef 1,COUNTERPARTY_14508
a2e8bded45deb2c53f26a2d1330ddf1f,COMP_0793,invoice,2026-04-28,2026-04-28,2026-04-15 00:00:00,142.47,0.0,EUR,EUR,1.0,paid,N.Fra TB2026F/240 COUNTERPARTY_01928 Ef 1,COUNTERPARTY_21262
442b3c2040facb30784bad94b20e259e,COMP_0793,invoice,2026-07-01,2026-07-01,2026-07-09 00:00:00,-177.34,0.0,EUR,EUR,1.0,paid,S.Fra /1410 COUNTERPARTY_23770 Ef [REF],COUNTERPARTY_23770
78cb602afb803dbfd2ebd3d3147abe86,COMP_0793,invoice,2026-05-14,2026-06-13,2026-05-14 00:00:00,-135.14,0.0,EUR,EUR,1.0,paid,S.Fra /888 COUNTERPARTY_34270 Ef 1INV/2026/07197,COUNTERPARTY_34270
e1bf86eefa63281c735341d99ac2cd6b,COMP_0793,invoice,2026-06-26,2026-06-26,2026-07-06 00:00:00,676.96,0.0,EUR,EUR,1.0,paid,N.Fra TB2026F/448 COUNTERPARTY_04351 Ef 1,COUNTERPARTY_04351
e1e755582f77545ec85d4f1d8022ffee,COMP_0793,invoice,2026-03-31,2026-04-30,2026-04-30 00:00:00,-196.54,0.0,EUR,EUR,1.0,paid,S.Fra /696 COUNTERPARTY_23805 Ef [NUM],COUNTERPARTY_23805
0bea03c8ada8f9cf2e32a281e359e1ba,COMP_0793,invoice,2026-04-22,2026-04-22,2026-04-23 00:00:00,97.18,0.0,EUR,EUR,1.0,paid,N.Fra TB2026F/216 COUNTERPARTY_30112 Ef 1,COUNTERPARTY_30112
4b722fb1199e8cf4af75799b3278e6ce,COMP_0793,invoice,2026-07-15,2026-07-15,2026-07-30 00:00:00,-137.54,0.0,EUR,EUR,1.0,paid,S.Fra /1563 COUNTERPARTY_38069 Ef 1FC26-4139,COUNTERPARTY_38069
8246c48fccaf305f828f5810fe1d7146,COMP_0793,invoice,2026-05-27,2026-06-26,2026-06-30 00:00:00,-40.22,0.0,EUR,EUR,1.0,paid,S.Fra /1012 COUNTERPARTY_23748 Ef 1FV[NUM],COUNTERPARTY_23748
e73738d4fee520fffbf04734d92a2862,COMP_0001,invoice,2026-06-23,2026-07-23,2026-06-29 00:00:00,-9680.01,0.0,EUR,EUR,1.0,paid,S.Fra /130 COUNTERPARTY_08037 Ef 111,COUNTERPARTY_08037
1ba50e08b55b8f6f22cc6451ef48fb80,COMP_0793,invoice,2026-07-31,2026-07-31,2026-08-31 00:00:00,-308.34,0.0,EUR,EUR,1.0,paid,S.Fra /1891 COUNTERPARTY_37329 Ef 1FCAR474069,COUNTERPARTY_37329
2d44c086d2d79e693d9ccd2aac6eb6d5,COMP_0793,invoice,2026-09-01,2026-09-01,2026-09-07 00:00:00,-535.06,0.0,EUR,EUR,1.0,paid,S.Fra /2012 COUNTERPARTY_23770 Ef [REF],COUNTERPARTY_23770
31fcfca8733ceaa07421f1c8563befd0,COMP_0793,invoice,2026-07-29,2026-07-29,2026-09-01 00:00:00,159.09,0.0,EUR,EUR,1.0,paid,N.Fra TB2026F/531 COUNTERPARTY_15482 Ef 1,COUNTERPARTY_15482
384499836da666bdcb5e753e5f0f2ba0,COMP_0793,invoice,2026-03-25,2026-03-25,2026-04-20 00:00:00,12246.13,0.0,EUR,EUR,1.0,paid,N.Fra TB2026F/155 COUNTERPARTY_14508 Ef 1,COUNTERPARTY_14508
59493dfb47074c6bfb0c55778569fb26,COMP_0793,invoice,2026-06-04,2026-06-04,2026-06-15 00:00:00,-2829.78,0.0,EUR,EUR,1.0,paid,S.Fra /1162 COUNTERPARTY_28081 Ef 112926,COUNTERPARTY_28081
69eb2f303292837fadab50b0614a9d0c,COMP_0793,invoice,2026-07-29,2026-07-29,2026-08-07 00:00:00,506.05,0.0,EUR,EUR,1.0,paid,N.Fra TB2026F/528 COUNTERPARTY_14912 Ef 1,COUNTERPARTY_14912
d1d758312ba78831bdf6c683979dd0de,COMP_0793,invoice,2026-07-01,2026-07-31,2026-07-14 00:00:00,-114.95,0.0,EUR,EUR,1.0,paid,S.Fra /1515 COUNTERPARTY_16229. Ef [NUM],COUNTERPARTY_35060
e3fb3a85827ad3e51bb64369b22977d3,COMP_0793,invoice,2026-05-25,2026-05-25,2026-07-20 00:00:00,-153.43,0.0,EUR,EUR,1.0,paid,S.Fra /1018 COUNTERPARTY_08809 Ef 141993,COUNTERPARTY_08809
05341de6130da187e848ad590923e801,COMP_0793,invoice,2026-01-27,2026-01-27,2026-06-24 00:00:00,208.27,0.0,EUR,EUR,1.0,paid,N.Fra TB2026F/55 COUNTERPARTY_15594 Ef 1,COUNTERPARTY_15594
159e3fbd39a297e8b5f15019b091bbae,COMP_0793,invoice,2026-06-05,2026-06-05,2026-06-08 00:00:00,684.0,0.0,EUR,EUR,1.0,paid,N.Fra TB2026F/380 COUNTERPARTY_42068 Ef 1,COUNTERPARTY_42068
d0ec2379e4e1048c28c9736c10b4f5b0,COMP_0001,invoice,2026-06-23,2026-06-23,2026-07-03 00:00:00,6868.65,0.0,EUR,EUR,1.0,paid,N.Fra TB2026F/46 [COMPANY] Ef 1,COUNTERPARTY_03903
f5f87939cae2e26c89257f6105418091,COMP_0793,invoice,2026-06-16,2026-06-16,2026-06-18 00:00:00,310.92,0.0,EUR,EUR,1.0,paid,N.Fra TB2026F/383 COUNTERPARTY_33604 Ef 1,COUNTERPARTY_33604
2bde3acce806ad53e8bf7bd5baa02737,COMP_0793,invoice,2026-06-23,2026-06-23,2026-07-03 00:00:00,-5662.87,0.0,EUR,EUR,1.0,paid,S.Fra /1305 [COMPANY] Ef 145,COUNTERPARTY_22440
2d25498d22ff33445d39e77f2d462fc9,COMP_0793,invoice,2026-05-04,2026-06-03,2026-06-01 00:00:00,-371.08,0.0,EUR,EUR,1.0,paid,S.Fra /831 COUNTERPARTY_11579 Ef 12026/21/002488,COUNTERPARTY_11579
28414ac1d62da1cf6c2bb73dc902a4be,COMP_0878,invoice,2026-06-23,2026-07-23,2026-08-12 00:00:00,-141.91,0.0,EUR,EUR,1.0,paid,S.Fra /152 COUNTERPARTY_02619 Ef 117720,COUNTERPARTY_02619
56249a087180fdccbc892171766e39db,COMP_0001,invoice,2026-06-22,2026-07-22,2026-06-30 00:00:00,-200.13,0.0,EUR,EUR,1.0,paid,S.Fra /[COMPANY] Ef 1ZB26-[NUM],COUNTERPARTY_28286
0b9addcbda290885ddae87c700f29bba,COMP_0793,invoice,2026-03-27,2026-03-27,2026-04-28 00:00:00,246.89,0.0,EUR,EUR,1.0,paid,N.Fra TB2026F/201 COUNTERPARTY_06113 Ef 1,COUNTERPARTY_06113
0c8975a84d420376ff33c5ceb2ad901a,COMP_0793,invoice,2026-03-27,2026-04-25,2026-05-05 00:00:00,12968.19,0.0,EUR,EUR,1.0,paid,N.Fra TB2026F/204 COUNTERPARTY_05961 Ef 1,COUNTERPARTY_05961
0e5c1d7490bcf673d55a85bd30e92d6c,COMP_0001,invoice,2026-05-29,2026-05-29,2026-06-24 00:00:00,125.96,0.0,EUR,EUR,1.0,paid,N.Fra TB2026F/43 [COMPANY] Ef 1,COUNTERPARTY_03903
b38c80c47fe3b0dcfca8db9de35d5bd1,COMP_0878,invoice,2026-06-25,2026-06-25,2026-09-03 00:00:00,-1201.71,0.0,EUR,EUR,1.0,paid,S.Fra /178 COUNTERPARTY_18583 Ef [NUM],COUNTERPARTY_85057
c55880af5184d358bec7f9f6d16873e6,COMP_0793,invoice,2026-07-01,2026-07-01,2026-07-09 00:00:00,-5246.1,0.0,EUR,EUR,1.0,paid,S.Fra /1409 COUNTERPARTY_23770 Ef [REF],COUNTERPARTY_23770
d755d0ebc7ff362aaed4bee04bfb0d2d,COMP_0793,invoice,2026-05-29,2026-05-29,2026-06-18 00:00:00,455.2,0.0,EUR,EUR,1.0,paid,N.Fra TB2026F/356 COUNTERPARTY_20975 Ef 1,COUNTERPARTY_20975
26a6a5907432b66cd1af4df416c9186e,COMP_0793,invoice,2026-04-28,2026-04-28,2026-05-08 00:00:00,89.7,0.0,EUR,EUR,1.0,paid,N.Fra TB2026F/257 COUNTERPARTY_15594 Ef 1,COUNTERPARTY_15594
4cd8db14796e05b7dbee089c31d8858a,COMP_0793,invoice,2026-03-24,2026-03-24,2026-04-19 00:00:00,-60500.0,0.0,EUR,EUR,1.0,paid,S.Fra /520 COUNTERPARTY_27549 Ef 16,COUNTERPARTY_27549
09ff95b2f8aca934aedd502155422f68,COMP_0793,invoice,2026-04-25,2026-04-25,2026-08-06 00:00:00,-87.14,0.0,EUR,EUR,1.0,paid,S.Fra /1645 COUNTERPARTY_27278 Ef 1N2026/036218,COUNTERPARTY_27278
524543507017de7a2b80f8339ddcb466,COMP_0793,invoice,2026-01-27,2026-01-27,2026-04-30 00:00:00,1435.02,0.0,EUR,EUR,1.0,paid,N.Fra TB2026F/43 COUNTERPARTY_14912 Ef 1,COUNTERPARTY_14912
7c7514f88dc723406ee82ccf3d732eff,COMP_0793,invoice,2026-04-22,2026-04-22,2026-04-29 00:00:00,-48.28,0.0,EUR,EUR,1.0,paid,S.Fra /746 COUNTERPARTY_01639 Ef [NUM],COUNTERPARTY_11626
3bf45c996a55ec8296fffaef7d443154,COMP_0793,invoice,2026-04-28,2026-04-28,2026-05-14 00:00:00,6.62,0.0,EUR,EUR,1.0,paid,N.Fra TB2026F/271 COUNTERPARTY_06351 Ef 1,COUNTERPARTY_06351
a3a5b80d28e538d861d05839df8d0408,COMP_0001,invoice,2026-06-23,2026-06-23,2026-07-03 00:00:00,30394.06,0.0,EUR,EUR,1.0,paid,N.Fra TB2026F/47 [COMPANY] Ef 1,COUNTERPARTY_03903
d5e9f136b0c0869f9eda0e9e6398242d,COMP_0793,invoice,2026-04-28,2026-04-28,2026-05-19 00:00:00,11910.85,0.0,EUR,EUR,1.0,paid,N.Fra TB2026F/241 COUNTERPARTY_14508 Ef 1,COUNTERPARTY_14508
d7535c5fcd142367207819a648aaa38a,COMP_0793,invoice,2026-06-30,2026-06-30,2026-07-10 00:00:00,-162.78,0.0,EUR,EUR,1.0,paid,S.Fra /1406 COUNTERPARTY_16839 Ef [NUM],COUNTERPARTY_16839
c1711ae6cf386db9c1a66e81e7224f3d,COMP_0793,invoice,2026-05-27,2026-06-26,2026-06-30 00:00:00,-139.5,0.0,EUR,EUR,1.0,paid,S.Fra /1005 COUNTERPARTY_23748 Ef 1FV[NUM],COUNTERPARTY_23748
2d7863a78cf1484ca4c1c7a7a333308e,COMP_0793,invoice,2026-01-27,2026-01-27,2026-04-22 00:00:00,159.09,0.0,EUR,EUR,1.0,paid,N.Fra TB2026F/48 COUNTERPARTY_15482 Ef 1,COUNTERPARTY_15482
c906a72f171f2de46f0882b3bfcab4c5,COMP_0878,invoice,2026-02-16,2026-02-16,2026-04-13 00:00:00,-1754.5,0.0,EUR,EUR,1.0,paid,S.Fra /56 COUNTERPARTY_33161 Ef 1S26/575,COUNTERPARTY_33161
d8f27a5c017d59be728aad0cdaf98b69,COMP_0793,invoice,2026-05-29,2026-05-29,2026-06-23 00:00:00,1131.83,0.0,EUR,EUR,1.0,paid,N.Fra TB2026F/328 COUNTERPARTY_14508 Ef 1,COUNTERPARTY_14508
ef12b8f46a48aec935a03247f82b7298,COMP_0793,invoice,2026-06-03,2026-06-03,2026-06-10 00:00:00,-59.29,0.0,EUR,EUR,1.0,paid,S.Fra /1190 COUNTERPARTY_01639 Ef [NUM],COUNTERPARTY_11626
9fa81e6712e98d27ae6eb4d333a0c6d4,COMP_0793,invoice,2026-03-16,2026-04-15,2026-04-14 00:00:00,-11.77,0.0,EUR,EUR,1.0,paid,S.Fra /513 COUNTERPARTY_11579 Ef 12026/21/001478,COUNTERPARTY_11579
4be8b6b84eec364984f42937257a7ebc,COMP_0793,invoice,2026-05-29,2026-05-29,2026-06-23 00:00:00,3699.7,0.0,EUR,EUR,1.0,paid,N.Fra TB2026F/327 COUNTERPARTY_14508 Ef 1,COUNTERPARTY_14508
51af6b62bccef74730d0409d9f497dc7,COMP_0878,invoice,2026-04-15,2026-05-15,2026-05-13 00:00:00,-132.64,0.0,EUR,EUR,1.0,paid,S.Fra /130 COUNTERPARTY_02619 Ef 1K/17613,COUNTERPARTY_02619
850767de0eb9f8f68170e58c7bb5367c,COMP_0793,invoice,2026-06-23,2026-06-23,2026-07-03 00:00:00,-3460.6,0.0,EUR,EUR,1.0,paid,S.Fra /1297 COUNTERPARTY_15356 Ef 113,COUNTERPARTY_22140
9163955dadf683dd47fcda9e836e5119,COMP_0793,invoice,2026-04-28,2026-04-28,2026-05-04 00:00:00,801.07,0.0,EUR,EUR,1.0,paid,N.Fra TB2026F/270 COUNTERPARTY_04351 Ef 1,COUNTERPARTY_04351
95fa1c472adc4095985fdc72a9acbb33,COMP_0793,invoice,2026-04-07,2026-04-07,2026-04-10 00:00:00,-74.4,0.0,EUR,EUR,1.0,paid,S.Fra /628 COUNTERPARTY_01639 Ef [NUM],COUNTERPARTY_11626
133acd626ee3ce87328818d4fc419df6,COMP_0793,invoice,2026-07-30,2026-07-30,2026-08-10 00:00:00,64.91,0.0,EUR,EUR,1.0,paid,S.Fra /1771 [COMPANY] Ef [REF],COUNTERPARTY_21065
185e429cc6e01c12edf9205bff4a1191,COMP_0793,invoice,2026-06-16,2026-06-16,2026-06-23 00:00:00,89.7,0.0,EUR,EUR,1.0,paid,N.Fra TB2026F/382 COUNTERPARTY_15594 Ef 1,COUNTERPARTY_15594
3ade39ad721351beae4f2ffd987a6659,COMP_0793,invoice,2026-07-23,2026-07-23,2026-08-12 00:00:00,9107.16,0.0,EUR,EUR,1.0,paid,N.Fra TB2026F/510 COUNTERPARTY_14508 Ef 1,COUNTERPARTY_14508
af64524de1db3e368dcd54a3fd279398,COMP_0793,invoice,2026-05-07,2026-06-06,2026-06-08 00:00:00,-256.91,0.0,EUR,EUR,1.0,paid,S.Fra /927 COUNTERPARTY_11579 Ef 12026/21/002664,COUNTERPARTY_11579
c07f9ac45fc970dbcb654fe12a4f6014,COMP_0878,invoice,2026-07-31,2026-07-31,2026-09-03 00:00:00,-322.37,0.0,EUR,EUR,1.0,paid,S.Fra /196 COUNTERPARTY_37772 Ef 15975,COUNTERPARTY_37772
cf36e32a4864ce3eabc068a94ab7617d,COMP_0793,invoice,2026-08-05,2026-08-05,2026-08-07 00:00:00,236.64,0.0,EUR,EUR,1.0,paid,N.Fra TB2026F/540 COUNTERPARTY_06137 Ef 1,COUNTERPARTY_06137
f9d915dbaadf16ef4fab6674e2dc04b3,COMP_0793,invoice,2026-04-10,2026-04-10,2026-04-10 00:00:00,-56.0,0.0,EUR,EUR,1.0,paid,S.Fra /722 COUNTERPARTY_37576 Ef 1T/565,COUNTERPARTY_37576
366a43f0b38c575ce5964aa68e4c4ae9,COMP_0793,invoice,2026-03-27,2026-03-27,2026-07-02 00:00:00,243.15,0.0,EUR,EUR,1.0,paid,N.Fra TB2026F/203 COUNTERPARTY_38924 Ef 1,COUNTERPARTY_38924
6ba0e772dd3e1702ea9d02cb4b868273,COMP_0793,invoice,2026-09-01,2026-09-01,2026-09-07 00:00:00,-3303.17,0.0,EUR,EUR,1.0,paid,S.Fra /2013 COUNTERPARTY_23770 Ef [REF],COUNTERPARTY_23770
9e8de715f86a126a59d7aa5db3dcf91c,COMP_0793,invoice,2026-05-29,2026-06-28,2026-06-18 00:00:00,-46191.17,0.0,EUR,EUR,1.0,paid,S.Fra /1141 COUNTERPARTY_18583 Ef [REF],COUNTERPARTY_18583
1edb9eb92b7d834c9c3adaa6cd634cbe,COMP_0793,invoice,2026-07-29,2026-07-29,2026-08-05 00:00:00,1130.96,0.0,EUR,EUR,1.0,paid,N.Fra TB2026F/527 COUNTERPARTY_03512 Ef 1,COUNTERPARTY_03512
2c4ac3349d290cd9650d9d392f00641f,COMP_0793,invoice,2026-06-11,2026-06-11,2026-06-30 00:00:00,-4141.29,0.0,EUR,EUR,1.0,paid,S.Fra /[COMPANY] Ef 140649,COUNTERPARTY_18971
6b219b85b33e5783b8f1569477f4e8a9,COMP_0793,invoice,2026-07-04,2026-07-04,2026-07-10 00:00:00,-1643.56,0.0,EUR,EUR,1.0,paid,S.Fra /1470 COUNTERPARTY_11012 Ef [NUM],COUNTERPARTY_11012
adafdd77dee4794378aa8fe1e1c61b94,COMP_0793,invoice,2026-04-30,2026-05-30,2026-06-01 00:00:00,-107.65,0.0,EUR,EUR,1.0,paid,S.Fra /823 COUNTERPARTY_23805 Ef [NUM],COUNTERPARTY_23805
c83c47750dfc71d2c6b3bd00af527e88,COMP_0793,invoice,2026-06-23,2026-06-23,2026-07-03 00:00:00,-6868.65,0.0,EUR,EUR,1.0,paid,S.Fra /1322 [COMPANY] Ef 146,COUNTERPARTY_22440
d5d0ce0db2f3511b0f14647e43592dab,COMP_0793,invoice,2026-03-25,2026-03-25,2026-04-20 00:00:00,3884.68,0.0,EUR,EUR,1.0,paid,N.Fra TB2026F/156 COUNTERPARTY_14508 Ef 1,COUNTERPARTY_14508
6078d3ab7b33df2294f4b5c6f3419bae,COMP_0793,invoice,2026-05-29,2026-05-29,2026-06-16 00:00:00,112.81,0.0,EUR,EUR,1.0,paid,N.Fra TB2026F/314 COUNTERPARTY_04788 Ef 1,COUNTERPARTY_04788
7d7b187dc3646d62abfdce5dea9d7935,COMP_0793,invoice,2026-04-28,2026-04-28,2026-05-06 00:00:00,303.47,0.0,EUR,EUR,1.0,paid,N.Fra TB2026F/250 COUNTERPARTY_20975 Ef 1,COUNTERPARTY_20975
93219b2e458ee1ed3fb9b25d4cbae5dc,COMP_0793,invoice,2026-04-20,2026-04-20,2026-04-27 00:00:00,-59.29,0.0,EUR,EUR,1.0,paid,S.Fra /719 COUNTERPARTY_24068 Ef 1AA[NUM],COUNTERPARTY_24068
d81fb5b25026017cd3ee7322c2dd8bfd,COMP_0793,invoice,2026-06-01,2026-06-01,2026-07-02 00:00:00,-60.5,0.0,EUR,EUR,1.0,paid,S.Fra /1049 COUNTERPARTY_45406 Ef 1TB-2026-F78,COUNTERPARTY_45406
1f5f71b38ba6b8052aee90d93b179561,COMP_0793,invoice,2026-05-05,2026-06-04,2026-07-20 00:00:00,-464.89,0.0,EUR,EUR,1.0,paid,S.Fra /924 COUNTERPARTY_22217 Ef 12026/AA/[NUM],COUNTERPARTY_22217
449f05f013ccc46a91be9a5f78d5fa43,COMP_0793,invoice,2026-06-16,2026-07-16,2026-07-15 00:00:00,-171.03,0.0,EUR,EUR,1.0,paid,S.Fra /1283 COUNTERPARTY_11579 Ef 12026/21/003508,COUNTERPARTY_11579
5268a9c6f7b7ba7a5879faeb3715ccf4,COMP_0793,invoice,2026-04-28,2026-04-28,2026-05-06 00:00:00,-401.18,0.0,EUR,EUR,1.0,paid,S.Fra /758 [COMPANY]. Ef [NUM],COUNTERPARTY_27469
68b076dd8d016dd3577188f3cd7f7ec1,COMP_0793,invoice,2026-05-29,2026-05-29,2026-06-23 00:00:00,12374.91,0.0,EUR,EUR,1.0,paid,N.Fra TB2026F/326 COUNTERPARTY_14508 Ef 1,COUNTERPARTY_14508
eacef6834758dcc3adf31e69bf406f83,COMP_0793,invoice,2026-07-31,2026-08-01,2026-08-03 00:00:00,-1841.04,0.0,EUR,EUR,1.0,paid,S.Fra /1664 [COMPANY]. Ef [NUM],COUNTERPARTY_27469
f3be5c44f2378cfb2a4481390acd5bc3,COMP_0793,invoice,2026-05-29,2026-05-29,2026-06-29 00:00:00,253.7,0.0,EUR,EUR,1.0,paid,N.Fra TB2026F/304 COUNTERPARTY_15358 Ef 1,COUNTERPARTY_15358
fa4ce10b6a03d656d614e43302b79a6c,COMP_0001,invoice,2026-04-27,2026-05-27,2026-05-07 00:00:00,-394.14,0.0,EUR,EUR,1.0,paid,S.Fra /70 COUNTERPARTY_06292 Ef [NUM],COUNTERPARTY_38023
cb8f9fca5f2b0056f026c9d8172e6ae6,COMP_0793,invoice,2026-04-13,2026-04-13,2026-06-02 00:00:00,-229.9,0.0,EUR,EUR,1.0,paid,S.Fra /716 COUNTERPARTY_34218 Ef 117/26,COUNTERPARTY_34218
e3daa46aa2861b660e6d3a80c138f6eb,COMP_0878,invoice,2026-06-01,2026-07-01,2026-06-09 00:00:00,-141.57,0.0,EUR,EUR,1.0,paid,S.Fra /144 COUNTERPARTY_12256 Ef 1S26/3199,COUNTERPARTY_12256
9e1f6605684f5c06575496315c2a62b3,COMP_0793,invoice,2026-07-28,2026-07-28,2026-08-05 00:00:00,-94.2,0.0,EUR,EUR,1.0,paid,S.Fra /1813 COUNTERPARTY_08961 Ef 126148,COUNTERPARTY_08961
3e11f8bb6d5dd52ab574144cd97c915d,COMP_0793,invoice,2026-07-25,2026-07-25,2026-08-06 00:00:00,-613.81,0.0,EUR,EUR,1.0,paid,S.Fra /1657 COUNTERPARTY_27278 Ef 12026/036815,COUNTERPARTY_27278
9190c6771dced9c2d5fcff44cb4fb068,COMP_0793,invoice,2026-07-09,2026-07-09,2026-08-05 00:00:00,-30394.06,0.0,EUR,EUR,1.0,paid,S.Fra /1583 [COMPANY] Ef 153,COUNTERPARTY_22440
2831f8d58aef4c7d876c9d177e2a9d71,COMP_0793,invoice,2026-05-19,2026-05-19,2026-06-22 00:00:00,-1566.53,0.0,EUR,EUR,1.0,paid,S.Fra /984 COUNTERPARTY_30566 Ef [NUM],COUNTERPARTY_30566
ad6205cba0c6db15031cfa660db618d8,COMP_0793,invoice,2026-06-23,2026-07-23,2026-07-22 00:00:00,27511.17,0.0,EUR,EUR,1.0,paid,N.Fra TB2026F/429 COUNTERPARTY_05961 Ef 1,COUNTERPARTY_05961
1e6f878c45e608537f82b9292dcf5725,COMP_0793,invoice,2026-04-28,2026-04-28,2026-04-30 00:00:00,162.02,0.0,EUR,EUR,1.0,paid,N.Fra TB2026F/277 COUNTERPARTY_46719 Ef 1,COUNTERPARTY_46719
5afb86d286892e40a88b31a834e7177e,COMP_0793,invoice,2026-04-28,2026-04-28,2026-05-19 00:00:00,3514.71,0.0,EUR,EUR,1.0,paid,N.Fra TB2026F/242 COUNTERPARTY_14508 Ef 1,COUNTERPARTY_14508
5d6b6efa919f19b1f18ec992e6884180,COMP_0793,invoice,2026-07-23,2026-07-23,2026-08-05 00:00:00,-32.46,0.0,EUR,EUR,1.0,paid,S.Fra /1747 [COMPANY] Ef 158,COUNTERPARTY_22440
273419b14751ba9a38b5044d86a905eb,COMP_0878,invoice,2026-03-25,2026-03-25,2026-04-13 00:00:00,-629.2,0.0,EUR,EUR,1.0,paid,S.Fra /101 COUNTERPARTY_33161 Ef 1S26/1201,COUNTERPARTY_33161
3c8b9b58bb94a88e4757b6e54ad4174c,COMP_0793,invoice,2026-05-29,2026-05-29,2026-06-17 00:00:00,13.98,0.0,EUR,EUR,1.0,paid,N.Fra TB2026F/319 COUNTERPARTY_41645 Ef 1,COUNTERPARTY_41645
9c6debbe72bca031adaca79e8c2703fe,COMP_0793,invoice,2026-06-29,2026-06-29,2026-07-04 00:00:00,810.0,0.0,EUR,EUR,1.0,paid,N.Fra TB2026F/460 COUNTERPARTY_15652 Ef 1,COUNTERPARTY_15652
a90948755f26434e1adcdb16d4b7b39b,COMP_0878,invoice,2026-04-01,2026-04-01,2026-04-27 00:00:00,-7058.61,0.0,EUR,EUR,1.0,paid,S.Fra /106 COUNTERPARTY_03905 Ef [NUM],COUNTERPARTY_18411
ea38d1215354e78f7eed68cfd5049895,COMP_0793,invoice,2026-04-28,2026-04-28,2026-05-05 00:00:00,30.15,0.0,EUR,EUR,1.0,paid,N.Fra TB2026F/267 COUNTERPARTY_15082 Ef 1,COUNTERPARTY_15082
cc5925eb277eef782b730fa42f64ce4a,COMP_0793,invoice,2026-06-26,2026-06-26,2026-06-29 00:00:00,331.54,0.0,EUR,EUR,1.0,paid,N.Fra TB2026F/431 COUNTERPARTY_30116 Ef 1,COUNTERPARTY_30116
dea198a28598ed646a50c1d442f77f71,COMP_0793,invoice,2026-03-25,2026-03-25,2026-04-13 00:00:00,-195.73,0.0,EUR,EUR,1.0,paid,S.Fra /575 COUNTERPARTY_27278 Ef 1N2026/036031,COUNTERPARTY_27278
27557aebb6b65fb3443950b126df37ff,COMP_0878,invoice,2026-07-16,2026-07-16,2026-09-03 00:00:00,-235.74,0.0,EUR,EUR,1.0,paid,S.Fra /175 COUNTERPARTY_01776 Ef 12026/20/003806,COUNTERPARTY_01776
d968cdd2400d726b629c28b21e0023ab,COMP_0793,invoice,2026-04-30,2026-04-30,2026-05-06 00:00:00,-215.43,0.0,EUR,EUR,1.0,paid,S.Fra /760 COUNTERPARTY_07183 Ef 1A[NUM],COUNTERPARTY_11469
e393ff2678d2f4410a3c29253d319495,COMP_0793,invoice,2026-05-25,2026-06-24,2026-06-08 00:00:00,-32.01,0.0,EUR,EUR,1.0,paid,S.Fra /976 COUNTERPARTY_10160 Ef 1F[NUM],COUNTERPARTY_35185
b0d4e9553461a16d315baed8e9e1d318,COMP_0001,invoice,2026-06-01,2026-07-01,2026-07-02 00:00:00,-394.14,0.0,EUR,EUR,1.0,paid,S.Fra /113 COUNTERPARTY_06292 Ef [NUM],COUNTERPARTY_38023
e7758b6cbf969fd9a1e3b720e5a2d662,COMP_0793,invoice,2026-08-05,2026-08-05,2026-08-10 00:00:00,-59.29,0.0,EUR,EUR,1.0,paid,S.Fra /1839 COUNTERPARTY_01639 Ef [NUM],COUNTERPARTY_11626
eb438f563a3ffe1a00544d45bcf9474c,COMP_0793,invoice,2026-06-23,2026-06-23,2026-07-03 00:00:00,-103.84,0.0,EUR,EUR,1.0,paid,S.Fra /1311 [COMPANY] Ef 150,COUNTERPARTY_22440
43c7a0db63cb166d83805ac3a5a3ab0a,COMP_0001,invoice,2026-06-23,2026-06-23,2026-07-03 00:00:00,38.19,0.0,EUR,EUR,1.0,paid,N.Fra TB2026F/49 [COMPANY] Ef 1,COUNTERPARTY_03903
c869639567a6e44932df26226cbfcb74,COMP_0878,invoice,2026-04-30,2026-05-30,2026-05-19 00:00:00,-89.54,0.0,EUR,EUR,1.0,paid,S.Fra /124 COUNTERPARTY_39999 Ef [NUM],COUNTERPARTY_39999
104591bec33785cda747947de1ee02ef,COMP_0793,invoice,2026-07-02,2026-07-02,2026-07-06 00:00:00,585.64,0.0,EUR,EUR,1.0,paid,N.Fra TB2026F/467 COUNTERPARTY_30116 Ef 1,COUNTERPARTY_30116
25e96ea5b0d0eedb82ca3c79ee80c99a,COMP_0793,invoice,2026-06-12,2026-06-12,2026-07-02 00:00:00,-121.0,0.0,EUR,EUR,1.0,paid,S.Fra /1276 COUNTERPARTY_33161 Ef 1S26/2791,COUNTERPARTY_47731
33b67b602ffe2a7b5a3dc586f3522b33,COMP_0793,invoice,2026-07-23,2026-07-23,2026-08-12 00:00:00,1414.79,0.0,EUR,EUR,1.0,paid,N.Fra TB2026F/512 COUNTERPARTY_14508 Ef 1,COUNTERPARTY_14508
baf0b83e9cbfe3d675f4515382d2995d,COMP_0793,invoice,2026-06-23,2026-07-20,2026-07-16 00:00:00,18195.4,0.0,EUR,EUR,1.0,paid,N.Fra TB2026F/402 COUNTERPARTY_34957 Ef 1,COUNTERPARTY_34957
179a3c881ec08d49c7c2ea172f54b49c,COMP_0793,invoice,2026-03-27,2026-03-27,2026-04-15 00:00:00,243.15,0.0,EUR,EUR,1.0,paid,N.Fra TB2026F/202 COUNTERPARTY_21752 Ef 1,COUNTERPARTY_21752
4949c0d6ea5efb2840eb292796d4f9a7,COMP_0793,invoice,2026-01-27,2026-01-27,2026-04-22 00:00:00,63.63,0.0,EUR,EUR,1.0,paid,N.Fra TB2026F/49 COUNTERPARTY_15482 Ef 1,COUNTERPARTY_15482
92c6234f2816a46f937a8cdcabefe262,COMP_0793,invoice,2026-07-07,2026-07-07,2026-08-04 00:00:00,-889.35,0.0,EUR,EUR,1.0,paid,S.Fra /1556 COUNTERPARTY_07277. Ef 12026/836,COUNTERPARTY_07277
9ff74f6fef0ca1e6588716225e8367a2,COMP_0793,invoice,2026-04-14,2026-05-14,2026-05-04 00:00:00,-1086.6,0.0,EUR,EUR,1.0,paid,S.Fra /734 COUNTERPARTY_18583 Ef [REF],COUNTERPARTY_18583
d6109f1b2e5d37c47f731ee0b399c0d9,COMP_0793,invoice,2026-07-13,2026-08-12,2026-07-31 00:00:00,-1452.0,0.0,EUR,EUR,1.0,paid,S.Fra /1598 COUNTERPARTY_10819 Ef [REF],COUNTERPARTY_10819
1f4d00bd1b98c02a5bc582155ec3fbf1,COMP_0793,invoice,2026-02-26,2026-02-26,2026-07-06 00:00:00,994.28,0.0,EUR,EUR,1.0,paid,N.Fra TB2026F/133 COUNTERPARTY_04351 Ef 1,COUNTERPARTY_04351
61285e17b52fc011f12f56ecb297b8a1,COMP_0793,invoice,2026-03-03,2026-04-02,2026-04-13 00:00:00,-1917.85,0.0,EUR,EUR,1.0,paid,S.Fra /474 COUNTERPARTY_45358 Ef 12026/16042,COUNTERPARTY_45358
7aa1cdce9d1a20c31e2021118219e167,COMP_0793,invoice,2026-06-05,2026-06-05,2026-06-12 00:00:00,1331.99,0.0,EUR,EUR,1.0,paid,N.Fra TB2026F/379 COUNTERPARTY_14324 Ef 1,COUNTERPARTY_14324
b094e3e8ce49c76639a5177ec4f6055f,COMP_0793,invoice,2026-04-21,2026-04-21,2026-04-20 00:00:00,-900.09,0.0,EUR,EUR,1.0,paid,S.Fra /745 COUNTERPARTY_02232 Ef 1BAR-SCV-2026/004534,COUNTERPARTY_02232
b47a8285b2a7f13a4bb98d686b970d5e,COMP_0001,invoice,2026-06-23,2026-06-23,2026-07-03 00:00:00,103.84,0.0,EUR,EUR,1.0,paid,N.Fra TB2026F/50 [COMPANY] Ef 1,COUNTERPARTY_03903
10caf097a07c43a7bd92cd67578eb3a0,COMP_0793,invoice,2026-06-02,2026-07-02,2026-06-22 00:00:00,-222.23,0.0,EUR,EUR,1.0,paid,S.Fra /1149 COUNTERPARTY_18583 Ef [REF],COUNTERPARTY_18583
3c9bcf22ff5c0087e3f23984b43f0bf3,COMP_0793,invoice,2026-03-26,2026-04-25,2026-04-30 00:00:00,-31.63,0.0,EUR,EUR,1.0,paid,S.Fra /554 COUNTERPARTY_23748 Ef 1FV[NUM],COUNTERPARTY_23748
4b3f458edb0e5399cb8edca199a90f60,COMP_0793,invoice,2026-07-22,2026-08-21,2026-08-28 00:00:00,15158.88,0.0,EUR,EUR,1.0,paid,N.Fra TB2026F/502 COUNTERPARTY_05961 Ef 1,COUNTERPARTY_05961
e3da3b76370ef1b06a1351e48b56b7de,COMP_0793,invoice,2026-02-26,2026-02-26,2026-06-25 00:00:00,54.27,0.0,EUR,EUR,1.0,paid,N.Fra TB2026F/130 COUNTERPARTY_15082 Ef 1,COUNTERPARTY_15082
2bd57ec6b67083009e23013d6c37d1af,COMP_0793,invoice,2026-06-26,2026-06-26,2026-07-03 00:00:00,374.41,0.0,EUR,EUR,1.0,paid,N.Fra TB2026F/445 COUNTERPARTY_38868 Ef 1,COUNTERPARTY_38868
527cf1e35b25cd55d654653b14f004d3,COMP_0793,invoice,2026-06-26,2026-06-26,2026-07-24 00:00:00,133.05,0.0,EUR,EUR,1.0,paid,N.Fra TB2026F/447 COUNTERPARTY_04788 Ef 1,COUNTERPARTY_04788
810d5b8d049d01cc5ad97c454a735499,COMP_0001,invoice,2026-06-23,2026-06-23,2026-07-03 00:00:00,5662.87,0.0,EUR,EUR,1.0,paid,N.Fra TB2026F/45 [COMPANY] Ef 1,COUNTERPARTY_03903
49a69db3b6c757a902fa60d59da5953d,COMP_0793,invoice,2026-06-23,2026-06-23,2026-07-02 00:00:00,752.25,0.0,EUR,EUR,1.0,paid,N.Fra TB2026F/430 COUNTERPARTY_15509. Ef 1,COUNTERPARTY_15509
755e4107248c1b5ad871a525d6aee3a5,COMP_0793,invoice,2026-05-21,2026-06-20,2026-06-11 00:00:00,-65.95,0.0,EUR,EUR,1.0,paid,S.Fra /998 COUNTERPARTY_01767 Ef 126,COUNTERPARTY_01767
a73039340dcb96f1b6213b0c1bc15f60,COMP_0793,invoice,2026-05-29,2026-05-29,2026-06-08 00:00:00,1841.83,0.0,EUR,EUR,1.0,paid,N.Fra TB2026F/310 COUNTERPARTY_03512 Ef 1,COUNTERPARTY_03512
a8afe757fbc43699c7fd22752167f4b4,COMP_0793,invoice,2026-07-06,2026-08-05,2026-07-20 00:00:00,-463.84,0.0,EUR,EUR,1.0,paid,S.Fra /1490 COUNTERPARTY_22217 Ef 12026/AA/[NUM],COUNTERPARTY_22217
f499f0413417ea18f17fee2fcaba7ddc,COMP_0793,invoice,2026-04-07,2026-05-07,2026-04-09 00:00:00,-29.92,0.0,EUR,EUR,1.0,paid,S.Fra /725 COUNTERPARTY_07226 Ef 1ES6M3M8ABEI,COUNTERPARTY_18040
0957cb10b51f7ce889327d13702fe4b9,COMP_0793,invoice,2026-06-23,2026-06-23,2026-07-14 00:00:00,12490.93,0.0,EUR,EUR,1.0,paid,N.Fra TB2026F/408 COUNTERPARTY_14508 Ef 1,COUNTERPARTY_14508
4b3633a7ae0284595c909a89ca697f7f,COMP_0878,invoice,2026-04-16,2026-04-16,2026-05-14 00:00:00,-162.58,0.0,EUR,EUR,1.0,paid,S.Fra /112 COUNTERPARTY_01776 Ef 12026/20/001945,COUNTERPARTY_01776
6a0d9daa05a139afabea5aea0303eb61,COMP_0793,invoice,2026-06-23,2026-06-23,2026-07-20 00:00:00,-252.29,0.0,EUR,EUR,1.0,paid,S.Fra /1331 COUNTERPARTY_42909. Ef 126/1568,COUNTERPARTY_42909
7f6ad91510b1b55d0ebf04f57a24fd19,COMP_0793,invoice,2026-06-23,2026-06-23,2026-07-03 00:00:00,-155.4,0.0,EUR,EUR,1.0,paid,S.Fra /1295 [COMPANY] Ef 151,COUNTERPARTY_22440
8e3f5c44bcfece4601af1796079a631c,COMP_0793,invoice,2026-05-28,2026-05-28,2026-06-02 00:00:00,227.33,0.0,EUR,EUR,1.0,paid,S.Fra /1096 [COMPANY]. Ef [NUM],COUNTERPARTY_27469
013feb812ea791c18693c42ff9ca87d7,COMP_0793,invoice,2026-06-30,2026-07-30,2026-07-20 00:00:00,-46191.17,0.0,EUR,EUR,1.0,paid,S.Fra /1536 COUNTERPARTY_18583 Ef [NUM],COUNTERPARTY_18583
509bf4df810690d1bc4e8fe6c3c16362,COMP_0793,invoice,2026-06-09,2026-06-09,2026-06-26 00:00:00,-5296.63,0.0,EUR,EUR,1.0,paid,S.Fra /[COMPANY] Ef [REF],COUNTERPARTY_18971
67daebbe5471e76d77ff03f4b6a84a04,COMP_0793,invoice,2026-03-25,2026-03-25,2026-04-20 00:00:00,1131.83,0.0,EUR,EUR,1.0,paid,N.Fra TB2026F/157 COUNTERPARTY_14508 Ef 1,COUNTERPARTY_14508
78d8a10de7d5a3c0ad3228ceefce8355,COMP_0793,invoice,2026-03-27,2026-03-27,2026-04-15 00:00:00,1631.95,0.0,EUR,EUR,1.0,paid,N.Fra TB2026F/189 COUNTERPARTY_03512 Ef 1,COUNTERPARTY_03512
beec53e46240c8140dde4916731ecaf6,COMP_0793,invoice,2026-07-09,2026-07-09,2026-08-05 00:00:00,-6868.65,0.0,EUR,EUR,1.0,paid,S.Fra /1590 [COMPANY] Ef 156,COUNTERPARTY_22440
dc624de33efed7ef460bb140eb74dac9,COMP_0793,invoice,2026-03-24,2026-04-23,2026-04-22 00:00:00,76998.35,0.0,EUR,EUR,1.0,paid,N.Fra TB2026F/154 COUNTERPARTY_05961 Ef 1,COUNTERPARTY_05961
87e407ccb24504f792cc7b8db63487fb,COMP_0001,invoice,2026-04-17,2026-04-17,2026-05-08 00:00:00,-1590.75,0.0,EUR,EUR,1.0,paid,S.Fra /64 COUNTERPARTY_27064 Ef 1F26/0107,COUNTERPARTY_27064
b26c93068022e955de78f46bf61fd277,COMP_0793,invoice,2026-07-23,2026-07-23,2026-08-04 00:00:00,-3460.6,0.0,EUR,EUR,1.0,paid,S.Fra /1653 COUNTERPARTY_15356 Ef 115,COUNTERPARTY_22140
f19cd89fcc2621fb33a30df5955cc28e,COMP_0793,invoice,2026-06-23,2026-06-23,2026-07-02 00:00:00,9560.51,0.0,EUR,EUR,1.0,paid,N.Fra TB2026F/403 COUNTERPARTY_26460 Ef 1,COUNTERPARTY_26460
97ee4f031377823e2ad05234290c05a8,COMP_0793,invoice,2026-05-29,2026-05-29,2026-06-05 00:00:00,973.2,0.0,EUR,EUR,1.0,paid,N.Fra TB2026F/315 COUNTERPARTY_04351 Ef 1,COUNTERPARTY_04351
ae986e3f83a8369f90d99997e8ed17e3,COMP_0793,invoice,2026-03-27,2026-04-26,2026-04-16 00:00:00,-46191.17,0.0,EUR,EUR,1.0,paid,S.Fra /620 COUNTERPARTY_18583 Ef [REF],COUNTERPARTY_18583
e614ec9d66b6725f2a32c2ca3dff1817,COMP_0793,invoice,2026-04-28,2026-04-28,2026-05-15 00:00:00,1084.38,0.0,EUR,EUR,1.0,paid,N.Fra TB2026F/266 COUNTERPARTY_14912 Ef 1,COUNTERPARTY_14912
48b20d6ffe57da3636bd009d9af22802,COMP_0793,invoice,2026-06-26,2026-06-26,2026-07-03 00:00:00,718.91,0.0,EUR,EUR,1.0,paid,N.Fra TB2026F/443 COUNTERPARTY_14912 Ef 1,COUNTERPARTY_14912
72cdffc95cd7e7c27cb1e2423b26dbab,COMP_0793,invoice,2026-04-07,2026-05-07,2026-04-10 00:00:00,-448.75,0.0,EUR,EUR,1.0,paid,S.Fra /662 COUNTERPARTY_26642 Ef 1F260499,COUNTERPARTY_26642
7b28076606783fc46fdf4dbdb7235add,COMP_0793,invoice,2026-06-08,2026-07-08,2026-07-20 00:00:00,-245.48,0.0,EUR,EUR,1.0,paid,S.Fra /1234 COUNTERPARTY_22217 Ef 1000/[NUM],COUNTERPARTY_22217
8129e85bf21e408110e2c92586fbceef,COMP_0793,invoice,2026-05-01,2026-05-01,2026-05-03 00:00:00,-29.04,0.0,EUR,EUR,1.0,paid,S.Fra /866 COUNTERPARTY_06745 Ef [NUM],COUNTERPARTY_06745
fc893609094e3b454d83b845768054bc,COMP_0793,invoice,2026-07-20,2026-07-20,2026-08-20 00:00:00,869.0,0.0,EUR,EUR,1.0,paid,N.Fra TB2026F/478 COUNTERPARTY_36436 Ef 1,COUNTERPARTY_36436
a8466df8fbaeac17e5d5fb86114640ca,COMP_0878,invoice,2026-05-10,2026-07-09,2026-05-19 00:00:00,-223.22,0.0,EUR,EUR,1.0,paid,S.Fra /132 COUNTERPARTY_39999 Ef [NUM],COUNTERPARTY_39999
c8d3b7e2084386035b3d54a2469881c4,COMP_0793,invoice,2026-05-01,2026-05-01,2026-05-06 00:00:00,-256.52,0.0,EUR,EUR,1.0,paid,S.Fra /828 COUNTERPARTY_18906 Ef 1[X]/2026/04302,COUNTERPARTY_18906
5430e96b24fdaf7a322343b1aa3fe356,COMP_0793,invoice,2026-04-10,2026-04-10,2026-04-10 00:00:00,-2533.83,0.0,EUR,EUR,1.0,paid,S.Fra /707 COUNTERPARTY_16268. Ef 1TB-2026-F13,COUNTERPARTY_16268
81d33fc66eb22b72b15ee527fa03ee8e,COMP_0793,invoice,2026-04-27,2026-04-27,2026-08-10 00:00:00,41597.5,0.0,EUR,EUR,1.0,paid,N.Fra TB2026F/221 COUNTERPARTY_19200 Ef 1,COUNTERPARTY_19200
4db69b73386bd6e1efa8a65e48aa6ccf,COMP_0793,invoice,2026-05-19,2026-05-19,2026-07-07 00:00:00,60.5,0.0,EUR,EUR,1.0,paid,N.Fra TB2026F/294 COUNTERPARTY_01928 Ef 1,COUNTERPARTY_21262
6c4fc9a8499e13189eab1f597094d338,COMP_0793,invoice,2026-06-25,2026-06-25,2026-07-20 00:00:00,-324.0,0.0,EUR,EUR,1.0,paid,S.Fra /1367 COUNTERPARTY_27278 Ef 1N2026/036624,COUNTERPARTY_27278
df4d34ff2111561ec4a1cf5b31de7245,COMP_0793,invoice,2026-06-26,2026-06-26,2026-07-24 00:00:00,46.28,0.0,EUR,EUR,1.0,paid,N.Fra TB2026F/446 COUNTERPARTY_04788 Ef 1,COUNTERPARTY_04788
f9a844a9f4649a583a0a86e9e467caf8,COMP_0793,invoice,2026-07-07,2026-07-07,2026-07-13 00:00:00,-4467.89,0.0,EUR,EUR,1.0,paid,S.Fra /1486 COUNTERPARTY_02232 Ef 116670,COUNTERPARTY_02232
1c46522f7ffa2e854bbfd32edbee818a,COMP_0793,invoice,2026-07-06,2026-07-06,2026-07-10 00:00:00,-74.4,0.0,EUR,EUR,1.0,paid,S.Fra /1491 COUNTERPARTY_01639 Ef [NUM],COUNTERPARTY_11626
5014a1ab6060983ced9f55beecd3636d,COMP_0793,invoice,2025-11-26,2025-11-26,2026-04-27 00:00:00,1995.05,0.0,EUR,EUR,1.0,paid,N.Fra TB2025F/535 COUNTERPARTY_30051 Ef 1,COUNTERPARTY_30051
9cbe759f2f5922de9a67dba9f4026679,COMP_0793,invoice,2026-03-05,2026-03-05,2026-07-24 00:00:00,612.18,0.0,EUR,EUR,1.0,paid,N.Fra TB2026F/143 COUNTERPARTY_40552 Ef 1,COUNTERPARTY_40552
395471954a181c60349ff840ed4690dd,COMP_0793,invoice,2026-08-31,2026-08-31,2026-09-07 00:00:00,776.32,0.0,EUR,EUR,1.0,paid,N.Fra TB2026F/550 COUNTERPARTY_15509. Ef 1,COUNTERPARTY_15509
2db34c21ce526d542c50d3bc9d07950d,COMP_0793,invoice,2026-04-22,2026-04-22,2026-05-04 00:00:00,455.19,0.0,EUR,EUR,1.0,paid,N.Fra TB2026F/217 COUNTERPARTY_15454 Ef 1,COUNTERPARTY_15454
382d1382f225cccfbee45b2ae58efabb,COMP_0793,invoice,2026-04-30,2026-05-30,2026-05-20 00:00:00,-46191.17,0.0,EUR,EUR,1.0,paid,S.Fra /821 COUNTERPARTY_18583 Ef [REF],COUNTERPARTY_18583
3a85fb8526e75d67b69c4327689da2c4,COMP_0793,invoice,2026-03-22,2026-04-21,2026-04-22 00:00:00,-1856.83,0.0,EUR,EUR,1.0,paid,S.Fra /548 COUNTERPARTY_18405 Ef 1FVT26-19595,COUNTERPARTY_18405
43068442c571f32e7fe5f59f77f5e5fa,COMP_0793,invoice,2026-04-14,2026-05-14,2026-04-15 00:00:00,-52.25,0.0,EUR,EUR,1.0,paid,S.Fra /735 COUNTERPARTY_07226 Ef 1ES6[X],COUNTERPARTY_18040
53fc66275ff806aa1469646c57903948,COMP_0793,invoice,2026-07-07,2026-07-07,2026-07-13 00:00:00,-799.96,0.0,EUR,EUR,1.0,paid,S.Fra /1487 COUNTERPARTY_02232 Ef 116950,COUNTERPARTY_02232
a87d3ee940136d2407ce6c0f781f2b60,COMP_0793,invoice,2026-04-28,2026-04-28,2026-05-08 00:00:00,173.55,0.0,EUR,EUR,1.0,paid,N.Fra TB2026F/276 COUNTERPARTY_15594 Ef 1,COUNTERPARTY_15594
ad602b0d0306c04b3067ed53efcd5c2b,COMP_0878,invoice,2026-07-20,2026-08-19,2026-08-03 00:00:00,-46.74,0.0,EUR,EUR,1.0,paid,S.Fra /177 COUNTERPARTY_12256 Ef 1A26/2875,COUNTERPARTY_12256
d0a649308aadc174e7b202af87f504d0,COMP_0878,invoice,2026-08-03,2026-09-02,2026-08-11 00:00:00,-141.57,0.0,EUR,EUR,1.0,paid,S.Fra /195 COUNTERPARTY_12256 Ef 1S26/4369,COUNTERPARTY_12256
dac418073caa3793f003f8b40c8d52cd,COMP_0793,invoice,2026-04-28,2026-04-28,2026-04-30 00:00:00,236.18,0.0,EUR,EUR,1.0,paid,N.Fra TB2026F/259 COUNTERPARTY_15358 Ef 1,COUNTERPARTY_15358
90c2073ae6eeac6d9f6fd0ae2a615809,COMP_0793,invoice,2026-06-23,2026-06-23,2026-07-14 00:00:00,4069.67,0.0,EUR,EUR,1.0,paid,N.Fra TB2026F/409 COUNTERPARTY_14508 Ef 1,COUNTERPARTY_14508
9ed31f91f3e677048a143c337f049468,COMP_0793,invoice,2026-05-25,2026-05-25,2026-06-22 00:00:00,-42.05,0.0,EUR,EUR,1.0,paid,S.Fra /977 COUNTERPARTY_27278 Ef 1N2026/036425,COUNTERPARTY_27278
5abe0db2699731be96e4950f1d1faa8b,COMP_0793,invoice,2026-08-17,2026-09-16,2026-09-16 00:00:00,-288.4,-288.4,EUR,EUR,1.0,pending,S.Fra /1982 COUNTERPARTY_11579 Ef 12026/21/004874,COUNTERPARTY_11579
afd27a0207b9241bc8357f6094fdc836,COMP_0793,invoice,2026-08-31,2026-10-20,2026-10-20 00:00:00,18195.4,18195.4,EUR,EUR,1.0,pending,N.Fra TB2026F/552 COUNTERPARTY_34957 Ef 1,COUNTERPARTY_34957
3f13864f031201160a2925958346dc34,COMP_0793,invoice,2026-06-23,2026-06-23,2026-06-23 00:00:00,41597.5,41597.5,EUR,EUR,1.0,overdue,N.Fra TB2026F/389 COUNTERPARTY_19200 Ef 1,COUNTERPARTY_19200
2eee140d4434b159fcf4fe292ee6267b,COMP_0793,invoice,2026-06-26,2026-06-26,2026-06-26 00:00:00,-372.18,-372.18,EUR,EUR,1.0,overdue,S.Fra /2037 COUNTERPARTY_93187 Ef 1118-2026,COUNTERPARTY_93187
1809ea9c54983dabf0328d4ba00d814b,COMP_0793,invoice,2026-06-26,2026-06-26,2026-06-26 00:00:00,861.12,861.12,EUR,EUR,1.0,overdue,N.Fra TB2026F/455 COUNTERPARTY_60982 Ef 1,COUNTERPARTY_60982
66ad96d416dbfa66c6b85ad918104771,COMP_0793,invoice,2026-06-26,2026-06-26,2026-06-26 00:00:00,-709.53,-709.53,EUR,EUR,1.0,overdue,S.Fra /2036 COUNTERPARTY_93187 Ef 1119-2026,COUNTERPARTY_93187
51069f11bf5c45955c054987668b987b,COMP_0793,invoice,2026-03-24,2026-03-24,2026-05-13 00:00:00,41597.5,41597.5,EUR,EUR,1.0,overdue,N.Fra TB2026F/149 COUNTERPARTY_19200 Ef 1,COUNTERPARTY_19200
5c0be89d41d5192e0ea9239fa0da0927,COMP_0793,invoice,2026-07-22,2026-07-22,2026-07-22 00:00:00,41597.5,41597.5,EUR,EUR,1.0,overdue,N.Fra TB2026F/482 COUNTERPARTY_19200 Ef 1,COUNTERPARTY_19200
1d1215076c3191538f923c9764224adc,COMP_0793,invoice,2026-07-27,2026-07-27,2026-07-27 00:00:00,805.5,805.5,EUR,EUR,1.0,overdue,N.Fra TB2026F/519 COUNTERPARTY_44045 Ef 1,COUNTERPARTY_44045
ab22256e596580cf201829112ed1af2b,COMP_0793,invoice,2026-05-29,2026-05-29,2026-07-29 00:00:00,41597.5,41597.5,EUR,EUR,1.0,overdue,N.Fra TB2026F/335 COUNTERPARTY_19200 Ef 1,COUNTERPARTY_19200
e6cb88ab0c6c2f1414cb284f9412ceca,COMP_0793,invoice,2026-07-15,2026-07-15,2026-07-15 00:00:00,137.34,137.34,EUR,EUR,1.0,overdue,N.Fra TB2026F/477 COUNTERPARTY_93683. Ef 1,COUNTERPARTY_93683
01b028b1048325859fa6eab24466b2c0,COMP_0793,invoice,2026-08-31,2026-08-31,2026-08-31 00:00:00,41597.5,41597.5,EUR,EUR,1.0,overdue,N.Fra TB2026F/548 COUNTERPARTY_19200 Ef 1,COUNTERPARTY_19200
5d1d5c82069cfd3145cb883e8e8a4dc6,COMP_0793,invoice,2026-07-22,2026-08-20,2026-07-31 00:00:00,18195.4,18195.4,EUR,EUR,1.0,overdue,N.Fra TB2026F/483 COUNTERPARTY_34957 Ef 1,COUNTERPARTY_34957
29e8588b3940a4b4bfd13ce532744d7d,COMP_0793,invoice,2026-06-23,2026-06-23,2026-07-20 00:00:00,14576.62,0.0,EUR,EUR,1.0,paid,N.Fra TB2026F/390 COUNTERPARTY_49391 Ef 1,COUNTERPARTY_49391
2bd6f3048f3c42e86b29517e505687fd,COMP_0793,invoice,2026-01-27,2026-01-27,2026-01-27 00:00:00,292.14,292.14,EUR,EUR,1.0,overdue,N.Fra TB2026F/37 COUNTERPARTY_48877 Ef 1,COUNTERPARTY_48877
655fc7a0958ee3bf228d61a966d8b691,COMP_0001,invoice,2026-06-17,2026-07-17,2026-07-08 00:00:00,-13.45,0.0,EUR,EUR,1.0,paid,S.Fra /124 COUNTERPARTY_12457 Ef [NUM],COUNTERPARTY_94951
678b7099aa166293a7ce9f6b037d4aa5,COMP_0793,invoice,2026-03-25,2026-03-25,2026-05-21 00:00:00,-1248.04,0.0,EUR,EUR,1.0,paid,S.Fra /619 COUNTERPARTY_07783 Ef [NUM],COUNTERPARTY_49066
71aa82f67c73333397de38a0d0f54027,COMP_0001,invoice,2026-02-18,2026-03-20,2026-05-20 00:00:00,-72.18,0.0,EUR,EUR,1.0,paid,S.Fra /24 COUNTERPARTY_35207 Ef 111/2026/1.252,COUNTERPARTY_35207
757f3bebc135c69e4415984e195bce51,COMP_0793,invoice,2026-08-04,2026-08-04,2026-08-04 00:00:00,-0.3,-0.3,EUR,EUR,1.0,overdue,S.Fra /1940 COUNTERPARTY_00061 Ef [REF],COUNTERPARTY_22769
8d5a32bf98c77b7b8d49b999215b5cde,COMP_0001,invoice,2026-07-23,2026-08-22,2026-08-22 00:00:00,-29.04,-29.04,EUR,EUR,1.0,overdue,S.Fra /178 COUNTERPARTY_08655 Ef [NUM],COUNTERPARTY_95140
8e0f109d78df1beeb1f7b6529847b2ae,COMP_0001,invoice,2025-12-23,2025-12-23,2026-05-20 00:00:00,-14520.0,0.0,EUR,EUR,1.0,paid,N.Fra [X]/1 [COMPANY] Ef 1,COUNTERPARTY_03903
a2ef84d153b416be03330677da3322b4,COMP_0793,invoice,2026-05-19,2026-05-19,2026-06-22 00:00:00,-0.3,0.0,EUR,EUR,1.0,paid,S.Fra /1175 COUNTERPARTY_00061 Ef [REF],COUNTERPARTY_22769
a5bd8d39b81e547c88198dc30efcc624,COMP_0793,invoice,2026-06-03,2026-06-03,2026-07-20 00:00:00,10989.29,0.0,EUR,EUR,1.0,paid,N.Fra TB2026F/373 COUNTERPARTY_10380 Ef 1,COUNTERPARTY_10380
b21da5afd662ab0159b1b20b8b0bd740,COMP_0793,invoice,2026-08-06,2026-08-06,2026-08-06 00:00:00,-5662.87,-5662.87,EUR,EUR,1.0,overdue,S.Fra /1857 [COMPANY] Ef 162,COUNTERPARTY_22440
b25d0a521b15133522040773bdea05fd,COMP_0793,invoice,2026-02-23,2026-03-25,2026-04-09 00:00:00,76998.35,0.0,EUR,EUR,1.0,paid,N.Fra TB2026F/78 COUNTERPARTY_05961 Ef 1,COUNTERPARTY_05961
c0d287360b303406d25c2b3f58abb162,COMP_0793,invoice,2026-03-13,2026-03-13,2026-08-06 00:00:00,121.0,0.0,EUR,EUR,1.0,paid,S.Fra /1576 COUNTERPARTY_50141 Ef 1R00[X],COUNTERPARTY_50141
cabcc2be8684ca61a663fd92e1c29663,COMP_0793,invoice,2026-06-18,2026-07-18,2026-07-22 00:00:00,-159.9,0.0,EUR,EUR,1.0,paid,S.Fra /1363 COUNTERPARTY_07226 Ef 1ES614Z2JABEI,COUNTERPARTY_18040
cfbb63b5850a8681289f7582e1440ee4,COMP_0793,invoice,2026-02-25,2026-02-25,2026-04-09 00:00:00,27740.9,0.0,EUR,EUR,1.0,paid,N.Fra TB2026F/109 COUNTERPARTY_10380 Ef 1,COUNTERPARTY_10380
d65587841f04c64adb64dd05a46ca12f,COMP_0793,invoice,2026-03-15,2026-04-14,2026-04-13 00:00:00,-543.51,0.0,EUR,EUR,1.0,paid,S.Fra /546 COUNTERPARTY_48443 Ef [NUM],COUNTERPARTY_48443
e729c5a38c33b69a2652bfc58be745f8,COMP_0001,invoice,2026-04-28,2026-05-28,2026-05-13 00:00:00,-9680.01,0.0,EUR,EUR,1.0,paid,S.Fra /72 COUNTERPARTY_08037 Ef 16,COUNTERPARTY_08037
e8431853b924f2d0406a71188d292ed5,COMP_0793,invoice,2026-05-18,2026-05-18,2026-07-22 00:00:00,-8.36,0.0,EUR,EUR,1.0,paid,S.Fra /1065 COUNTERPARTY_07226 Ef 1ES6[X]1ABEI,COUNTERPARTY_18040
0bf7e1cf2f5832bdfa40296e1aa74404,COMP_0793,invoice,2026-05-29,2026-05-29,2026-06-22 00:00:00,-1028.5,0.0,EUR,EUR,1.0,paid,S.Fra /1118 COUNTERPARTY_65284 Ef [NUM],COUNTERPARTY_65284
141631810e5d55f5e4146c7de1c5ed30,COMP_0793,invoice,2025-12-31,2025-12-31,2026-06-22 00:00:00,-185.2,0.0,EUR,EUR,1.0,paid,S.Fra /992 COUNTERPARTY_27018 Ef 1V25-02067,COUNTERPARTY_27018
15c22a72e564fe8d507daecdd5047f92,COMP_0001,invoice,2025-09-29,2025-09-29,2026-05-20 00:00:00,4235.0,0.0,EUR,EUR,1.0,paid,N.Fra TB2025F/159 [COMPANY] Ef 1,COUNTERPARTY_03903
1690669260cb05fd2c965cece689dbed,COMP_0793,invoice,2026-03-25,2026-03-25,2026-05-21 00:00:00,-629.2,0.0,EUR,EUR,1.0,paid,S.Fra /541 COUNTERPARTY_33161 Ef 1S26/1200,COUNTERPARTY_47731
1d6da4287b1e113e33f764ab69a8576e,COMP_0793,invoice,2026-01-13,2026-02-12,2026-07-22 00:00:00,-10.07,0.0,EUR,EUR,1.0,paid,S.Fra /24 COUNTERPARTY_07226 Ef 1ES61[X],COUNTERPARTY_18040
28dfeac350c0916185a2edb087d07e8e,COMP_0793,invoice,2026-07-15,2026-07-15,2026-08-06 00:00:00,-645.17,0.0,EUR,EUR,1.0,paid,S.Fra /1567 COUNTERPARTY_33161 Ef 1S26/3816,COUNTERPARTY_47731
2a7ec1ce10feb07bc323c041e0ac462c,COMP_0793,invoice,2026-05-29,2026-05-29,2026-07-20 00:00:00,-730.84,0.0,EUR,EUR,1.0,paid,N.Fra [X]/11 COUNTERPARTY_43142 Ef 1,COUNTERPARTY_43142
3877e1e934ce6b6bd986cd61679ea699,COMP_0001,invoice,2026-04-30,2026-05-30,2026-06-13 00:00:00,-433.95,0.0,EUR,EUR,1.0,paid,S.Fra /73 COUNTERPARTY_07183 Ef 1L/26/[NUM],COUNTERPARTY_50543
46d05bf609b0b4bb50f563321bab9a53,COMP_0793,invoice,2026-05-13,2026-05-13,2026-05-20 00:00:00,-9680.0,0.0,EUR,EUR,1.0,paid,S.Fra /919 [COMPANY] Ef 137,COUNTERPARTY_22440
5ba33c7c879e230b4077da685a20ddec,COMP_0793,invoice,2026-07-15,2026-07-15,2026-08-06 00:00:00,-360.58,0.0,EUR,EUR,1.0,paid,S.Fra /1544 COUNTERPARTY_42909. Ef 126/1814,COUNTERPARTY_42909
73b6c65e48b8e4f27953f905d6ba652e,COMP_0793,invoice,2026-05-15,2026-05-15,2026-07-22 00:00:00,-2.65,0.0,EUR,EUR,1.0,paid,S.Fra /1061 COUNTERPARTY_07226 Ef 1ES6[X],COUNTERPARTY_18040
7d2be9c8a2b0cbd95e675b78e3c7657d,COMP_0001,invoice,2026-05-13,2026-05-13,2026-06-13 00:00:00,33402.53,0.0,EUR,EUR,1.0,paid,N.Fra TB2026F/35 [COMPANY] Ef 1,COUNTERPARTY_03903
86a6ea175b89647c4b5cbe4ecb0dcd16,COMP_0001,invoice,2026-08-11,2026-09-10,2026-09-10 00:00:00,-130.84,-130.84,EUR,EUR,1.0,overdue,S.Fra /181 COUNTERPARTY_24926 Ef [NUM]/5/26/001942,COUNTERPARTY_55414
94c2f4d54a8d7aa597f205974b93b3e9,COMP_0793,invoice,2026-03-25,2026-03-25,2026-06-24 00:00:00,31657.69,0.0,EUR,EUR,1.0,paid,N.Fra TB2026F/166 COUNTERPARTY_47852 Ef 1,COUNTERPARTY_47852
aeec63b424e1d102f9945b02a934b5f9,COMP_0793,invoice,2026-07-31,2026-07-31,2026-08-06 00:00:00,-1090.94,0.0,EUR,EUR,1.0,paid,S.Fra /1797 COUNTERPARTY_33161 Ef 1S26/4425,COUNTERPARTY_47731
b400179c91618e2b9b0afc71ad87eb74,COMP_0793,invoice,2026-08-31,2026-08-31,2026-08-31 00:00:00,10468.67,10468.67,EUR,EUR,1.0,overdue,N.Fra TB2026F/559 COUNTERPARTY_49692 Ef 1,COUNTERPARTY_49692
cfdd113cb558081c9355ed04a154fdb0,COMP_0793,invoice,2026-03-25,2026-03-25,2026-06-24 00:00:00,18191.36,0.0,EUR,EUR,1.0,paid,N.Fra TB2026F/158 COUNTERPARTY_49692 Ef 1,COUNTERPARTY_49692
ef1131c96d15710389202a986a7ec068,COMP_0793,invoice,2026-06-01,2026-07-01,2026-07-01 00:00:00,-184.89,-184.89,EUR,EUR,1.0,overdue,S.Fra /1233 COUNTERPARTY_02692 Ef 126FF114589,COUNTERPARTY_50210
f0e873ed9751e366ca919919bc933451,COMP_0793,invoice,2026-07-01,2026-07-01,2026-07-15 00:00:00,-362.99,0.0,EUR,EUR,1.0,paid,S.Fra /1431 COUNTERPARTY_23024. Ef 1[X][NUM],COUNTERPARTY_23024
f2d0e789621daa8a47309b8e8b510934,COMP_0793,invoice,2026-03-25,2026-03-25,2026-05-21 00:00:00,-2176.78,0.0,EUR,EUR,1.0,paid,S.Fra /636 COUNTERPARTY_07783 Ef [NUM],COUNTERPARTY_49066
13f38a6b4a502a5b7a201d1eb25c0462,COMP_0793,invoice,2026-05-04,2026-05-04,2026-07-20 00:00:00,-7.26,0.0,EUR,EUR,1.0,paid,S.Fra /1252 COUNTERPARTY_96621 Ef [NUM],COUNTERPARTY_96621
1715017628c2b8239c1592378dec73c9,COMP_0793,invoice,2026-03-02,2026-03-02,2026-06-24 00:00:00,216.0,0.0,EUR,EUR,1.0,paid,N.Fra TB2026F/142 COUNTERPARTY_15652 Ef 1,COUNTERPARTY_15652
2872f1d670109a9cd06ee466281c25ae,COMP_0001,invoice,2026-07-24,2026-08-23,2026-08-23 00:00:00,-83.59,-83.59,EUR,EUR,1.0,pending,S.Fra /163 COUNTERPARTY_24926 Ef [NUM]/5/26/000688,COUNTERPARTY_55414
417eaf923ff25be929ab2582b739436c,COMP_0793,invoice,2026-07-31,2026-08-30,2026-08-06 00:00:00,-248.66,0.0,EUR,EUR,1.0,paid,S.Fra /1822 COUNTERPARTY_27660 Ef 126186,COUNTERPARTY_27660
57f448389a54d067310a24becbbbb1cc,COMP_0793,invoice,2026-07-08,2026-08-07,2026-07-15 00:00:00,-475.47,0.0,EUR,EUR,1.0,paid,S.Fra /1530 COUNTERPARTY_47799 Ef [NUM],COUNTERPARTY_47799
69a272178f266363d5770147d0f04ad3,COMP_0793,invoice,2026-06-23,2026-07-23,2026-07-20 00:00:00,270.14,0.0,EUR,EUR,1.0,paid,N.Fra TB2026F/413 COUNTERPARTY_49557 Ef 1,COUNTERPARTY_49557
780041096fac9f146373f92f87109397,COMP_0793,invoice,2026-03-10,2026-03-10,2026-05-21 00:00:00,1085.85,0.0,EUR,EUR,1.0,paid,S.Fra /695 COUNTERPARTY_33161 Ef 1SA26/49,COUNTERPARTY_47731
7817224cd9a41e0427d1e1d6796c6d62,COMP_0793,invoice,2026-07-07,2026-08-06,2026-08-06 00:00:00,-156.42,0.0,EUR,EUR,1.0,paid,S.Fra /1581 COUNTERPARTY_10795 Ef [TAXID],COUNTERPARTY_23778
8b406bcacde3e1d4b20b9508ec8e6734,COMP_0793,invoice,2026-03-25,2026-03-25,2026-04-13 00:00:00,-9680.0,0.0,EUR,EUR,1.0,paid,S.Fra /566 [COMPANY] Ef 123,COUNTERPARTY_22440
90dd6eb34c572b72dd4d6d626a39d336,COMP_0878,invoice,2026-03-31,2026-03-31,2026-05-19 00:00:00,-530.27,0.0,EUR,EUR,1.0,paid,S.Fra /113 COUNTERPARTY_37772 Ef 1FV26/002397,COUNTERPARTY_37772
955ea2042c43cf2dce0208b641ede0d4,COMP_0793,invoice,2026-06-16,2026-07-16,2026-07-22 00:00:00,-11.04,0.0,EUR,EUR,1.0,paid,S.Fra /1354 COUNTERPARTY_07226 Ef 1ES614[X],COUNTERPARTY_18040
bde889455ccef60469586524f6aac39b,COMP_0793,invoice,2026-07-29,2026-07-29,2026-07-30 00:00:00,213.46,213.46,EUR,EUR,1.0,overdue,N.Fra TB2026F/524 COUNTERPARTY_15358 Ef 1,COUNTERPARTY_15358
be39479ee817c6bbeb06f15786240b5a,COMP_0878,invoice,2026-05-29,2026-06-28,2026-06-10 00:00:00,-219.0,0.0,EUR,EUR,1.0,paid,S.Fra /145 COUNTERPARTY_97187 Ef [NUM],COUNTERPARTY_97187
c3b630622190f9403448a728694c726f,COMP_0793,invoice,2026-06-07,2026-07-07,2026-06-22 00:00:00,-2178.0,0.0,EUR,EUR,1.0,paid,S.Fra /1256 COUNTERPARTY_40572 Ef 12026/52,COUNTERPARTY_40572
d667c8bfa9e33301d931a94dd2e56304,COMP_0793,invoice,2026-03-12,2026-03-12,2026-04-13 00:00:00,-15.63,0.0,EUR,EUR,1.0,paid,S.Fra /508 COUNTERPARTY_97261 Ef [REF],COUNTERPARTY_97261
e054b68162a6728394659ea8ef8bfffd,COMP_0793,invoice,2026-05-20,2026-05-20,2026-06-22 00:00:00,-2595.28,0.0,EUR,EUR,1.0,paid,S.Fra /950 COUNTERPARTY_35139 Ef [NUM],COUNTERPARTY_35139
f8d90f129f5ec984d9fbce2e9ea59140,COMP_0001,invoice,2026-05-20,2026-05-20,2026-05-20 00:00:00,-185.2,-185.2,EUR,EUR,1.0,overdue,S.Fra /102 COUNTERPARTY_01678 Ef 1ES6X1[X],COUNTERPARTY_48241
fa7d61444150e51a39ad149b5337665a,COMP_0793,invoice,2026-06-26,2026-06-26,2026-06-26 00:00:00,489.42,489.42,EUR,EUR,1.0,overdue,N.Fra TB2026F/439 COUNTERPARTY_48877 Ef 1,COUNTERPARTY_48877
fd40f3b90cbba3abaaf037e171a1d5b7,COMP_0001,invoice,2026-07-09,2026-07-09,2026-09-07 00:00:00,6868.65,0.0,EUR,EUR,1.0,paid,N.Fra TB2026F/54 [COMPANY] Ef 1,COUNTERPARTY_03903
116312b0d32d26ad5430c7c337aef4c0,COMP_0793,invoice,2026-07-20,2026-07-20,2026-08-06 00:00:00,-2145.09,0.0,EUR,EUR,1.0,paid,S.Fra /1613 COUNTERPARTY_33161 Ef 1S26/3947,COUNTERPARTY_47731
1299cc03a108cd8f82c9587b6f8fc189,COMP_0793,invoice,2026-02-12,2026-02-12,2026-07-20 00:00:00,488.07,0.0,EUR,EUR,1.0,paid,N.Fra TB2026F/73 COUNTERPARTY_21959 Ef 1,COUNTERPARTY_21959
171138942b805062a256be3a3c819eae,COMP_0793,invoice,2026-06-20,2026-06-20,2026-07-22 00:00:00,-29.4,0.0,EUR,EUR,1.0,paid,S.Fra /1436 COUNTERPARTY_07226 Ef 1ES615GM8ABEI,COUNTERPARTY_18040
1ac4db441f8a973b979afb260b742af2,COMP_0793,invoice,2026-01-22,2026-02-21,2026-07-22 00:00:00,-27.7,0.0,EUR,EUR,1.0,paid,S.Fra /36 COUNTERPARTY_07226 Ef 1ES64[X],COUNTERPARTY_18040
23aee1b678d6f3486af83afadaa4fa79,COMP_0793,invoiceGroup,2026-03-10,2026-03-10,2026-03-10 00:00:00,-54959.3,-54959.3,EUR,EUR,1.0,overdue,Remesas Proveedor,
373e0bc887766ac4689c21e2f5dfb744,COMP_0793,invoice,2026-08-31,2026-08-31,2026-08-31 00:00:00,4650.26,4650.26,EUR,EUR,1.0,overdue,N.Fra TB2026F/565 COUNTERPARTY_14508 Ef 1,COUNTERPARTY_14508
409147bada2979686411d770a97bf236,COMP_0793,invoice,2026-03-02,2026-03-02,2026-07-20 00:00:00,-7.26,0.0,EUR,EUR,1.0,paid,S.Fra /1249 COUNTERPARTY_96621 Ef [NUM],COUNTERPARTY_96621
4f2dd0329c2ab90b891595cd3fd32e73,COMP_0793,invoice,2026-03-02,2026-04-01,2026-04-09 00:00:00,-295.49,0.0,EUR,EUR,1.0,paid,S.Fra /415 COUNTERPARTY_18583 Ef [REF],COUNTERPARTY_18583
55c8f681b8f8c97007379ec23763d398,COMP_0793,invoice,2026-01-27,2026-01-27,2026-04-13 00:00:00,-402.35,0.0,EUR,EUR,1.0,paid,S.Fra /663 COUNTERPARTY_17871 Ef 1FRAV.550296,COUNTERPARTY_17871
88fdc09adfea23d85957eb65541ae42d,COMP_0001,invoice,2026-05-05,2026-06-04,2026-06-13 00:00:00,-125.29,0.0,EUR,EUR,1.0,paid,S.Fra /82 COUNTERPARTY_24926 Ef [NUM]/5/26/001342,COUNTERPARTY_55414
897a36653584c30593bc116776b32f8d,COMP_0793,invoice,2026-03-25,2026-03-25,2026-04-13 00:00:00,-480.09,0.0,EUR,EUR,1.0,paid,S.Fra /543 [COMPANY] Ef 124,COUNTERPARTY_22440
8e41b1a65f5113a275a099cdc9dc49ea,COMP_0793,invoice,2026-03-25,2026-03-25,2026-04-09 00:00:00,2322.84,0.0,EUR,EUR,1.0,paid,N.Fra TB2026F/163 COUNTERPARTY_49391 Ef 1,COUNTERPARTY_49391
91e0078230890fcc86bdf741994ad3bf,COMP_0793,invoice,2026-06-16,2026-06-16,2026-06-16 00:00:00,81937.34,81937.34,EUR,EUR,1.0,overdue,N.Fra TB2026F/385 COUNTERPARTY_48298 Ef 1,COUNTERPARTY_48298
b58410bfcea6d40fb94a1b836c06e4ac,COMP_0793,invoice,2026-04-30,2026-04-30,2026-06-22 00:00:00,-278.91,0.0,EUR,EUR,1.0,paid,S.Fra /845 COUNTERPARTY_97947 Ef 12026-457,COUNTERPARTY_97947
bbf22fb31616cac4fa696e4470e44a06,COMP_0001,invoice,2026-03-18,2026-04-17,2026-05-20 00:00:00,-56.5,0.0,EUR,EUR,1.0,paid,S.Fra /83 COUNTERPARTY_97962 Ef 1F1-1062,COUNTERPARTY_97962
c2e7e8e98675fc19eb490c7d675f4d5a,COMP_0793,invoice,2026-04-02,2026-04-02,2026-04-13 00:00:00,-1.51,0.0,EUR,EUR,1.0,paid,S.Fra /626 COUNTERPARTY_00061 Ef 1186.366.278,COUNTERPARTY_22769
d325834c0d8b21fdef2551d9719bbd32,COMP_0793,invoice,2026-06-08,2026-07-08,2026-07-22 00:00:00,-33.72,0.0,EUR,EUR,1.0,paid,S.Fra /1416 COUNTERPARTY_07226 Ef 1ES611[X],COUNTERPARTY_18040
da922c2de91a3c738de59c612dd30a4d,COMP_0878,invoice,2026-07-31,2026-07-31,2026-07-31 00:00:00,-446.24,-446.24,EUR,EUR,1.0,overdue,S.Fra /193 COUNTERPARTY_10436 Ef 1FA127870,COUNTERPARTY_31816
f24c1fabdaa464a3743bb53eef3f784a,COMP_0793,invoice,2026-03-05,2026-04-04,2026-04-09 00:00:00,-28.06,0.0,EUR,EUR,1.0,paid,S.Fra /476 COUNTERPARTY_18477 Ef [NUM]/AV,COUNTERPARTY_31747
fbca0ead912c992f6130ae5d40bfb76b,COMP_0793,invoice,2026-07-08,2026-08-07,2026-07-15 00:00:00,-558.32,0.0,EUR,EUR,1.0,paid,S.Fra /1524 COUNTERPARTY_47799 Ef [NUM],COUNTERPARTY_47799
fea0ca9b9d9876a6b2cf9db8c31ca667,COMP_0793,invoice,2026-08-31,2026-08-31,2026-08-31 00:00:00,-73.52,-73.52,EUR,EUR,1.0,overdue,S.Fra /1969 COUNTERPARTY_27018 Ef 1V26-01580,COUNTERPARTY_27018
0db311010c34b69e86444076cc567ca9,COMP_0878,invoice,2026-05-15,2026-06-14,2026-07-08 00:00:00,-622.12,0.0,EUR,EUR,1.0,paid,S.Fra /136 COUNTERPARTY_37113 Ef [NUM],COUNTERPARTY_37113
1c7e8fd1f4c8adfb23b77da37b8e1968,COMP_0793,invoice,2026-05-15,2026-05-15,2026-07-22 00:00:00,-14.8,0.0,EUR,EUR,1.0,paid,S.Fra /1059 COUNTERPARTY_07226 Ef 1ES6[X],COUNTERPARTY_18040
1d9ca7ed6011aaaf1fecd1d9a6e1b1cf,COMP_0793,invoice,2026-08-18,2026-09-17,2026-09-10 00:00:00,-50.82,0.0,EUR,EUR,1.0,paid,S.Fra /2014 COUNTERPARTY_07226 Ef 1ES61JC7SABEI,COUNTERPARTY_18040
3a6bc1fd4dda78ec2ec4fd157d0dd600,COMP_0793,invoice,2026-07-29,2026-09-27,2026-09-09 00:00:00,-317.02,0.0,EUR,EUR,1.0,paid,S.Fra /1730 COUNTERPARTY_42722 Ef 1F[NUM],COUNTERPARTY_42722
44e07777f3ab0e40b284fcb3b457a9c9,COMP_0793,invoice,2026-02-06,2026-02-06,2026-03-10 00:00:00,-1836.08,0.0,EUR,EUR,1.0,paid,S.Fra /303 COUNTERPARTY_33161 Ef 1S26/464,COUNTERPARTY_47731
4e5c8b84d0f6328b3233e5af760e457e,COMP_0793,invoice,2026-06-30,2026-07-30,2026-07-20 00:00:00,-221.43,0.0,EUR,EUR,1.0,paid,S.Fra /1537 COUNTERPARTY_27660 Ef 126119,COUNTERPARTY_27660
60983cf0a7fef78fa01b1168b7af0b97,COMP_0793,invoice,2026-06-23,2026-06-23,2026-08-06 00:00:00,-132.31,0.0,EUR,EUR,1.0,paid,S.Fra /1337 COUNTERPARTY_07783 Ef [NUM],COUNTERPARTY_49066
6e46ed8e5e57e7e81fd4e7eaf21e9039,COMP_0793,invoice,2026-08-31,2026-09-30,2026-09-30 00:00:00,76998.35,76998.35,EUR,EUR,1.0,pending,N.Fra TB2026F/567 COUNTERPARTY_05961 Ef 1,COUNTERPARTY_05961
6ff0c7baac4d2eda376312bf93889fb6,COMP_0793,invoice,2026-07-30,2026-08-29,2026-09-09 00:00:00,-42.77,0.0,EUR,EUR,1.0,paid,S.Fra /1661 COUNTERPARTY_10160 Ef 1TI[NUM],COUNTERPARTY_35185
75212303f31e1b220c88fe3a8905f846,COMP_0878,invoice,2026-06-30,2026-08-29,2026-07-08 00:00:00,-141.59,0.0,EUR,EUR,1.0,paid,S.Fra /164 COUNTERPARTY_39999 Ef [NUM],COUNTERPARTY_39999
85037c143b96444d17f59f34d305d3fb,COMP_0793,invoice,2026-02-24,2026-02-24,2026-03-10 00:00:00,-169.6,0.0,EUR,EUR,1.0,paid,S.Fra /332 COUNTERPARTY_54547 Ef 1F/2026/2,COUNTERPARTY_54547
8ffa5193cfca57bb35c4fb4a17b1ef33,COMP_0001,invoice,2026-02-03,2026-02-03,2026-05-20 00:00:00,16639.92,0.0,EUR,EUR,1.0,paid,N.Fra TB2026F/12 [COMPANY] Ef 1,COUNTERPARTY_03903
90d4a4773e666990af6ee9c21270516f,COMP_0793,invoice,2026-06-22,2026-06-22,2026-07-22 00:00:00,-20.5,0.0,EUR,EUR,1.0,paid,S.Fra /1441 COUNTERPARTY_07226 Ef 1ES615TN3ABEI,COUNTERPARTY_18040
98c98999f472a4663780589cfcbafbd9,COMP_0001,invoice,2026-01-31,2026-03-02,2026-06-13 00:00:00,-324.72,0.0,EUR,EUR,1.0,paid,S.Fra /11 COUNTERPARTY_07183 Ef 1L[NUM],COUNTERPARTY_50543
a09ed7e5bfbb391cbe5487f81dee41ce,COMP_0793,invoice,2026-07-16,2026-07-16,2026-07-16 00:00:00,-384.33,-384.33,EUR,EUR,1.0,overdue,S.Fra /2029 COUNTERPARTY_42922 Ef 1P/00995,COUNTERPARTY_42922
a9737885f99610c3c96bd093bb24af7f,COMP_0793,invoice,2026-08-31,2026-08-31,2026-08-31 00:00:00,6035.02,6035.02,EUR,EUR,1.0,overdue,N.Fra TB2026F/572 COUNTERPARTY_48639 Ef 1,COUNTERPARTY_48639
ab928eeb74a0c1a704406eb52fcbe750,COMP_0793,invoice,2026-05-29,2026-05-29,2026-06-24 00:00:00,14576.62,0.0,EUR,EUR,1.0,paid,N.Fra TB2026F/333 COUNTERPARTY_49391 Ef 1,COUNTERPARTY_49391
d2c599158c2b000fac652af25fc5268e,COMP_0001,invoice,2026-04-05,2026-05-05,2026-06-13 00:00:00,-123.48,0.0,EUR,EUR,1.0,paid,S.Fra /54 COUNTERPARTY_24926 Ef [NUM]/5/26/000157,COUNTERPARTY_55414
f9a46b901dbdd5999a249fda1353039a,COMP_0793,invoice,2026-02-27,2026-03-29,2026-04-13 00:00:00,-159.72,0.0,EUR,EUR,1.0,paid,S.Fra /398 COUNTERPARTY_48090 Ef 191647,COUNTERPARTY_48090
0788a930f9243c82632db34f0c50d19d,COMP_0793,invoice,2026-06-01,2026-07-01,2026-06-22 00:00:00,-239.58,0.0,EUR,EUR,1.0,paid,S.Fra /1144 COUNTERPARTY_35858 Ef 114[X]93-0022,COUNTERPARTY_35858
186a81fbb8cb6edaa35185130c1bbcab,COMP_0793,invoice,2026-04-01,2026-05-01,2026-04-13 00:00:00,-850.29,0.0,EUR,EUR,1.0,paid,S.Fra /677 COUNTERPARTY_10795 Ef 11W40276M,COUNTERPARTY_23778
3169eeac6f7c7dbf540117605bf794be,COMP_0793,invoice,2026-05-05,2026-05-05,2026-07-20 00:00:00,10354.79,0.0,EUR,EUR,1.0,paid,N.Fra TB2026F/291 COUNTERPARTY_10380 Ef 1,COUNTERPARTY_10380
3e93bc7cdf91725c308101682424b164,COMP_0793,invoice,2026-04-13,2026-04-13,2026-04-13 00:00:00,-129.28,-129.28,EUR,EUR,1.0,overdue,S.Fra /709 [COMPANY] Ef [REF],COUNTERPARTY_21065
4220a9beec5488d790bcfadd96d6a7d6,COMP_0793,invoice,2026-08-02,2026-09-01,2026-08-06 00:00:00,-17.9,0.0,EUR,EUR,1.0,paid,S.Fra /1774 COUNTERPARTY_07226 Ef 1ES61G5[X],COUNTERPARTY_18040
53e0a93bc83458e07f7b85c5ed0d8a6f,COMP_0793,invoice,2026-03-05,2026-03-05,2026-04-09 00:00:00,-19.98,0.0,EUR,EUR,1.0,paid,S.Fra /648 COUNTERPARTY_07226 Ef 1ES6EY3WABEI,COUNTERPARTY_18040
58fdf955262b0930be18f55a7ecc82e9,COMP_0793,invoice,2026-07-21,2026-08-20,2026-08-06 00:00:00,-51.75,0.0,EUR,EUR,1.0,paid,S.Fra /1623 COUNTERPARTY_01767 Ef 145,COUNTERPARTY_01767
62c20be6491156e36e34728129facac2,COMP_0793,invoice,2026-04-01,2026-05-01,2026-04-13 00:00:00,-46.94,0.0,EUR,EUR,1.0,paid,S.Fra /678 COUNTERPARTY_10795 Ef 11E49727L,COUNTERPARTY_23778
63d3bff9976785d4ad7007f71c90ecae,COMP_0793,invoice,2026-08-03,2026-09-02,2026-08-06 00:00:00,-158.1,0.0,EUR,EUR,1.0,paid,S.Fra /1807 COUNTERPARTY_07226 Ef 1ES61G9K7ABEI,COUNTERPARTY_18040
743511491b8082d05bd30582845de03e,COMP_0001,invoice,2026-06-15,2026-07-15,2026-07-08 00:00:00,-2028.99,0.0,EUR,EUR,1.0,paid,S.Fra /[COMPANY] Ef 1CI[NUM],COUNTERPARTY_28286
933abbbad4d2c79522715de56488bc67,COMP_0793,invoice,2026-08-31,2026-08-31,2026-08-31 00:00:00,14815.94,14815.94,EUR,EUR,1.0,overdue,N.Fra TB2026F/555 COUNTERPARTY_49692 Ef 1,COUNTERPARTY_49692
956d2a98a5b97f752a957d8b3ca4be1e,COMP_0793,invoice,2026-06-03,2026-06-03,2026-07-20 00:00:00,67.98,0.0,EUR,EUR,1.0,paid,N.Fra TB2026F/374 COUNTERPARTY_10380 Ef 1,COUNTERPARTY_10380
9df10a1c7bc58f02e5e7b25db89cb3ee,COMP_0001,invoice,2026-04-15,2026-04-15,2026-05-19 00:00:00,-362.56,0.0,EUR,EUR,1.0,paid,S.Fra /63 COUNTERPARTY_99316 Ef 11033/2026-A,COUNTERPARTY_99316
c827885b839c12b5e0f967953f8cf4dd,COMP_0793,invoice,2026-06-15,2026-07-15,2026-07-20 00:00:00,-317.76,0.0,EUR,EUR,1.0,paid,S.Fra /1280 COUNTERPARTY_48443 Ef [NUM],COUNTERPARTY_48443
c84b175d88c6e36c046b0907aaa3dd1e,COMP_0001,invoice,2026-03-31,2026-04-30,2026-08-05 00:00:00,-2294.16,0.0,EUR,EUR,1.0,paid,S.Fra /52 COUNTERPARTY_23347 Ef 1RR/260.233,COUNTERPARTY_23347
d49d12c710daaa8a0083f55ed5ed3e80,COMP_0793,invoice,2026-05-11,2026-06-10,2026-05-20 00:00:00,-378.76,0.0,EUR,EUR,1.0,paid,S.Fra /885 COUNTERPARTY_18477 Ef [NUM]/AV,COUNTERPARTY_31747
e5d80db70e6de9fd596f95569d98e9dd,COMP_0001,invoice,2026-06-23,2026-07-23,2026-07-08 00:00:00,-158.52,0.0,EUR,EUR,1.0,paid,S.Fra /128 COUNTERPARTY_01023 Ef [REF],COUNTERPARTY_49480
ea85cf2be13f529241163ef758829729,COMP_0793,invoice,2026-07-16,2026-07-16,2026-07-16 00:00:00,-399.3,-399.3,EUR,EUR,1.0,overdue,S.Fra /1688 COUNTERPARTY_17871 Ef 1FRAV.557964,COUNTERPARTY_17871
f288e7265938ce2608547812184865da,COMP_0793,invoice,2026-07-16,2026-07-16,2026-08-06 00:00:00,-84.7,0.0,EUR,EUR,1.0,paid,S.Fra /1607 COUNTERPARTY_45406 Ef 1TB-2026-F120,COUNTERPARTY_45406
01acabd80283eff44f318ba7803c38b6,COMP_0793,invoice,2026-06-03,2026-06-03,2026-07-20 00:00:00,546.01,0.0,EUR,EUR,1.0,paid,N.Fra TB2026F/376 COUNTERPARTY_99586 Ef 1,COUNTERPARTY_99586
177985b4e0b1986dc3c400c10e6b0e0a,COMP_0793,invoice,2026-02-22,2026-03-24,2026-04-09 00:00:00,-300.16,0.0,EUR,EUR,1.0,paid,S.Fra /337 COUNTERPARTY_18405 Ef 1FVT26-12261,COUNTERPARTY_18405
285f1040d89677ab8a70cfb63599cc78,COMP_0793,invoice,2026-08-24,2026-08-24,2026-08-24 00:00:00,-1512.5,-1512.5,EUR,EUR,1.0,overdue,S.Fra /1922 COUNTERPARTY_33161 Ef 1S26/5070,COUNTERPARTY_47731
2a949b3f506a2a980003de3879abe376,COMP_0793,invoice,2026-04-29,2026-04-29,2026-07-20 00:00:00,-280.72,0.0,EUR,EUR,1.0,paid,N.Fra [X]/10 COUNTERPARTY_06137 Ef 1,COUNTERPARTY_06137
3908f99d4f50eb8d00cdf59869cf0ab6,COMP_0793,invoice,2026-03-27,2026-03-27,2026-04-09 00:00:00,179.33,0.0,EUR,EUR,1.0,paid,N.Fra TB2026F/193 COUNTERPARTY_04788 Ef 1,COUNTERPARTY_04788
3f7cda724e154621d951a8ce13d0bd5f,COMP_0793,invoice,2026-03-04,2026-03-04,2026-04-09 00:00:00,-59.29,0.0,EUR,EUR,1.0,paid,S.Fra /460 COUNTERPARTY_01639 Ef [NUM],COUNTERPARTY_11626
5a20331b91be5147303faf484154ce57,COMP_0878,invoice,2026-05-31,2026-05-31,2026-07-08 00:00:00,-155.01,0.0,EUR,EUR,1.0,paid,S.Fra /143 COUNTERPARTY_37113 Ef [NUM],COUNTERPARTY_37113
632510989527379eba227677403beab4,COMP_0793,invoice,2026-07-01,2026-07-31,2026-07-31 00:00:00,-58.84,-58.84,EUR,EUR,1.0,overdue,S.Fra /1495 COUNTERPARTY_02692 Ef 127FF003149,COUNTERPARTY_50210
6a37c220d58f93e62bf1d50872e3e8d7,COMP_0793,invoice,2026-03-25,2026-03-25,2026-06-24 00:00:00,35783.46,0.0,EUR,EUR,1.0,paid,N.Fra TB2026F/165 COUNTERPARTY_47852 Ef 1,COUNTERPARTY_47852
6ef6a6e09bcee4e9f70ff77494b36e70,COMP_0793,invoice,2026-08-28,2026-08-28,2026-08-28 00:00:00,-787.95,-787.95,EUR,EUR,1.0,overdue,S.Fra /1989 COUNTERPARTY_33161 Ef 1S26/5224,COUNTERPARTY_47731
76dc3f5e059dd15f5b162ad56c085f95,COMP_0793,invoice,2026-02-26,2026-02-26,2026-03-10 00:00:00,-78.65,0.0,EUR,EUR,1.0,paid,S.Fra /375 COUNTERPARTY_33161 Ef 1S26/752,COUNTERPARTY_47731
772507e5b864dae2c77d059b6428a372,COMP_0793,invoice,2026-01-07,2026-02-06,2026-07-22 00:00:00,-7.31,0.0,EUR,EUR,1.0,paid,S.Fra /58 COUNTERPARTY_07226 Ef 1ES6[X],COUNTERPARTY_18040
79417093e08ca1b7625574a26a689766,COMP_0793,invoice,2026-05-25,2026-06-24,2026-07-22 00:00:00,-13.94,0.0,EUR,EUR,1.0,paid,S.Fra /1091 COUNTERPARTY_07226 Ef 1ES6Y6R0ABEI,COUNTERPARTY_18040
8cbc41c7b0645af18bd9c3fefd4ce2a5,COMP_0793,invoice,2025-11-27,2025-11-27,2025-11-27 00:00:00,796.97,796.97,EUR,EUR,1.0,overdue,N.Fra TB2025F/540 COUNTERPARTY_48877 Ef 1,COUNTERPARTY_48877
ae9f4fae94671156aee5810d576926b6,COMP_0001,invoice,2026-04-28,2026-04-28,2026-06-13 00:00:00,4840.0,0.0,EUR,EUR,1.0,paid,N.Fra TB2026F/33 [COMPANY] Ef 1,COUNTERPARTY_03903
b363f00390ee5e89f99f17b425a01c4f,COMP_0793,invoice,2026-04-11,2026-04-11,2026-05-21 00:00:00,-18.95,0.0,EUR,EUR,1.0,paid,S.Fra /869 COUNTERPARTY_07226 Ef 1ES6N6[X],COUNTERPARTY_18040
be3b9a50ebb8922ecb3c99079382c281,COMP_0793,invoice,2026-05-29,2026-05-29,2026-06-02 00:00:00,236.64,236.64,EUR,EUR,1.0,overdue,N.Fra TB2026F/361 COUNTERPARTY_06137 Ef 1,COUNTERPARTY_06137
be77359efd53067c92777715a84377f2,COMP_0793,invoice,2026-07-28,2026-07-28,2026-08-06 00:00:00,-0.61,0.0,EUR,EUR,1.0,paid,S.Fra /1719 COUNTERPARTY_00061 Ef [REF],COUNTERPARTY_22769
c28786a4bfaea1c8fbc1c20327b44df5,COMP_0793,invoice,2026-07-19,2026-07-19,2026-08-06 00:00:00,-943.8,0.0,EUR,EUR,1.0,paid,S.Fra /1553 COUNTERPARTY_30640 Ef [NUM],COUNTERPARTY_30640
f65247bcb6655f572ba0a659ba858bcc,COMP_0793,invoice,2026-06-22,2026-06-22,2026-07-20 00:00:00,-124.97,0.0,EUR,EUR,1.0,paid,S.Fra /1320 COUNTERPARTY_42722 Ef 1F[NUM],COUNTERPARTY_42722
010808a46859ea63a645b38b4ef4955b,COMP_0001,invoice,2026-05-13,2026-05-13,2026-06-13 00:00:00,4840.0,0.0,EUR,EUR,1.0,paid,N.Fra TB2026F/38 [COMPANY] Ef 1,COUNTERPARTY_03903
0e9af316e68b818768d03fa36e44740c,COMP_0793,invoice,2026-03-25,2026-03-25,2026-08-06 00:00:00,-632.22,0.0,EUR,EUR,1.0,paid,S.Fra /565 COUNTERPARTY_47209 Ef 11/8,COUNTERPARTY_47209
1012b9f0ea1292d156c07e4520aca3b1,COMP_0793,invoice,2026-06-12,2026-06-12,2026-07-20 00:00:00,-121.95,0.0,EUR,EUR,1.0,paid,S.Fra /1471 COUNTERPARTY_100281 Ef [NUM],COUNTERPARTY_100281
10d344e306784d20854ab360da4e14ca,COMP_0878,invoice,2026-09-01,2026-10-01,2026-10-01 00:00:00,-141.57,-141.57,EUR,EUR,1.0,pending,S.Fra /219 COUNTERPARTY_12256 Ef 1S26/4940,COUNTERPARTY_12256
19f61f78d0f76ea84dbc59a4f50a4125,COMP_0793,invoice,2026-04-27,2026-05-27,2026-06-24 00:00:00,25123.45,0.0,EUR,EUR,1.0,paid,N.Fra TB2026F/227 COUNTERPARTY_49557 Ef 1,COUNTERPARTY_49557
2abb97cf7159181b539b355c2c067b52,COMP_0793,invoice,2026-05-31,2026-06-30,2026-06-22 00:00:00,-281.87,0.0,EUR,EUR,1.0,paid,S.Fra /1105 COUNTERPARTY_58340 Ef 11204,COUNTERPARTY_58340
4a4e9a86c8520f2e4f3badc34195d7cb,COMP_0001,invoice,2026-09-01,2026-10-01,2026-09-07 00:00:00,-394.14,0.0,EUR,EUR,1.0,paid,S.Fra /196 COUNTERPARTY_06292 Ef [NUM],COUNTERPARTY_38023
4bfd4fc69b6b3f2d594f3fed105290f0,COMP_0793,invoice,2026-01-30,2026-03-01,2026-03-10 00:00:00,-37.67,0.0,EUR,EUR,1.0,paid,S.Fra /127 COUNTERPARTY_48090 Ef 191480,COUNTERPARTY_48090
51dd8400b0b0a828b570f3477c19ec36,COMP_0001,invoice,2026-06-18,2026-06-18,2026-08-05 00:00:00,-37.76,0.0,EUR,EUR,1.0,paid,S.Fra /148 COUNTERPARTY_01678 Ef 1ES614WN3ABEI,COUNTERPARTY_48241
5654ac582c096eb1ef85458989dc51c3,COMP_0793,invoice,2026-08-13,2026-09-12,2026-09-12 00:00:00,-2381.43,-2381.43,EUR,EUR,1.0,overdue,S.Fra /1978 COUNTERPARTY_51816 Ef 12026P/252,COUNTERPARTY_51816
662a5d9351305a52ff92fc0df181351e,COMP_0793,invoice,2026-08-09,2026-09-08,2026-09-08 00:00:00,-149.24,-149.24,EUR,EUR,1.0,overdue,S.Fra /1887 COUNTERPARTY_18405 Ef 1FVT26-55380,COUNTERPARTY_18405
7060af968df73f817a435e938752e1ca,COMP_0793,invoice,2026-05-31,2026-06-30,2026-07-15 00:00:00,-144.72,0.0,EUR,EUR,1.0,paid,S.Fra /1212 COUNTERPARTY_30606 Ef 1S26/210,COUNTERPARTY_30606
b89fa09a906bad433c8d1074d37496d7,COMP_0793,invoice,2026-03-04,2026-03-04,2026-04-09 00:00:00,-74.4,0.0,EUR,EUR,1.0,paid,S.Fra /461 COUNTERPARTY_01639 Ef [NUM],COUNTERPARTY_11626
e3bd8496e89f6d8bb2325382b140a308,COMP_0793,invoice,2026-02-02,2026-02-02,2026-03-10 00:00:00,-361.43,0.0,EUR,EUR,1.0,paid,S.Fra /135 COUNTERPARTY_100801 Ef 1A/4,COUNTERPARTY_100801
edd8e3ffff2bd97b03e2c0a8f685043c,COMP_0793,invoice,2026-01-27,2026-01-27,2026-01-27 00:00:00,195.61,195.61,EUR,EUR,1.0,overdue,N.Fra TB2026F/40 COUNTERPARTY_48877 Ef 1,COUNTERPARTY_48877
f238ced5797d520308335c03371658eb,COMP_0793,invoice,2025-10-28,2025-10-28,2026-06-24 00:00:00,423.5,0.0,EUR,EUR,1.0,paid,N.Fra TB2025F/477 COUNTERPARTY_48877 Ef 1,COUNTERPARTY_48877
f399213399f08c6c9ddb4d872d2a727d,COMP_0793,invoice,2026-02-25,2026-03-27,2026-04-09 00:00:00,17987.59,0.0,EUR,EUR,1.0,paid,N.Fra TB2026F/106 COUNTERPARTY_54687 Ef 1,COUNTERPARTY_54687
fc9507d4d19b2946877d892aa7073050,COMP_0793,invoice,2026-06-19,2026-07-19,2026-07-22 00:00:00,-11.37,0.0,EUR,EUR,1.0,paid,S.Fra /1364 COUNTERPARTY_07226 Ef 1ES615733ABEI,COUNTERPARTY_18040
fd108da1019284cf42e81219b34ebecb,COMP_0793,invoice,2026-06-03,2026-06-03,2026-07-20 00:00:00,42746.48,0.0,EUR,EUR,1.0,paid,N.Fra TB2026F/372 COUNTERPARTY_10380 Ef 1,COUNTERPARTY_10380
ff4410c34e0b3ceab44c474f6c4401f0,COMP_0793,invoice,2026-06-09,2026-06-09,2026-08-06 00:00:00,-1.21,0.0,EUR,EUR,1.0,paid,S.Fra /1378 COUNTERPARTY_00061 Ef [REF],COUNTERPARTY_22769
03aea2e7ab6ff8ed0d7d5b646377d3b9,COMP_0793,invoice,2026-07-30,2026-07-30,2026-08-06 00:00:00,-278.91,0.0,EUR,EUR,1.0,paid,S.Fra /1733 COUNTERPARTY_97947 Ef 12026-740,COUNTERPARTY_97947
044c2a0185fb933de1b13ea0cecab1da,COMP_0793,invoice,2026-01-27,2026-01-27,2026-04-09 00:00:00,3699.7,0.0,EUR,EUR,1.0,paid,N.Fra TB2026F/31 COUNTERPARTY_14508 Ef 1,COUNTERPARTY_14508
055def9e350823decd4a3acd53b4430b,COMP_0793,invoice,2026-06-26,2026-06-26,2026-06-26 00:00:00,246.89,246.89,EUR,EUR,1.0,overdue,N.Fra TB2026F/432 COUNTERPARTY_06113 Ef 1,COUNTERPARTY_06113
1b7248e4aebc8c6e4ee8bf46016dc407,COMP_0793,invoice,2026-07-22,2026-07-22,2026-07-22 00:00:00,-598.51,-598.51,EUR,EUR,1.0,overdue,N.Fra TB2026F/485 COUNTERPARTY_48639 Ef 1,COUNTERPARTY_48639
2881fdc0fb421d97bb4ef85bcf8dd36f,COMP_0793,invoice,2026-06-23,2026-06-23,2026-08-06 00:00:00,-187.19,0.0,EUR,EUR,1.0,paid,S.Fra /1330 COUNTERPARTY_07783 Ef [NUM],COUNTERPARTY_49066
444848e2536893b4096191f4197d21a3,COMP_0793,invoice,2026-07-11,2026-07-11,2026-07-11 00:00:00,-232.37,-232.37,EUR,EUR,1.0,overdue,S.Fra /1562 COUNTERPARTY_23799. Ef [NUM],COUNTERPARTY_28032
51e823fb60e49bbebd1229968db03494,COMP_0001,invoice,2026-06-30,2026-06-30,2026-07-08 00:00:00,-949.18,0.0,EUR,EUR,1.0,paid,S.Fra /140 COUNTERPARTY_27064 Ef 1F26/0173,COUNTERPARTY_27064
6a28caeb70ee2c5e27e55632766cdf3a,COMP_0793,invoice,2026-03-27,2026-03-27,2026-04-09 00:00:00,539.9,0.0,EUR,EUR,1.0,paid,N.Fra TB2026F/181 COUNTERPARTY_33572 Ef 1,COUNTERPARTY_33572
7c61296c74895368c7ac3ba16ac352ba,COMP_0793,invoice,2026-05-26,2026-05-26,2026-06-22 00:00:00,-629.2,0.0,EUR,EUR,1.0,paid,S.Fra /1002 COUNTERPARTY_33161 Ef 1S26/2377,COUNTERPARTY_47731
904f58f21db94b68ea8990d033e608ee,COMP_0793,invoice,2026-05-03,2026-06-02,2026-06-22 00:00:00,-174.54,0.0,EUR,EUR,1.0,paid,S.Fra /1028 COUNTERPARTY_07226 Ef 1ES6[X],COUNTERPARTY_18040
a18bfa40d550dd770a3b568f1487747f,COMP_0793,invoice,2026-07-15,2026-07-15,2026-08-06 00:00:00,-0.61,0.0,EUR,EUR,1.0,paid,S.Fra /1709 COUNTERPARTY_00061 Ef [REF],COUNTERPARTY_22769
a6a60663d8b95f73ab3d50c33d4a7e1e,COMP_0793,invoiceGroup,2026-06-22,2026-06-22,2026-06-22 00:00:00,-48390.43,-48390.43,EUR,EUR,1.0,overdue,Remesas Proveedor,
c28185501d961e0f8996ba7c00e4201e,COMP_0001,invoice,2026-05-25,2026-05-25,2026-05-25 00:00:00,1120.46,1120.46,EUR,EUR,1.0,overdue,N.Fra TB2026F/42 COUNTERPARTY_29645 Ef 1,COUNTERPARTY_29645
c836e47829ee581ee1d07d8c31063a38,COMP_0793,invoice,2026-05-06,2026-05-06,2026-05-20 00:00:00,-74.4,0.0,EUR,EUR,1.0,paid,S.Fra /926 COUNTERPARTY_01639 Ef [NUM],COUNTERPARTY_11626
c9f457f430a0da83b1be20cb57b1c08f,COMP_0793,invoice,2026-01-01,2026-01-31,2026-09-10 00:00:00,-239.58,0.0,EUR,EUR,1.0,paid,S.Fra /1698 COUNTERPARTY_35858 Ef 114[X]93-0017,COUNTERPARTY_35858
dad7c213e77c0b5429ab880a4bbcbf69,COMP_0793,invoice,2026-03-25,2026-04-24,2026-06-24 00:00:00,1395.75,0.0,EUR,EUR,1.0,paid,N.Fra TB2026F/170 COUNTERPARTY_49557 Ef 1,COUNTERPARTY_49557
10176886cb86cced926d68fe8288d7d6,COMP_0793,invoice,2026-05-27,2026-06-26,2026-07-22 00:00:00,-11.78,0.0,EUR,EUR,1.0,paid,S.Fra /1093 COUNTERPARTY_07226 Ef 1ES6[X]7ABEI,COUNTERPARTY_18040
18f55d880340bb5756a3e0adc800cc3a,COMP_0793,invoice,2026-06-07,2026-06-07,2026-06-07 00:00:00,-164.04,-164.04,EUR,EUR,1.0,overdue,S.Fra /1242 COUNTERPARTY_23799. Ef 133786,COUNTERPARTY_28032
1c6890dddc4269a25fc27b934af9c35f,COMP_0793,invoice,2026-07-31,2026-08-30,2026-08-30 00:00:00,-197.88,-197.88,EUR,EUR,1.0,overdue,S.Fra /1832 COUNTERPARTY_07183 Ef [NUM],COUNTERPARTY_11469
2749c822c72e3342e7d05a68030ecc09,COMP_0793,invoice,2026-04-30,2026-04-30,2026-05-21 00:00:00,-933.82,0.0,EUR,EUR,1.0,paid,S.Fra /874 COUNTERPARTY_10819 Ef [REF],COUNTERPARTY_10819
2b2a97e38a8d3827fd9e4def1308f8c5,COMP_0793,invoice,2026-06-30,2026-06-30,2026-06-30 00:00:00,-160.99,-160.99,EUR,EUR,1.0,overdue,S.Fra /1514 COUNTERPARTY_07183 Ef 1A[NUM],COUNTERPARTY_11469
326864a59cde947d871e391706f00f26,COMP_0001,invoice,2026-05-22,2026-05-22,2026-05-22 00:00:00,-205.08,-205.08,EUR,EUR,1.0,overdue,S.Fra /103 COUNTERPARTY_07783 Ef [NUM],COUNTERPARTY_31771
414ed9644c124cac06858083b106d38b,COMP_0001,invoice,2026-05-29,2026-06-28,2026-06-12 00:00:00,-14520.0,0.0,EUR,EUR,1.0,paid,S.Fra /111 COUNTERPARTY_09820 Ef 16,COUNTERPARTY_09820
54c78e025eaedaaf7ff86cc2623c0868,COMP_0793,invoice,2026-02-25,2026-02-25,2026-04-09 00:00:00,14641.67,0.0,EUR,EUR,1.0,paid,N.Fra TB2026F/105 COUNTERPARTY_49692 Ef 1,COUNTERPARTY_49692
5807cdf75e458f057d1327d2d8e23e0f,COMP_0793,invoice,2026-04-26,2026-05-26,2026-06-22 00:00:00,-234.91,0.0,EUR,EUR,1.0,paid,S.Fra /810 COUNTERPARTY_18405 Ef 1FVT26-28175,COUNTERPARTY_18405
631b0f0ea9e5ec4ce8ae022017d56fbf,COMP_0793,invoice,2025-01-30,2025-01-30,2026-08-06 00:00:00,-8.0,0.0,EUR,EUR,1.0,paid,S.Fra /111 COUNTERPARTY_57773 Ef 1A06994,COUNTERPARTY_57773
7008c71f4d0f6e4a31e26f6ee8006754,COMP_0793,invoice,2026-06-19,2026-07-19,2026-09-10 00:00:00,-336.76,0.0,EUR,EUR,1.0,paid,S.Fra /1286 COUNTERPARTY_33224 Ef 12026/[NUM],COUNTERPARTY_35897
715ed9359c1158f8598dae53bb431ba3,COMP_0793,invoice,2026-06-02,2026-06-02,2026-07-20 00:00:00,1399.79,0.0,EUR,EUR,1.0,paid,N.Fra TB2026F/369 COUNTERPARTY_29645 Ef 1,COUNTERPARTY_33449
733e919342640121f42a25fc0d0029a8,COMP_0001,invoice,2026-05-04,2026-06-03,2026-05-13 00:00:00,-8231.29,0.0,EUR,EUR,1.0,paid,S.Fra /80 COUNTERPARTY_09820 Ef 15,COUNTERPARTY_09820
79c504d40d4859ffa290dd3c0d0cc2a9,COMP_0793,invoice,2026-06-25,2026-07-25,2026-07-22 00:00:00,-69.88,0.0,EUR,EUR,1.0,paid,S.Fra /1368 COUNTERPARTY_07226 Ef 1ES616[X],COUNTERPARTY_18040
83449b5865f5033d1cddceeb0e3eb952,COMP_0001,invoice,2025-12-15,2026-01-14,2026-05-20 00:00:00,87.89,0.0,EUR,EUR,1.0,paid,S.Fra /226 COUNTERPARTY_49050 Ef [NUM],COUNTERPARTY_49050
8b69593af96d9484c6832da98bda1610,COMP_0793,invoice,2026-05-13,2026-05-13,2026-05-20 00:00:00,-14520.0,0.0,EUR,EUR,1.0,paid,S.Fra /886 [COMPANY] Ef 136B,COUNTERPARTY_22440
9a1206db8a460dfcd4b446304ee15033,COMP_0793,invoice,2026-08-19,2026-10-18,2026-10-18 00:00:00,-509.13,-509.13,EUR,EUR,1.0,pending,S.Fra /1889 COUNTERPARTY_42722 Ef 1F[NUM],COUNTERPARTY_42722
a08952a18c1c9ed8cd05c7efda3cbbcd,COMP_0793,invoice,2026-05-22,2026-05-22,2026-07-20 00:00:00,-60.52,0.0,EUR,EUR,1.0,paid,S.Fra /1264 COUNTERPARTY_101792 Ef 1P2-[NUM],COUNTERPARTY_101792
a9db236c601daf5a9f57d00af6bf8418,COMP_0793,invoice,2026-06-23,2026-06-23,2026-07-20 00:00:00,9999.99,0.0,EUR,EUR,1.0,paid,N.Fra TB2026F/388 COUNTERPARTY_20173 Ef 1,COUNTERPARTY_48413
adccc866cb4c7aaf8ade3cc2a51a2b3f,COMP_0001,invoice,2026-03-26,2026-04-25,2026-05-20 00:00:00,-12.22,0.0,EUR,EUR,1.0,paid,S.Fra /46 COUNTERPARTY_35207 Ef 12026/1458,COUNTERPARTY_35207
d6286b98556b15af32dd69c93d7e0c8d,COMP_0793,invoice,2026-05-21,2026-06-20,2026-07-15 00:00:00,-33.28,0.0,EUR,EUR,1.0,paid,S.Fra /971 COUNTERPARTY_10160 Ef 1F[NUM],COUNTERPARTY_35185
d991c2c30000f24a4bac7a5da0e4b1a4,COMP_0793,invoice,2026-06-24,2026-06-24,2026-07-22 00:00:00,-41.99,0.0,EUR,EUR,1.0,paid,S.Fra /1445 COUNTERPARTY_07226 Ef 1ES616H18ABEI,COUNTERPARTY_18040
daa8ce69b386c1e4cf554ea9e7c2820e,COMP_0793,invoice,2026-05-31,2026-06-30,2026-08-06 00:00:00,-212.86,0.0,EUR,EUR,1.0,paid,S.Fra /1574 COUNTERPARTY_23805 Ef [NUM],COUNTERPARTY_23805
e99b98d0d49656324e6ca222fd3b9537,COMP_0001,invoice,2026-07-23,2026-07-23,2026-09-07 00:00:00,139.62,0.0,EUR,EUR,1.0,paid,N.Fra TB2026F/59 [COMPANY] Ef 1,COUNTERPARTY_03903
f4d34ab87fea79032d25804d5e09b86f,COMP_0878,invoice,2026-07-27,2026-08-26,2026-08-26 00:00:00,-14.05,-14.05,EUR,EUR,1.0,overdue,S.Fra /189 COUNTERPARTY_35207 Ef 12026/5314,COUNTERPARTY_102010
147a93c9a936ed0f5ecfb24d2205fce7,COMP_0793,invoice,2026-05-29,2026-05-29,2026-06-24 00:00:00,87588.2,0.0,EUR,EUR,1.0,paid,N.Fra TB2026F/336 COUNTERPARTY_48298 Ef 1,COUNTERPARTY_48298
29d43dd9256fc3ce3b5a08a4e8d5a652,COMP_0001,invoice,2026-03-19,2026-04-18,2026-05-20 00:00:00,-14.15,0.0,EUR,EUR,1.0,paid,S.Fra /41 COUNTERPARTY_12457 Ef [NUM],COUNTERPARTY_94951
36e64590c950825facd641b7722ba2bb,COMP_0793,invoice,2026-04-30,2026-05-30,2026-06-22 00:00:00,-118.43,0.0,EUR,EUR,1.0,paid,S.Fra /824 COUNTERPARTY_18405 Ef 1FVT26-29964,COUNTERPARTY_18405
49e88dded4d2e25a7411a997c273cc8c,COMP_0793,invoice,2026-04-10,2026-04-10,2026-08-06 00:00:00,-83.86,0.0,EUR,EUR,1.0,paid,S.Fra /[COMPANY] Ef 1058-0004-561534,COUNTERPARTY_102195
563535b46a2737d559f3a34c84dd4fd9,COMP_0793,invoice,2026-03-26,2026-03-26,2026-06-24 00:00:00,70437.67,0.0,EUR,EUR,1.0,paid,N.Fra TB2026F/180 COUNTERPARTY_48639 Ef 1,COUNTERPARTY_48639
9013ca2ce972a49af04530f5aa0e3d0b,COMP_0793,invoice,2026-06-26,2026-06-26,2026-06-26 00:00:00,7066.27,7066.27,EUR,EUR,1.0,overdue,N.Fra TB2026F/457 COUNTERPARTY_102355 Ef 1,COUNTERPARTY_102355
afe16ca739c20ac54e4b25bf3938728a,COMP_0793,invoice,2026-04-30,2026-05-30,2026-07-20 00:00:00,-512.62,0.0,EUR,EUR,1.0,paid,S.Fra /1457 COUNTERPARTY_51965 Ef 12026A/1709,COUNTERPARTY_57664
b63e424c05d6b6c44fa33fe5074e291b,COMP_0793,invoice,2026-01-07,2026-02-06,2026-07-22 00:00:00,-54.99,0.0,EUR,EUR,1.0,paid,S.Fra /15 COUNTERPARTY_07226 Ef 1ES6[X],COUNTERPARTY_18040
bf19e901640ca1cf33f045188dd8a924,COMP_0793,invoice,2026-03-29,2026-04-28,2026-04-09 00:00:00,-113.0,0.0,EUR,EUR,1.0,paid,S.Fra /580 COUNTERPARTY_07226 Ef 1ES6[X],COUNTERPARTY_18040
c10724f7fb8e54e973cc4933d90c10c6,COMP_0793,invoice,2026-06-30,2026-06-30,2026-07-20 00:00:00,-278.91,0.0,EUR,EUR,1.0,paid,S.Fra /1407 COUNTERPARTY_97947 Ef 12026-658,COUNTERPARTY_97947
c52ec1ff10b580b3b9195eeded59e9ec,COMP_0793,invoice,2026-07-31,2026-07-31,2026-07-31 00:00:00,-85.1,-85.1,EUR,EUR,1.0,overdue,S.Fra /1697 COUNTERPARTY_56541 Ef 13934,COUNTERPARTY_56541
d14ebdfc116a82b112943bf7d2fddd10,COMP_0793,invoice,2026-08-31,2026-08-31,2026-08-31 00:00:00,161.99,161.99,EUR,EUR,1.0,overdue,N.Fra TB2026F/544 COUNTERPARTY_15652 Ef 1,COUNTERPARTY_15652
dbfca670a69f6bdda7a59163ee7c9b91,COMP_0793,invoice,2026-08-31,2026-08-31,2026-08-31 00:00:00,-257.84,-257.84,EUR,EUR,1.0,overdue,S.Fra /2008 COUNTERPARTY_102511 Ef 1FV/[NUM],COUNTERPARTY_102511
22faec37a1d2e03f02dc3561e54b3653,COMP_0793,invoice,2026-05-31,2026-06-30,2026-06-22 00:00:00,-118.58,0.0,EUR,EUR,1.0,paid,S.Fra /1218 COUNTERPARTY_27660 Ef 1A/26047,COUNTERPARTY_27660
2881389c4fd1ded9a3270fca3fe1a6dd,COMP_0793,invoice,2026-07-03,2026-07-03,2026-07-03 00:00:00,27815.47,27815.47,EUR,EUR,1.0,overdue,N.Fra TB2026F/469 COUNTERPARTY_10380 Ef 1,COUNTERPARTY_10380
4910544913a98e5830b9cf9a38272391,COMP_0793,invoice,2026-06-05,2026-07-05,2026-07-22 00:00:00,-28.14,0.0,EUR,EUR,1.0,paid,S.Fra /1351 COUNTERPARTY_07226 Ef 1ES611H8AABEI,COUNTERPARTY_18040
5d5fc20686c120160608fb8db559a7aa,COMP_0793,invoice,2026-05-29,2026-05-29,2026-07-20 00:00:00,4179.82,0.0,EUR,EUR,1.0,paid,N.Fra TB2026F/349 COUNTERPARTY_102795. Ef 1,COUNTERPARTY_102795
6133f1a19de6dc54f97e14d44c605e15,COMP_0793,invoice,2026-03-10,2026-04-09,2026-04-13 00:00:00,-3449.71,0.0,EUR,EUR,1.0,paid,S.Fra /465 COUNTERPARTY_58920 Ef 1COM260602,COUNTERPARTY_58920
9b3caff9857fc2000b1a1507138d3c28,COMP_0793,invoice,2026-05-29,2026-05-29,2026-06-22 00:00:00,-547.55,0.0,EUR,EUR,1.0,paid,S.Fra /1101 COUNTERPARTY_43406. Ef 126FV1509,COUNTERPARTY_43406
a234b10c54cc5b46822a2e30467fb20b,COMP_0793,invoice,2026-05-29,2026-06-27,2026-06-24 00:00:00,35265.12,0.0,EUR,EUR,1.0,paid,N.Fra TB2026F/341 COUNTERPARTY_49557 Ef 1,COUNTERPARTY_49557
a804a5def8e22b2768cd3a0c8faab82a,COMP_0793,invoice,2026-05-07,2026-05-07,2026-05-21 00:00:00,-891.89,0.0,EUR,EUR,1.0,paid,S.Fra /916 COUNTERPARTY_33161 Ef 1S26/1931,COUNTERPARTY_47731
af9c6a21dfedc8862c5e8598a4c8e613,COMP_0793,invoice,2026-04-24,2026-05-24,2026-08-06 00:00:00,-110.01,0.0,EUR,EUR,1.0,paid,S.Fra /756 COUNTERPARTY_24926 Ef [NUM]/5/26/000180,COUNTERPARTY_57870
b380dd3e83951519ae0394078efacfd2,COMP_0793,invoice,2026-05-19,2026-05-19,2026-06-24 00:00:00,135.13,0.0,EUR,EUR,1.0,paid,N.Fra TB2026F/293 COUNTERPARTY_49692 Ef 1,COUNTERPARTY_49692
bd5ed7bc0e5c2d9727935a44dd99f418,COMP_0793,invoice,2026-02-10,2026-03-12,2026-04-13 00:00:00,-66.26,0.0,EUR,EUR,1.0,paid,S.Fra /291 COUNTERPARTY_58920 Ef 1COM260323,COUNTERPARTY_58920
c0bb56649e5cdf9f7861daa725dc4474,COMP_0793,invoice,2026-02-20,2026-03-22,2026-05-21 00:00:00,-453.75,0.0,EUR,EUR,1.0,paid,S.Fra /693 COUNTERPARTY_50327 Ef [NUM],COUNTERPARTY_50327
cffa6519fac141414a04318f76e41092,COMP_0793,invoice,2026-05-13,2026-05-13,2026-05-13 00:00:00,-21.66,-21.66,EUR,EUR,1.0,overdue,S.Fra /[COMPANY] Ef [REF],COUNTERPARTY_18441
d457936983162ad73e4ea95763475f80,COMP_0793,invoice,2026-03-13,2026-04-12,2026-04-09 00:00:00,-214.69,0.0,EUR,EUR,1.0,paid,S.Fra /488 COUNTERPARTY_18477 Ef [NUM]/AV,COUNTERPARTY_31747
dd4bd9b68e2b4853608f414fd37b1304,COMP_0793,invoice,2026-04-19,2026-05-19,2026-06-22 00:00:00,-77.14,0.0,EUR,EUR,1.0,paid,S.Fra /1007 COUNTERPARTY_18405 Ef 1FVT26-26360,COUNTERPARTY_18405
f02ae70231f047dc21a1fa564a8dc521,COMP_0793,invoice,2026-07-22,2026-07-22,2026-07-22 00:00:00,18653.7,18653.7,EUR,EUR,1.0,overdue,N.Fra TB2026F/489 COUNTERPARTY_48639 Ef 1,COUNTERPARTY_48639
f910fa345413a03c874394d5102662db,COMP_0793,invoice,2026-03-31,2026-03-31,2026-05-21 00:00:00,-432.48,0.0,EUR,EUR,1.0,paid,S.Fra /641 COUNTERPARTY_40288 Ef 1TB-2026-F3,COUNTERPARTY_40288
32b80e2ae5407c756c209165b80e6daf,COMP_0793,invoice,2026-06-27,2026-07-27,2026-07-22 00:00:00,-10.15,0.0,EUR,EUR,1.0,paid,S.Fra /1370 COUNTERPARTY_07226 Ef 1ES617843ABEI,COUNTERPARTY_18040
3846f16ea394099d4cdc57f7c2c7ebfb,COMP_0001,invoice,2026-06-30,2026-07-30,2026-08-05 00:00:00,-51.59,0.0,EUR,EUR,1.0,paid,S.Fra /138 COUNTERPARTY_49050 Ef 1IM2150,COUNTERPARTY_49050
3ccecedfe034938a7f79c3a46fd67a68,COMP_0793,invoice,2026-04-21,2026-04-21,2026-06-22 00:00:00,-6.05,0.0,EUR,EUR,1.0,paid,S.Fra /954 COUNTERPARTY_00061 Ef [REF],COUNTERPARTY_22769
4eeae024885efe882186ce07fa6aa811,COMP_0793,invoice,2026-07-10,2026-08-09,2026-08-06 00:00:00,-275.57,0.0,EUR,EUR,1.0,paid,S.Fra /1584 COUNTERPARTY_48090 Ef 1GR26-92442,COUNTERPARTY_48090
4fbf6b7222c626d9d6e728415f1e485e,COMP_0793,invoice,2026-07-22,2026-07-22,2026-07-22 00:00:00,4538.73,4538.73,EUR,EUR,1.0,overdue,N.Fra TB2026F/488 COUNTERPARTY_48639 Ef 1,COUNTERPARTY_48639
534bb4c8ef95e0acf0f56f8cf9a65633,COMP_0793,invoice,2026-03-20,2026-04-19,2026-04-13 00:00:00,-351.37,0.0,EUR,EUR,1.0,paid,S.Fra /671 COUNTERPARTY_48575 Ef [NUM],COUNTERPARTY_48575
56a364395e04b2c210b281302a63b481,COMP_0793,invoice,2026-03-10,2026-03-10,2026-05-21 00:00:00,1085.85,0.0,EUR,EUR,1.0,paid,S.Fra /694 COUNTERPARTY_33161 Ef 1SA26/48,COUNTERPARTY_47731
7ec4c58a936540de6597276cdd2dc3db,COMP_0793,invoice,2026-06-23,2026-06-23,2026-07-20 00:00:00,18329.5,0.0,EUR,EUR,1.0,paid,N.Fra TB2026F/396 COUNTERPARTY_48639 Ef 1,COUNTERPARTY_48639
8ef3d27ee79c6a29cc22c763ce3815e1,COMP_0793,invoice,2026-04-08,2026-05-08,2026-04-13 00:00:00,-871.2,0.0,EUR,EUR,1.0,paid,S.Fra /682 COUNTERPARTY_51816 Ef 12026P/137,COUNTERPARTY_51816
e1177f49514625247cebe17fea17b8e6,COMP_0793,invoice,2025-11-27,2025-11-27,2025-11-27 00:00:00,521.17,521.17,EUR,EUR,1.0,overdue,N.Fra TB2025F/539 COUNTERPARTY_48877 Ef 1,COUNTERPARTY_48877
fc288bd1e09c50eb90c9fc3d4d1fd964,COMP_0793,invoice,2026-06-04,2026-06-04,2026-07-20 00:00:00,-199.65,0.0,EUR,EUR,1.0,paid,S.Fra /1192 COUNTERPARTY_47848 Ef 12026/1492,COUNTERPARTY_47848
010c1b08dc279a63f5c9f2e3a1f1e8ad,COMP_0793,invoice,2026-09-01,2026-09-01,2026-09-01 00:00:00,-411.4,-411.4,EUR,EUR,1.0,overdue,S.Fra /1955 COUNTERPARTY_103633 Ef 1N-261918,COUNTERPARTY_103633
154281226bb298ae7967c6594d17eed6,COMP_0001,invoice,2026-06-18,2026-07-18,2026-07-08 00:00:00,-100.93,0.0,EUR,EUR,1.0,paid,S.Fra /125 COUNTERPARTY_24926 Ef [NUM]/5/26/001395,COUNTERPARTY_55414
196bde7eb82934529d6567677b20344e,COMP_0793,invoice,2026-08-18,2026-08-18,2026-08-18 00:00:00,-0.3,-0.3,EUR,EUR,1.0,overdue,S.Fra /1983 COUNTERPARTY_00061 Ef [REF],COUNTERPARTY_22769
294bdde6e58f2d460f54ec3978dee449,COMP_0001,invoice,2026-03-25,2026-03-25,2026-05-20 00:00:00,322.5,0.0,EUR,EUR,1.0,paid,N.Fra TB2026F/27 [COMPANY] Ef 1,COUNTERPARTY_03903
350b6a3acdc16e1f3939dc27789e3a58,COMP_0793,invoice,2026-04-22,2026-05-22,2026-05-22 00:00:00,-35.14,-35.14,EUR,EUR,1.0,overdue,S.Fra /856 COUNTERPARTY_48052 Ef 1A367118,COUNTERPARTY_48052
44d195948d25df70a8a10110ed4cee2f,COMP_0793,invoice,2026-07-08,2026-08-07,2026-07-15 00:00:00,-408.35,0.0,EUR,EUR,1.0,paid,S.Fra /1526 COUNTERPARTY_47799 Ef [NUM],COUNTERPARTY_47799
4a41280cdc71fc5ef1e8f5d05170af87,COMP_0793,invoice,2026-07-29,2026-07-29,2026-07-30 00:00:00,149.53,149.53,EUR,EUR,1.0,overdue,N.Fra TB2026F/523 COUNTERPARTY_33572 Ef 1,COUNTERPARTY_33572
4afb9a74998e4067387ac14c4b4669fa,COMP_0001,invoice,2026-06-05,2026-07-05,2026-07-08 00:00:00,-130.69,0.0,EUR,EUR,1.0,paid,S.Fra /118 COUNTERPARTY_24926 Ef 1793,COUNTERPARTY_55414
5aae2aa2101a2b0d2ad9c115a5afa2c3,COMP_0001,invoice,2026-06-30,2026-06-30,2026-06-30 00:00:00,-304.77,-304.77,EUR,EUR,1.0,overdue,S.Fra /176 COUNTERPARTY_51811 Ef 1CI[NUM]-0626,COUNTERPARTY_51811
5c3fa96b8227464a59dc510c728e2b1e,COMP_0793,invoice,2026-03-16,2026-03-16,2026-05-21 00:00:00,-726.0,0.0,EUR,EUR,1.0,paid,S.Fra /499 COUNTERPARTY_33161 Ef 1S26/1027,COUNTERPARTY_47731
63c945993da544fe04cefb29943f4657,COMP_0793,invoice,2026-07-31,2026-08-30,2026-08-06 00:00:00,-13.24,0.0,EUR,EUR,1.0,paid,S.Fra /1662 COUNTERPARTY_07226 Ef 1ES61[X]3ABEI,COUNTERPARTY_18040
7cad30e42e0e45390beb7c2e23b6f489,COMP_0793,invoice,2026-07-31,2026-07-31,2026-07-31 00:00:00,-364.78,-364.78,EUR,EUR,1.0,overdue,S.Fra /1786 COUNTERPARTY_23799. Ef [NUM],COUNTERPARTY_28032
9053c211a819a24d97fd614df64139d5,COMP_0793,invoice,2026-08-31,2026-09-30,2026-09-30 00:00:00,-842.47,-842.47,EUR,EUR,1.0,pending,S.Fra /2080 COUNTERPARTY_51927 Ef 1DN/88,COUNTERPARTY_51927
931f95ab66852f70cbad1dab15125301,COMP_0001,invoice,2026-04-22,2026-05-22,2026-08-05 00:00:00,-1573.0,0.0,EUR,EUR,1.0,paid,S.Fra /67 COUNTERPARTY_15356 Ef 18,COUNTERPARTY_15356
a57f0ccbe2405d67a28c9209f74930e6,COMP_0001,invoice,2025-11-11,2025-12-11,2026-05-20 00:00:00,-87.89,0.0,EUR,EUR,1.0,paid,S.Fra /213 COUNTERPARTY_49050 Ef 1IF1396,COUNTERPARTY_49050
a63a91978a11cf1ce041dbe4c48823d2,COMP_0793,invoice,2026-02-20,2026-03-22,2026-05-21 00:00:00,-133.1,0.0,EUR,EUR,1.0,paid,S.Fra /692 COUNTERPARTY_50327 Ef [NUM],COUNTERPARTY_50327
addcf248c56fe3df715383cbf186be19,COMP_0793,invoice,2026-04-28,2026-04-28,2026-05-20 00:00:00,-9680.0,0.0,EUR,EUR,1.0,paid,S.Fra /790 [COMPANY] Ef 132,COUNTERPARTY_22440
b048f3ed7332254ec685f584d7341e3f,COMP_0001,invoice,2026-05-18,2026-06-17,2026-06-13 00:00:00,-268.17,0.0,EUR,EUR,1.0,paid,S.Fra /98 COUNTERPARTY_49050 Ef 1IK9912,COUNTERPARTY_49050
bc5526284309e301ab398e20d0afc710,COMP_0793,invoice,2025-09-29,2025-09-29,2026-06-24 00:00:00,1036.16,0.0,EUR,EUR,1.0,paid,N.Fra TB2025F/415 COUNTERPARTY_48877 Ef 1,COUNTERPARTY_48877
bf1011e76607a0b7e9914b0a38c76616,COMP_0793,invoice,2026-04-27,2026-04-27,2026-06-24 00:00:00,12265.87,0.0,EUR,EUR,1.0,paid,N.Fra TB2026F/235 COUNTERPARTY_49692 Ef 1,COUNTERPARTY_49692
e78365a650191926bb4fa9fbd4ce716e,COMP_0793,invoice,2026-05-29,2026-05-29,2026-06-22 00:00:00,-577.84,0.0,EUR,EUR,1.0,paid,S.Fra /1127 COUNTERPARTY_06729 Ef 1FM260783,COUNTERPARTY_06729
eb5cf215cd447e4f42b33471afcaf95c,COMP_0793,invoice,2026-08-28,2026-08-28,2026-08-28 00:00:00,-1644.44,-1644.44,EUR,EUR,1.0,overdue,S.Fra /1852 COUNTERPARTY_42909. Ef 126/2009,COUNTERPARTY_42909
06dca80ab2e10987cfa46564bf86ed03,COMP_0793,invoice,2026-05-29,2026-06-28,2026-06-22 00:00:00,-120.0,0.0,EUR,EUR,1.0,paid,S.Fra /1104 COUNTERPARTY_07226 Ef 1ES6ZJ0FABEI,COUNTERPARTY_18040
15a39885ec788453d2d3f0fc585b066e,COMP_0793,invoice,2026-03-25,2026-03-25,2026-05-21 00:00:00,-193.54,0.0,EUR,EUR,1.0,paid,S.Fra /638 COUNTERPARTY_07783 Ef [NUM],COUNTERPARTY_49066
28b6ed48d1bf6f3497a3c21fcd1ed107,COMP_0878,invoice,2026-07-31,2026-07-31,2026-07-31 00:00:00,-685.8,-685.8,EUR,EUR,1.0,overdue,S.Fra /191 COUNTERPARTY_10436 Ef 1FA127869,COUNTERPARTY_31816
2aea41e84f1cd93b7e54e78f05ebaa09,COMP_0793,invoice,2025-11-12,2025-12-12,2026-07-22 00:00:00,-3.39,0.0,EUR,EUR,1.0,paid,S.Fra /1761 COUNTERPARTY_07226 Ef 1ES51MB7KABEI,COUNTERPARTY_18040
38c872a406f3b875847bd04ca8cec571,COMP_0793,invoice,2026-03-24,2026-03-24,2026-04-09 00:00:00,9999.99,0.0,EUR,EUR,1.0,paid,N.Fra TB2026F/148 COUNTERPARTY_20173 Ef 1,COUNTERPARTY_48413
3b9fc36a48284df6261ccfca6984cff4,COMP_0793,invoice,2026-02-26,2026-02-26,2026-04-09 00:00:00,13.23,0.0,EUR,EUR,1.0,paid,N.Fra TB2026F/134 COUNTERPARTY_06351 Ef 1,COUNTERPARTY_06351
428deb0889b0e75386e42a5508fce7f8,COMP_0793,invoice,2026-04-01,2026-04-01,2026-07-21 00:00:00,-437.29,0.0,EUR,EUR,1.0,paid,S.Fra /706 [COMPANY]. Ef [NUM],COUNTERPARTY_27469
4e5825a541c286f945f64d520e251eeb,COMP_0001,invoice,2026-03-25,2026-03-25,2026-05-20 00:00:00,5906.14,0.0,EUR,EUR,1.0,paid,N.Fra TB2026F/21 [COMPANY] Ef 1,COUNTERPARTY_03903
59b80516894da226c49162b01afa6007,COMP_0793,invoice,2025-11-20,2025-12-20,2026-07-22 00:00:00,-69.99,0.0,EUR,EUR,1.0,paid,S.Fra /1910 COUNTERPARTY_07226 Ef 1ES51O4[X],COUNTERPARTY_18040
5d257ceb16198032a2a680f8fd739676,COMP_0793,invoice,2025-12-03,2025-12-03,2026-04-13 00:00:00,-409.06,0.0,EUR,EUR,1.0,paid,S.Fra /1923 [COMPANY] Ef 1196,COUNTERPARTY_22440
6cba191267b59ffa8857014eaebb1bd2,COMP_0793,invoice,2026-07-14,2026-07-14,2026-08-06 00:00:00,-5.14,0.0,EUR,EUR,1.0,paid,S.Fra /1707 COUNTERPARTY_00061 Ef [REF],COUNTERPARTY_22769
818baad756002e87e1ad2a73a3397b21,COMP_0793,invoice,2026-06-25,2026-06-25,2026-08-06 00:00:00,-355.01,0.0,EUR,EUR,1.0,paid,S.Fra /1738 COUNTERPARTY_33161 Ef 1S26/3117,COUNTERPARTY_47731
8765770da4f630c813c3f2c7fd8e3549,COMP_0793,invoice,2026-04-01,2026-04-01,2026-07-20 00:00:00,43138.04,0.0,EUR,EUR,1.0,paid,N.Fra TB2026F/208 COUNTERPARTY_10380 Ef 1,COUNTERPARTY_10380
9922e6a017c9c65e79ff43c0acd7c7ba,COMP_0793,invoice,2026-04-17,2026-05-17,2026-05-21 00:00:00,-20.64,0.0,EUR,EUR,1.0,paid,S.Fra /802 COUNTERPARTY_07226 Ef 1ES60Y0CABEI,COUNTERPARTY_18040
9a5bf7e81bc0317e07b8d4d44ea7f09c,COMP_0878,invoice,2026-02-15,2026-02-15,2026-08-05 00:00:00,-331.0,0.0,EUR,EUR,1.0,paid,S.Fra /173 COUNTERPARTY_37113 Ef [NUM],COUNTERPARTY_37113
a2eec471edece02e24132ed482f11ddf,COMP_0793,invoice,2026-05-08,2026-05-08,2026-05-21 00:00:00,-580.8,0.0,EUR,EUR,1.0,paid,S.Fra /940 COUNTERPARTY_33161 Ef 1S26/1975,COUNTERPARTY_47731
ce42d339161ee35fa8cf3c615db27af6,COMP_0793,invoice,2026-06-26,2026-07-26,2026-07-20 00:00:00,-24606.86,0.0,EUR,EUR,1.0,paid,S.Fra /1302 COUNTERPARTY_62117 Ef [NUM],COUNTERPARTY_62117
d403142f63b3242e24c9d78019941fe5,COMP_0793,invoice,2026-08-12,2026-09-11,2026-09-11 00:00:00,-35.75,-35.75,EUR,EUR,1.0,overdue,S.Fra /1876 COUNTERPARTY_01767 Ef [NUM],COUNTERPARTY_01767
d90d061630311c15e6cfbcfaf1bd86e5,COMP_0793,invoice,2026-07-14,2026-08-13,2026-08-13 00:00:00,-308.14,-308.14,EUR,EUR,1.0,overdue,S.Fra /1830 COUNTERPARTY_104480 Ef [NUM],COUNTERPARTY_104480
dd1f23146bfaf76c946ccce018702930,COMP_0793,invoice,2026-02-25,2026-02-25,2026-04-13 00:00:00,-127.85,0.0,EUR,EUR,1.0,paid,S.Fra /342 COUNTERPARTY_27278 Ef 1N2026/035841,COUNTERPARTY_27278
e65e3f712e16199a2f0b0f23f32a0c62,COMP_0001,invoice,2026-03-31,2026-04-30,2026-06-13 00:00:00,-252.91,0.0,EUR,EUR,1.0,paid,S.Fra /61 COUNTERPARTY_07183 Ef 1L/26/[NUM],COUNTERPARTY_50543
054056e754699b3926c80e1e4f2121fe,COMP_0878,invoice,2026-02-02,2026-02-02,2026-04-09 00:00:00,-1089.0,0.0,EUR,EUR,1.0,paid,S.Fra /45 COUNTERPARTY_40602 Ef 1654,COUNTERPARTY_40602
0672d21cb7608fd7798831a73198456a,COMP_0793,invoice,2026-06-23,2026-06-23,2026-07-20 00:00:00,16985.7,0.0,EUR,EUR,1.0,paid,N.Fra TB2026F/405 COUNTERPARTY_49391 Ef 1,COUNTERPARTY_49391
0a0d01efbb342cf1c0e5eadfd066e98c,COMP_0793,invoice,2026-05-29,2026-06-27,2026-06-24 00:00:00,97.62,0.0,EUR,EUR,1.0,paid,N.Fra TB2026F/340 COUNTERPARTY_54687 Ef 1,COUNTERPARTY_54687
14a195cc49b4fb71c52bc2fa66cacfa1,COMP_0001,invoice,2026-03-13,2026-04-12,2026-06-13 00:00:00,-120.95,0.0,EUR,EUR,1.0,paid,S.Fra /38 COUNTERPARTY_24926 Ef [NUM]/5/26/000530,COUNTERPARTY_55414
2624b4eaa08f1f9ad995d38f7953f00f,COMP_0878,invoice,2026-08-20,2026-10-19,2026-10-19 00:00:00,-345.42,-345.42,EUR,EUR,1.0,pending,S.Fra /208 COUNTERPARTY_39999 Ef [NUM],COUNTERPARTY_39999
27963c658ed4e60e247e3426d74c5e9b,COMP_0793,invoice,2026-08-31,2026-08-31,2026-08-31 00:00:00,-968.0,-968.0,EUR,EUR,1.0,overdue,S.Fra /1930 COUNTERPARTY_49814 Ef 175/2026,COUNTERPARTY_49814
2cab3ed6b42231ab71a753abb88dcbf4,COMP_0793,invoice,2026-04-18,2026-04-18,2026-06-24 00:00:00,279.97,0.0,EUR,EUR,1.0,paid,N.Fra TB2026F/215 COUNTERPARTY_48298 Ef 1,COUNTERPARTY_48298
335c9d9dec8a01aaf834c7f99b8710e2,COMP_0793,invoice,2026-02-10,2026-02-10,2026-08-06 00:00:00,-21.19,0.0,EUR,EUR,1.0,paid,S.Fra /701 COUNTERPARTY_10802 Ef [NUM],COUNTERPARTY_10802
36ec8945f05ecee96f64476df2207abb,COMP_0793,invoice,2026-05-28,2026-06-27,2026-07-22 00:00:00,-9.49,0.0,EUR,EUR,1.0,paid,S.Fra /1099 COUNTERPARTY_07226 Ef 1ES6Z0[X],COUNTERPARTY_18040
74b6db408aea3eedfc608ac89d520797,COMP_0793,invoice,2026-07-01,2026-07-01,2026-07-20 00:00:00,-33.88,0.0,EUR,EUR,1.0,paid,S.Fra /1432 COUNTERPARTY_07284 Ef 12.150,COUNTERPARTY_07284
750604ed7d47eb340a90772761571e8b,COMP_0793,invoice,2026-05-29,2026-05-29,2026-05-29 00:00:00,297.2,297.2,EUR,EUR,1.0,overdue,N.Fra TB2026F/320 COUNTERPARTY_51678 Ef 1,COUNTERPARTY_51678
8053d4d796e978aae30df844f1f36629,COMP_0878,invoice,2026-04-30,2026-04-30,2026-07-08 00:00:00,-680.89,0.0,EUR,EUR,1.0,paid,S.Fra /128 COUNTERPARTY_104781 Ef 1A26/895,COUNTERPARTY_104781
8b8236989649b39fb04dead03d53f5e0,COMP_0793,invoice,2026-06-30,2026-07-30,2026-07-20 00:00:00,-111.32,0.0,EUR,EUR,1.0,paid,S.Fra /1523 COUNTERPARTY_27660 Ef 1A/26117,COUNTERPARTY_27660
9148ff26cb1da716deacbb51a7292421,COMP_0001,invoice,2026-05-13,2026-05-13,2026-06-13 00:00:00,9075.0,0.0,EUR,EUR,1.0,paid,N.Fra TB2026F/40 [COMPANY] Ef 1,COUNTERPARTY_03903
a5d840112a794f908e80c388985a70c8,COMP_0793,invoice,2026-06-26,2026-06-26,2026-07-20 00:00:00,-129.99,0.0,EUR,EUR,1.0,paid,N.Fra [X]/13 COUNTERPARTY_48298 Ef 1,COUNTERPARTY_48298
b9c86eea5587b4d11e17086d6f0c2eec,COMP_0793,invoice,2026-08-24,2026-08-24,2026-08-24 00:00:00,-614.32,-614.32,EUR,EUR,1.0,overdue,S.Fra /1911 COUNTERPARTY_07783 Ef [NUM],COUNTERPARTY_49066
c2c734b22c8e23980c9dd704cdf8a6b5,COMP_0793,invoice,2026-05-28,2026-06-27,2026-07-22 00:00:00,-33.12,0.0,EUR,EUR,1.0,paid,S.Fra /1098 COUNTERPARTY_07226 Ef 1ES6Z0[X],COUNTERPARTY_18040
d725ac0fdb4cc8b1fcafea0ad7f6ba31,COMP_0878,invoice,2026-05-29,2026-05-29,2026-05-29 00:00:00,1636.4,1636.4,EUR,EUR,1.0,overdue,N.Fra TB2026F/5 COUNTERPARTY_06599 Ef 1,COUNTERPARTY_06599
ff9c1fcc9e68a5adad040e2fa43a6807,COMP_0793,invoice,2026-05-29,2026-05-29,2026-07-20 00:00:00,-174.75,0.0,EUR,EUR,1.0,paid,S.Fra /1102 COUNTERPARTY_53835 Ef 1025/17352,COUNTERPARTY_53835
12c43c85ee612bf1601d2ac2062284c5,COMP_0793,invoice,2026-07-20,2026-08-19,2026-09-10 00:00:00,-379.99,0.0,EUR,EUR,1.0,paid,S.Fra /2089 COUNTERPARTY_18583 Ef [NUM],COUNTERPARTY_18583
284b492864e87f2c6446929aa0f42210,COMP_0793,invoice,2026-05-27,2026-05-27,2026-06-22 00:00:00,-486.54,0.0,EUR,EUR,1.0,paid,S.Fra /1042 COUNTERPARTY_40288 Ef 1TB-2026-F5,COUNTERPARTY_40288
33f5dccf0dfab29bf0ebfd42c42c0efe,COMP_0001,invoice,2026-06-01,2026-07-01,2026-07-08 00:00:00,-706.92,0.0,EUR,EUR,1.0,paid,S.Fra /144 COUNTERPARTY_07183 Ef 130DE,COUNTERPARTY_50543
4a6d8efedb6a7d6c8f33e97316662040,COMP_0793,invoice,2026-06-23,2026-06-23,2026-07-20 00:00:00,-943.2,0.0,EUR,EUR,1.0,paid,S.Fra /1316 COUNTERPARTY_33161 Ef 1S26/3098,COUNTERPARTY_47731
543bccd59a01820a52e16dbb242fcc63,COMP_0793,invoice,2026-05-14,2026-05-14,2026-05-14 00:00:00,-314.47,-314.47,EUR,EUR,1.0,overdue,S.Fra /[COMPANY] Ef [REF],COUNTERPARTY_18441
5b398423f73384b5823c9f9511b906f5,COMP_0793,invoice,2026-07-22,2026-07-22,2026-07-22 00:00:00,10468.67,10468.67,EUR,EUR,1.0,overdue,N.Fra TB2026F/497 COUNTERPARTY_49692 Ef 1,COUNTERPARTY_49692
674ceefa6700b4a8df4d2d95569b7922,COMP_0793,invoiceGroup,2026-08-06,2026-08-06,2026-08-06 00:00:00,-63989.74,-63989.74,EUR,EUR,1.0,overdue,Remesas Proveedor,
68e40cf5f062d1016e072e4b8ef33343,COMP_0793,invoice,2026-06-18,2026-07-18,2026-07-20 00:00:00,-107.06,0.0,EUR,EUR,1.0,paid,S.Fra /1273 COUNTERPARTY_06729 Ef 1FV260451,COUNTERPARTY_06729
7f7f71305a83d4c1c75f944909afe77a,COMP_0793,invoice,2026-04-21,2026-04-21,2026-06-22 00:00:00,-0.3,0.0,EUR,EUR,1.0,paid,S.Fra /805 COUNTERPARTY_00061 Ef [REF],COUNTERPARTY_22769
7f915a24c6861e0f7b5aac73533df54e,COMP_0001,invoiceGroup,2026-04-09,2026-04-09,2026-04-09 00:00:00,-31460.01,-31460.01,EUR,EUR,1.0,overdue,Remesas Proveedor,
ab896ed81369ff1d3a193c193578267b,COMP_0793,invoice,2026-08-01,2026-08-01,2026-08-06 00:00:00,-29.04,0.0,EUR,EUR,1.0,paid,S.Fra /1806 COUNTERPARTY_06745 Ef [NUM],COUNTERPARTY_06745
ac845a4c8a316759c3652c5b6d5f435e,COMP_0793,invoice,2026-05-19,2026-06-18,2026-07-15 00:00:00,-33.28,0.0,EUR,EUR,1.0,paid,S.Fra /947 COUNTERPARTY_10160 Ef [NUM],COUNTERPARTY_35185
b32cedd60440ec2862d98d0a8d61101d,COMP_0793,invoice,2026-02-28,2026-03-30,2026-04-09 00:00:00,-70.65,0.0,EUR,EUR,1.0,paid,S.Fra /407 COUNTERPARTY_23748 Ef 1FV[NUM],COUNTERPARTY_23748
c32288bea662e82fd8720018f3335884,COMP_0793,invoice,2026-06-11,2026-07-11,2026-08-06 00:00:00,-18.01,0.0,EUR,EUR,1.0,paid,S.Fra /1275 COUNTERPARTY_57773 Ef 1A09858,COUNTERPARTY_57773
d7ce39e98da7e720b233f2e8edace39b,COMP_0793,invoice,2026-05-21,2026-05-21,2026-06-22 00:00:00,-1436.52,0.0,EUR,EUR,1.0,paid,S.Fra /1126 COUNTERPARTY_06729 Ef 1FV260414,COUNTERPARTY_06729
da9e17940d5776ddffb9dfe7deabc86b,COMP_0793,invoice,2026-02-26,2026-02-26,2026-06-24 00:00:00,1234.99,0.0,EUR,EUR,1.0,paid,N.Fra TB2026F/129 COUNTERPARTY_14912 Ef 1,COUNTERPARTY_14912
dfae8e22c0a47cb23ff27f17e47cacee,COMP_0793,invoice,2026-06-01,2026-06-01,2026-06-22 00:00:00,-7324.72,0.0,EUR,EUR,1.0,paid,S.Fra /1024 COUNTERPARTY_23770 Ef [REF],COUNTERPARTY_23770
e02d97900c7c46946206ffd4b47ed157,COMP_0793,invoice,2025-12-31,2025-12-31,2025-12-31 00:00:00,682.36,682.36,EUR,EUR,1.0,overdue,N.Fra TB2025F/619 COUNTERPARTY_48877 Ef 1,COUNTERPARTY_48877
e2df89e4d866d97eb8f6c63b3a7276ef,COMP_0793,invoice,2026-03-27,2026-03-27,2026-03-27 00:00:00,818.75,818.75,EUR,EUR,1.0,overdue,N.Fra TB2026F/185 COUNTERPARTY_48877 Ef 1,COUNTERPARTY_48877
efc03555ceb223dd882a64c149a0c728,COMP_0793,invoice,2026-05-30,2026-05-30,2026-06-22 00:00:00,-55.4,0.0,EUR,EUR,1.0,paid,S.Fra /1044 COUNTERPARTY_44961 Ef [NUM],COUNTERPARTY_44961
f39138b3dd55262601ab449412e35192,COMP_0001,invoice,2026-02-25,2026-02-25,2026-05-20 00:00:00,6567.87,0.0,EUR,EUR,1.0,paid,N.Fra TB2026F/19 [COMPANY] Ef 1,COUNTERPARTY_03903
f556c77b38c1c628a53bd3bb86a5d625,COMP_0793,invoice,2026-06-23,2026-06-23,2026-10-13 00:00:00,18050.54,18050.54,EUR,EUR,1.0,overdue,N.Fra TB2026F/422 COUNTERPARTY_49692 Ef 1,COUNTERPARTY_49692
110542a2571cf4b033412a238f67842f,COMP_0793,invoice,2026-04-20,2026-04-20,2026-06-22 00:00:00,-0.61,0.0,EUR,EUR,1.0,paid,S.Fra /803 COUNTERPARTY_00061 Ef [REF],COUNTERPARTY_22769
119ea3b8a53f1e78a51a3c971c18a5bc,COMP_0001,invoice,2025-12-31,2025-12-31,2026-05-20 00:00:00,21780.0,0.0,EUR,EUR,1.0,paid,N.Fra TB2025F/198 [COMPANY] Ef 1,COUNTERPARTY_03903
2abf210fb5a7d2b7763bbc5684b1ecad,COMP_0793,invoice,2026-06-20,2026-07-20,2026-07-22 00:00:00,-281.43,0.0,EUR,EUR,1.0,paid,S.Fra /1425 COUNTERPARTY_07226 Ef 1ES615[X],COUNTERPARTY_18040
38fe8fff7da4a130eacde7a3ff2db2e1,COMP_0793,invoice,2026-07-22,2026-07-22,2026-07-22 00:00:00,11071.71,11071.71,EUR,EUR,1.0,overdue,N.Fra TB2026F/496 COUNTERPARTY_49692 Ef 1,COUNTERPARTY_49692
49c75ca0b9c6e945cbcf47b9c93d6bd8,COMP_0793,invoice,2026-01-25,2026-01-25,2026-04-13 00:00:00,-275.23,0.0,EUR,EUR,1.0,paid,S.Fra /38 COUNTERPARTY_27278 Ef 1N2026/035628,COUNTERPARTY_27278
4b985a9dd5fc32b584e355fd0dd8e56e,COMP_0793,invoice,2026-08-04,2026-08-04,2026-08-04 00:00:00,-223.6,-223.6,EUR,EUR,1.0,overdue,S.Fra /1845 COUNTERPARTY_31602 Ef 123B/[TAXID],COUNTERPARTY_31602
508c7b16cfe21796ca3e5bc28f066f0f,COMP_0793,invoice,2026-05-01,2026-05-01,2026-05-21 00:00:00,-33.88,0.0,EUR,EUR,1.0,paid,S.Fra /868 COUNTERPARTY_07284 Ef 11.432,COUNTERPARTY_07284
54724c3dddfccf1aaef2a4a87e942ea4,COMP_0793,invoice,2026-02-23,2026-03-25,2026-03-10 00:00:00,-1321.32,0.0,EUR,EUR,1.0,paid,S.Fra /309 COUNTERPARTY_59985 Ef 12,COUNTERPARTY_59985
69f96f35ffd5fe7cc478c37fc5ef3d47,COMP_0793,invoice,2026-07-29,2026-07-29,2026-07-29 00:00:00,238.15,238.15,EUR,EUR,1.0,overdue,N.Fra TB2026F/530 COUNTERPARTY_04351 Ef 1,COUNTERPARTY_04351
7412d461ba562c0e2d46cf84421aebbf,COMP_0793,invoice,2026-04-30,2026-04-30,2026-06-22 00:00:00,-822.8,0.0,EUR,EUR,1.0,paid,S.Fra /781 COUNTERPARTY_65284 Ef [NUM],COUNTERPARTY_65284
811adcabd0e0f2dbafb0ee4977bfb85e,COMP_0793,invoice,2026-06-23,2026-06-23,2026-07-20 00:00:00,35783.46,0.0,EUR,EUR,1.0,paid,N.Fra TB2026F/417 COUNTERPARTY_47852 Ef 1,COUNTERPARTY_47852
8bdaf4664ce3450ef3ee3e19494382dc,COMP_0793,invoice,2026-06-11,2026-07-11,2026-07-22 00:00:00,-46.26,0.0,EUR,EUR,1.0,paid,S.Fra /1353 COUNTERPARTY_07226 Ef 1ES6133[X],COUNTERPARTY_18040
90f7b1fe3fe11312a9fd7a2c31981db0,COMP_0793,invoice,2026-08-14,2026-08-14,2026-08-14 00:00:00,-0.3,-0.3,EUR,EUR,1.0,overdue,S.Fra /1942 COUNTERPARTY_00061 Ef [REF],COUNTERPARTY_22769
9a94394f0cc18bf49b0c391a0472a8f9,COMP_0793,invoice,2026-03-25,2026-03-25,2026-04-13 00:00:00,-140.07,0.0,EUR,EUR,1.0,paid,S.Fra /544 [COMPANY] Ef 125,COUNTERPARTY_22440
a14d61517fab4c99ffd8a71116fd27ce,COMP_0793,invoice,2026-07-30,2026-08-29,2026-08-06 00:00:00,-223.12,0.0,EUR,EUR,1.0,paid,S.Fra /1796 COUNTERPARTY_51473 Ef 1F26-2542,COUNTERPARTY_51473
b5793e16476aa22cff2fc11dca9da911,COMP_0793,invoice,2026-07-01,2026-07-31,2026-07-15 00:00:00,-850.29,0.0,EUR,EUR,1.0,paid,S.Fra /1465 COUNTERPARTY_10795 Ef 11Y06416M,COUNTERPARTY_23778
c9970491142d17e3b08100ccc50e9e5b,COMP_0878,invoice,2025-12-22,2025-12-22,2026-04-09 00:00:00,-4348.74,0.0,EUR,EUR,1.0,paid,S.Fra /37 COUNTERPARTY_40602 Ef 1FV25-480,COUNTERPARTY_40602
d3438597b0d665b55ae6437343a1b305,COMP_0793,invoice,2026-07-14,2026-08-13,2026-08-06 00:00:00,-40.85,0.0,EUR,EUR,1.0,paid,S.Fra /1622 COUNTERPARTY_01767 Ef 141,COUNTERPARTY_01767
d7f7948114dd8ec5e3d5231b33d2ebd0,COMP_0793,invoice,2026-08-10,2026-08-10,2026-08-10 00:00:00,-418.72,-418.72,EUR,EUR,1.0,overdue,S.Fra /1858 COUNTERPARTY_30566 Ef [NUM],COUNTERPARTY_30566
de50f0630166d6a1f73a778e0541549d,COMP_0793,invoice,2026-02-25,2026-02-25,2026-04-09 00:00:00,12937.54,0.0,EUR,EUR,1.0,paid,N.Fra TB2026F/99 COUNTERPARTY_10380 Ef 1,COUNTERPARTY_10380
e25d0e63a1778c27359cb5b17eada550,COMP_0793,invoice,2026-02-23,2026-02-23,2026-04-09 00:00:00,15675.6,0.0,EUR,EUR,1.0,paid,N.Fra TB2026F/81 COUNTERPARTY_49391 Ef 1,COUNTERPARTY_49391
ec102c2ab854ebddfdb5a17bf71b1326,COMP_0793,invoice,2026-06-01,2026-07-01,2026-06-22 00:00:00,99.99,0.0,EUR,EUR,1.0,paid,S.Fra /1108 COUNTERPARTY_07226 Ef 1ES62[X],COUNTERPARTY_18040
eec23ef843c27389060200ef8a38a9ff,COMP_0793,invoice,2026-04-01,2026-04-01,2026-06-22 00:00:00,-239.58,0.0,EUR,EUR,1.0,paid,S.Fra /1115 COUNTERPARTY_35858 Ef 114[X]93-0020,COUNTERPARTY_35858
f07b56f0b9df2e12c1f2695790e30c4e,COMP_0001,invoice,2026-07-31,2026-08-30,2026-08-05 00:00:00,-617.27,0.0,EUR,EUR,1.0,paid,S.Fra /170 COUNTERPARTY_23347 Ef 1RR/260.574,COUNTERPARTY_23347
0b574d2df7b8d856ad56a21c48061fa2,COMP_0793,invoice,2026-02-23,2026-03-25,2026-04-09 00:00:00,32552.42,0.0,EUR,EUR,1.0,paid,N.Fra TB2026F/83 COUNTERPARTY_49557 Ef 1,COUNTERPARTY_49557
0c1bdd30b855bc43d3e4f6b5c55ed595,COMP_0793,invoice,2026-08-31,2026-09-30,2026-09-30 00:00:00,86055.68,86055.68,EUR,EUR,1.0,pending,N.Fra TB2026F/561 COUNTERPARTY_49557 Ef 1,COUNTERPARTY_49557
174ead9e6761b016344acee5ec4be35e,COMP_0878,invoice,2026-04-29,2026-04-29,2026-04-29 00:00:00,1280.0,1280.0,EUR,EUR,1.0,overdue,N.Fra TB2026F/4 COUNTERPARTY_06599 Ef 1,COUNTERPARTY_06599
181fd9a0231485f3d31ba85d00caa017,COMP_0793,invoice,2026-04-27,2026-04-27,2026-06-24 00:00:00,1290.47,0.0,EUR,EUR,1.0,paid,N.Fra TB2026F/233 COUNTERPARTY_49391 Ef 1,COUNTERPARTY_49391
23176b6fedc403ac8a7366e7442bef74,COMP_0793,invoice,2026-06-11,2026-07-11,2026-06-22 00:00:00,-188.86,0.0,EUR,EUR,1.0,paid,S.Fra /1244 COUNTERPARTY_01767 Ef 133,COUNTERPARTY_01767
307aa0949e216ec24050bb3f99e2d8b0,COMP_0793,invoice,2026-06-30,2026-06-30,2026-08-06 00:00:00,-383.23,0.0,EUR,EUR,1.0,paid,S.Fra /1547 COUNTERPARTY_31505 Ef 1F1965/5,COUNTERPARTY_31505
3db08bcb8951e08cb6b430f8e565daaf,COMP_0793,invoice,2026-05-15,2026-05-15,2026-07-22 00:00:00,-7.99,0.0,EUR,EUR,1.0,paid,S.Fra /1058 COUNTERPARTY_07226 Ef 1ES6VS1AABEI,COUNTERPARTY_18040
3e6f8f186f10d426c9c51b0818be2e8a,COMP_0793,invoice,2026-07-24,2026-08-23,2026-08-23 00:00:00,-139.15,-139.15,EUR,EUR,1.0,pending,S.Fra /1749 COUNTERPARTY_50327 Ef [NUM],COUNTERPARTY_50327
797619748001cd501967534f678a7b9f,COMP_0793,invoice,2026-02-20,2026-02-20,2026-05-21 00:00:00,-1041.3,0.0,EUR,EUR,1.0,paid,S.Fra /691 COUNTERPARTY_07783 Ef 19667,COUNTERPARTY_49066
7ec9cbbac49e8f0b50a05ad07794ec5a,COMP_0001,invoice,2026-07-23,2026-08-22,2026-08-05 00:00:00,-158.52,0.0,EUR,EUR,1.0,paid,S.Fra /162 COUNTERPARTY_01023 Ef [REF],COUNTERPARTY_49480
86483667c0683358863dfad16fa9fd95,COMP_0793,invoice,2026-06-01,2026-06-01,2026-06-22 00:00:00,-29.04,0.0,EUR,EUR,1.0,paid,S.Fra /1219 COUNTERPARTY_06745 Ef [NUM],COUNTERPARTY_06745
b3654e2006a09dd4948a9725f5df7287,COMP_0793,invoice,2026-07-14,2026-08-13,2026-08-06 00:00:00,-1071.58,0.0,EUR,EUR,1.0,paid,S.Fra /1604 COUNTERPARTY_47799 Ef [NUM],COUNTERPARTY_47799
b44f6d718a04dcbfcdbb87c23b821945,COMP_0793,invoice,2026-04-27,2026-04-27,2026-06-24 00:00:00,15997.56,0.0,EUR,EUR,1.0,paid,N.Fra TB2026F/236 COUNTERPARTY_49692 Ef 1,COUNTERPARTY_49692
b8819bdcdd7f6d8574cadf341e30831d,COMP_0793,invoice,2026-01-26,2026-01-26,2026-04-13 00:00:00,87588.2,0.0,EUR,EUR,1.0,paid,N.Fra TB2026F/6 COUNTERPARTY_48298 Ef 1,COUNTERPARTY_48298
d8d40674028d4976af9f54c5bca76eb3,COMP_0793,invoice,2026-03-25,2026-03-25,2026-05-21 00:00:00,-34.38,0.0,EUR,EUR,1.0,paid,S.Fra /635 COUNTERPARTY_07783 Ef [NUM],COUNTERPARTY_49066
e2bb309810b44ad370c180cb35908285,COMP_0793,invoice,2026-03-20,2026-03-20,2026-04-10 00:00:00,-10075.33,0.0,EUR,EUR,1.0,paid,S.Fra /533 COUNTERPARTY_28081 Ef [NUM],COUNTERPARTY_28081
e311e8fd5eb4179b076f2023258b082e,COMP_0793,invoice,2026-07-08,2026-08-07,2026-07-15 00:00:00,-181.38,0.0,EUR,EUR,1.0,paid,S.Fra /1525 COUNTERPARTY_47799 Ef [NUM],COUNTERPARTY_47799
e79e3604efe50d493673ddc50520ef03,COMP_0793,invoice,2026-02-28,2026-03-30,2026-04-13 00:00:00,-82.76,0.0,EUR,EUR,1.0,paid,S.Fra /408 COUNTERPARTY_51473 Ef 1F26-623,COUNTERPARTY_51473
ebe0253b48422277e5f545b5f9a950c3,COMP_0878,invoice,2025-12-23,2025-12-23,2026-04-09 00:00:00,-1331.0,0.0,EUR,EUR,1.0,paid,S.Fra /40 COUNTERPARTY_40602 Ef 1FV25-502,COUNTERPARTY_40602
05ea57366f057a6cd0a348c333573e6b,COMP_0793,invoice,2026-02-13,2026-02-13,2026-03-10 00:00:00,-1627.89,0.0,EUR,EUR,1.0,paid,S.Fra /434 COUNTERPARTY_33161 Ef 1565,COUNTERPARTY_47731
060f0e6a12ef09a9ddb92b8fdba081f1,COMP_0793,invoice,2026-06-23,2026-06-23,2026-10-13 00:00:00,15703.0,15703.0,EUR,EUR,1.0,overdue,N.Fra TB2026F/426 COUNTERPARTY_49692 Ef 1,COUNTERPARTY_49692
0ade0abe98bf3f68bd8c7a951509d90b,COMP_0793,invoice,2026-08-26,2026-09-25,2026-09-10 00:00:00,-47.81,0.0,EUR,EUR,1.0,paid,S.Fra /1914 COUNTERPARTY_47799 Ef [NUM],COUNTERPARTY_47799
17e2fda9cdf5a893e0368ae2ef8c4fcd,COMP_0793,invoice,2026-02-28,2026-03-30,2026-04-13 00:00:00,-288.52,0.0,EUR,EUR,1.0,paid,S.Fra /400 COUNTERPARTY_31108 Ef 12026/72,COUNTERPARTY_31108
196d88f02eb66b9c2c0f6db7720bd255,COMP_0793,invoice,2026-04-29,2026-04-29,2026-04-29 00:00:00,14991.47,14991.47,EUR,EUR,1.0,overdue,N.Fra TB2026F/283 COUNTERPARTY_106361. Ef 1,COUNTERPARTY_106361
2b5b21a8f4e4d20b2a99d127967c7a06,COMP_0793,invoice,2026-07-14,2026-08-13,2026-08-06 00:00:00,-329.07,0.0,EUR,EUR,1.0,paid,S.Fra /1601 COUNTERPARTY_47799 Ef [NUM],COUNTERPARTY_47799
383909292152212746fb93b182e84145,COMP_0793,invoice,2026-06-01,2026-07-01,2026-06-22 00:00:00,99.99,0.0,EUR,EUR,1.0,paid,S.Fra /1107 COUNTERPARTY_07226 Ef 1ES62[X],COUNTERPARTY_18040
3abdcf7ec8fe4e3de354b1c61231dba3,COMP_0793,invoice,2026-05-22,2026-06-21,2026-07-22 00:00:00,-340.02,0.0,EUR,EUR,1.0,paid,S.Fra /1090 COUNTERPARTY_07226 Ef 1ES6[X],COUNTERPARTY_18040
4ad3a314df2929601b0e4dc1fedd3443,COMP_0793,invoice,2026-06-23,2026-06-23,2026-10-13 00:00:00,10130.97,10130.97,EUR,EUR,1.0,overdue,N.Fra TB2026F/427 COUNTERPARTY_49692 Ef 1,COUNTERPARTY_49692
6344559e4ba7cae9fcf9002cd42f77ea,COMP_0793,invoice,2026-07-09,2026-07-09,2026-08-06 00:00:00,-923.11,0.0,EUR,EUR,1.0,paid,S.Fra /1541 COUNTERPARTY_42909. Ef 126/1766,COUNTERPARTY_42909
688ac0fd3601ec6f4cfc6899c5ebcf15,COMP_0878,invoice,2026-01-15,2026-02-14,2026-04-09 00:00:00,-493.85,0.0,EUR,EUR,1.0,paid,S.Fra /11 COUNTERPARTY_02619 Ef 1K/17415,COUNTERPARTY_02619
7f8821e7572fce0fbb5e4d5990c19fb5,COMP_0793,invoice,2026-06-19,2026-06-19,2026-08-06 00:00:00,-316.11,0.0,EUR,EUR,1.0,paid,S.Fra /1293 COUNTERPARTY_47209 Ef 12619,COUNTERPARTY_47209
874a498577c9a2dc994d2f1b3de423ef,COMP_0793,invoice,2026-07-29,2026-08-28,2026-09-10 00:00:00,-88.34,0.0,EUR,EUR,1.0,paid,S.Fra /1755 COUNTERPARTY_47799 Ef [NUM],COUNTERPARTY_47799
8a9ac91095a33847579b22a33032108e,COMP_0793,invoice,2026-06-20,2026-06-20,2026-07-22 00:00:00,-70.29,0.0,EUR,EUR,1.0,paid,S.Fra /1439 COUNTERPARTY_07226 Ef 1ES615[X],COUNTERPARTY_18040
8bbffa494d6317b5a3086c9bc23fdd58,COMP_0793,invoice,2026-03-30,2026-04-29,2026-04-13 00:00:00,-145.81,0.0,EUR,EUR,1.0,paid,S.Fra /623 COUNTERPARTY_48090 Ef 191793,COUNTERPARTY_48090
8cf2dc2235a4aa79fe63d33daf48d33d,COMP_0001,invoiceGroup,2026-06-12,2026-06-12,2026-06-12 00:00:00,-23649.05,-23649.05,EUR,EUR,1.0,overdue,Remesas Proveedor,
91cad3c986293fa6521e0c833426ae04,COMP_0793,invoice,2026-09-01,2026-09-01,2026-09-10 00:00:00,-29.04,0.0,EUR,EUR,1.0,paid,S.Fra /2023 COUNTERPARTY_06745 Ef [NUM],COUNTERPARTY_06745
a0f798434390e3e5e978160d80e11152,COMP_0793,invoice,2026-04-14,2026-04-14,2026-06-22 00:00:00,-23.6,0.0,EUR,EUR,1.0,paid,S.Fra /800 COUNTERPARTY_00061 Ef [REF],COUNTERPARTY_22769
a6727594ae0089839427a061ef7fd965,COMP_0793,invoice,2026-04-14,2026-04-14,2026-05-20 00:00:00,-66.63,0.0,EUR,EUR,1.0,paid,S.Fra /710 COUNTERPARTY_106598 Ef 12026/1702,COUNTERPARTY_106598
baf74c4d7c932ab7784c23673724f8d9,COMP_0793,invoice,2026-04-30,2026-04-30,2026-07-20 00:00:00,-276.7,0.0,EUR,EUR,1.0,paid,S.Fra /794 COUNTERPARTY_56541 Ef 126/2167,COUNTERPARTY_56541
f967e0c9d8da9df310904deebb845dd9,COMP_0793,invoice,2026-07-31,2026-07-31,2026-07-31 00:00:00,-74.79,-74.79,EUR,EUR,1.0,overdue,S.Fra /1843 COUNTERPARTY_27018 Ef 126/01395,COUNTERPARTY_27018
fbe7db73f463b3d78ff9fe45233bfa1e,COMP_0793,invoice,2026-01-26,2026-01-26,2026-04-13 00:00:00,-6050.0,0.0,EUR,EUR,1.0,paid,S.Fra /69 [COMPANY] Ef 19,COUNTERPARTY_22440
fc110c3fd81b90a6581356b77b97aa3b,COMP_0793,invoice,2025-12-31,2026-01-30,2026-03-10 00:00:00,-1605.22,0.0,EUR,EUR,1.0,paid,S.Fra /2096 COUNTERPARTY_39824. Ef 1639,COUNTERPARTY_39824
0b288a6c675c871418e6fdcf5fd0af0d,COMP_0793,invoice,2025-12-31,2026-01-30,2026-03-10 00:00:00,-1397.59,0.0,EUR,EUR,1.0,paid,S.Fra /2097 COUNTERPARTY_39824. Ef 1640,COUNTERPARTY_39824
14d41a595d43d65b271eb54ac07100d4,COMP_0793,invoice,2026-01-13,2026-02-12,2026-07-22 00:00:00,-79.64,0.0,EUR,EUR,1.0,paid,S.Fra /25 COUNTERPARTY_07226 Ef 1ES6232SABEI,COUNTERPARTY_18040
2b11884341d7b07010547d7b126f24cf,COMP_0793,invoice,2026-07-22,2026-07-22,2026-07-22 00:00:00,6607.45,6607.45,EUR,EUR,1.0,overdue,N.Fra TB2026F/505 COUNTERPARTY_49391 Ef 1,COUNTERPARTY_49391
37280d340a1fb76a7d59e3c76e2362b6,COMP_0793,invoice,2026-07-22,2026-08-21,2026-08-21 00:00:00,17987.59,17987.59,EUR,EUR,1.0,overdue,N.Fra TB2026F/504 COUNTERPARTY_54687 Ef 1,COUNTERPARTY_54687
426fe74d8418dc3da2da36031d3f82b0,COMP_0878,invoice,2026-02-28,2026-02-28,2026-05-19 00:00:00,-235.87,0.0,EUR,EUR,1.0,paid,S.Fra /117 COUNTERPARTY_37772 Ef 1FV26/001536,COUNTERPARTY_37772
576678586895370ab4b8b190f64b9191,COMP_0793,invoice,2026-08-27,2026-08-27,2026-08-27 00:00:00,-1158.7,-1158.7,EUR,EUR,1.0,overdue,S.Fra /1987 COUNTERPARTY_33161 Ef 1S26/5172,COUNTERPARTY_47731
62fdb801855d80a7a419380c29a1443d,COMP_0793,invoice,2026-04-14,2026-05-14,2026-05-21 00:00:00,-508.2,0.0,EUR,EUR,1.0,paid,S.Fra /733 COUNTERPARTY_50327 Ef [NUM],COUNTERPARTY_50327
65140fa5b14d724ec9778526d344d86d,COMP_0001,invoice,2026-07-09,2026-07-09,2026-09-07 00:00:00,30394.06,0.0,EUR,EUR,1.0,paid,N.Fra TB2026F/53 [COMPANY] Ef 1,COUNTERPARTY_03903
6c70960f5da70fc2d704e8b50118aac0,COMP_0001,invoice,2026-07-23,2026-08-22,2026-08-05 00:00:00,-7260.0,0.0,EUR,EUR,1.0,paid,S.Fra /159 COUNTERPARTY_26899 Ef 113,COUNTERPARTY_26899
7aa6a122e91cd3e8f63d9cd19b8b3359,COMP_0793,invoice,2026-04-20,2026-05-20,2026-06-22 00:00:00,-144.86,0.0,EUR,EUR,1.0,paid,S.Fra /1006 COUNTERPARTY_18583 Ef [NUM],COUNTERPARTY_18583
7f45333add9d8cedac6a4631c8296699,COMP_0793,invoice,2026-06-22,2026-06-22,2026-07-22 00:00:00,-7.04,0.0,EUR,EUR,1.0,paid,S.Fra /1444 COUNTERPARTY_07226 Ef 1ES615[X],COUNTERPARTY_18040
803999006e147f946d89dbc4451096e9,COMP_0793,invoice,2026-03-31,2026-04-30,2026-04-30 00:00:00,-6.29,0.0,EUR,EUR,1.0,cancel,S.Fra /950 COUNTERPARTY_00532 Ef 151130,COUNTERPARTY_50114
84b4f7917ae9536e5602226ffc28a427,COMP_0793,invoice,2026-05-05,2026-05-05,2026-06-22 00:00:00,-0.3,0.0,EUR,EUR,1.0,paid,S.Fra /1171 COUNTERPARTY_00061 Ef [REF],COUNTERPARTY_22769
a19bed79f49c08db9f56a3299c7f0dd2,COMP_0793,invoice,2026-04-27,2026-04-27,2026-06-24 00:00:00,28853.44,0.0,EUR,EUR,1.0,paid,N.Fra TB2026F/225 COUNTERPARTY_47852 Ef 1,COUNTERPARTY_47852
a72dc097bab3f2bbbb0c139cb5d8c03d,COMP_0793,invoice,2026-05-31,2026-05-31,2026-06-22 00:00:00,-3100.31,0.0,EUR,EUR,1.0,paid,S.Fra /1132 COUNTERPARTY_33161 Ef 1S26/2535,COUNTERPARTY_47731
ae3be85ae50a0047cdac0af00f3d5b8b,COMP_0793,invoice,2026-06-10,2026-07-10,2026-06-22 00:00:00,-230.97,0.0,EUR,EUR,1.0,paid,S.Fra /1237 COUNTERPARTY_18477 Ef [NUM]/AV,COUNTERPARTY_31747
bc27024aae96fedf552313f51f13a1fe,COMP_0001,invoice,2026-04-28,2026-04-28,2026-06-13 00:00:00,1834.25,0.0,EUR,EUR,1.0,paid,N.Fra TB2026F/34 [COMPANY] Ef 1,COUNTERPARTY_03903
bce3ed065d00c014a2e07201316448cb,COMP_0793,invoice,2026-08-17,2026-09-16,2026-09-10 00:00:00,-108.3,0.0,EUR,EUR,1.0,paid,S.Fra /1908 COUNTERPARTY_47799 Ef [NUM],COUNTERPARTY_47799
cc91d7cd128f37d3d351921cb49e8a81,COMP_0793,invoice,2026-02-27,2026-03-29,2026-04-13 00:00:00,-308.55,0.0,EUR,EUR,1.0,paid,S.Fra /397 COUNTERPARTY_48090 Ef 191648,COUNTERPARTY_48090
d0397378959c8937daa38182470a2687,COMP_0793,invoice,2026-01-30,2026-01-30,2026-05-21 00:00:00,-145.05,0.0,EUR,EUR,1.0,paid,S.Fra /255 COUNTERPARTY_44986 Ef 1L24550,COUNTERPARTY_44986
d215244141beaf4a641f5337e3d40dff,COMP_0001,invoice,2026-03-25,2026-03-25,2026-05-20 00:00:00,108.3,0.0,EUR,EUR,1.0,paid,N.Fra TB2026F/26 [COMPANY] Ef 1,COUNTERPARTY_03903
d57bbac1c57888400dd38f8eb7e9e38e,COMP_0793,invoice,2026-05-14,2026-05-14,2026-05-21 00:00:00,-112.29,0.0,EUR,EUR,1.0,paid,S.Fra /902 COUNTERPARTY_42909. Ef 126/1089,COUNTERPARTY_42909
dcc2f2f0d11ea93822008429abab19c6,COMP_0793,invoice,2026-04-10,2026-04-10,2026-07-20 00:00:00,272.9,0.0,EUR,EUR,1.0,paid,N.Fra TB2026F/213 COUNTERPARTY_06137 Ef 1,COUNTERPARTY_06137
0c97df03061a34ce3a50bb465142ef8c,COMP_0793,invoice,2026-07-04,2026-08-03,2026-08-03 00:00:00,-157.3,-157.3,EUR,EUR,1.0,overdue,S.Fra /1517 COUNTERPARTY_107173 Ef 1CB-RE-2026-129308,COUNTERPARTY_107173
3177274dcfa0ce9a0e975303b1e9c36a,COMP_0793,invoice,2026-02-25,2026-02-25,2026-06-24 00:00:00,3699.7,0.0,EUR,EUR,1.0,paid,N.Fra TB2026F/93 COUNTERPARTY_14508 Ef 1,COUNTERPARTY_14508
3cfb8202a6cfcb124e7999d19909e564,COMP_0001,invoice,2025-12-23,2025-12-23,2026-05-20 00:00:00,-9680.0,0.0,EUR,EUR,1.0,paid,N.Fra [X]/2 [COMPANY] Ef 1,COUNTERPARTY_03903
4960fd0a42cd36d0b45801cccfb30305,COMP_0793,invoice,2026-07-24,2026-07-24,2026-08-06 00:00:00,-80.57,0.0,EUR,EUR,1.0,paid,S.Fra /1762 COUNTERPARTY_07226 Ef 1ES61[X],COUNTERPARTY_18040
4b7476cbadc2674b1d1e8948cd610ec8,COMP_0793,invoice,2026-06-30,2026-07-30,2026-07-20 00:00:00,-8.1,0.0,EUR,EUR,1.0,paid,S.Fra /1372 COUNTERPARTY_107277 Ef [REF],COUNTERPARTY_107277
5210dfc28895317fd0c419206c71c10f,COMP_0793,invoice,2026-07-15,2026-07-15,2026-08-06 00:00:00,-181.5,0.0,EUR,EUR,1.0,paid,S.Fra /1612 COUNTERPARTY_49683 Ef [NUM],COUNTERPARTY_49683
60b49fae3da86e36f1a166724e31cd40,COMP_0793,invoice,2026-07-01,2026-07-31,2026-07-20 00:00:00,-239.58,0.0,EUR,EUR,1.0,paid,S.Fra /1468 COUNTERPARTY_35858 Ef 114[X]93-0023,COUNTERPARTY_35858
6437e18f4817140330d557c7ec25900f,COMP_0793,invoice,2026-07-25,2026-07-25,2026-07-25 00:00:00,-93.06,-93.06,EUR,EUR,1.0,overdue,S.Fra /1690 COUNTERPARTY_23799. Ef [NUM],COUNTERPARTY_28032
667464e6c462a53ca7f8d375d86a82ab,COMP_0793,invoice,2026-04-30,2026-05-30,2026-05-21 00:00:00,-13.46,0.0,EUR,EUR,1.0,paid,S.Fra /761 COUNTERPARTY_07226 Ef 1ES6S2P2ABEI,COUNTERPARTY_18040
7b449e946e0c0b3450cb64410338fd03,COMP_0793,invoice,2026-08-31,2026-08-31,2026-08-31 00:00:00,14576.62,14576.62,EUR,EUR,1.0,overdue,N.Fra TB2026F/546 COUNTERPARTY_49391 Ef 1,COUNTERPARTY_49391
8efffccae12890f0d3cf91bfc92f82c9,COMP_0793,invoice,2026-08-24,2026-08-24,2026-08-24 00:00:00,-1022.41,-1022.41,EUR,EUR,1.0,overdue,S.Fra /1913 COUNTERPARTY_07783 Ef [NUM],COUNTERPARTY_49066
93829ad0d60fbaa51e5f402af4936fb4,COMP_0793,invoice,2026-01-12,2026-02-11,2026-06-24 00:00:00,-260.96,0.0,EUR,EUR,1.0,paid,N.Fra [X]/1 COUNTERPARTY_55999 Ef 1,COUNTERPARTY_55999
958bc07b32d4dbe6daf10c1a02d6b642,COMP_0793,invoice,2026-04-27,2026-05-27,2026-06-24 00:00:00,17987.59,0.0,EUR,EUR,1.0,paid,N.Fra TB2026F/226 COUNTERPARTY_54687 Ef 1,COUNTERPARTY_54687
98ca7d5145358bb9faad5358eacf17b0,COMP_0793,invoice,2026-09-01,2026-10-01,2026-10-01 00:00:00,-239.58,-239.58,EUR,EUR,1.0,pending,S.Fra /1994 COUNTERPARTY_35858 Ef 114[X]93-0025,COUNTERPARTY_35858
9e49a9cc8c60aa00af545c6e631c2ac3,COMP_0001,invoice,2026-05-03,2026-06-02,2026-05-20 00:00:00,-123.18,0.0,EUR,EUR,1.0,paid,S.Fra /86 COUNTERPARTY_107415 Ef 1I-2601,COUNTERPARTY_107415
a5b9fc1a7906f1f8ad5c8a12fe543fbc,COMP_0001,invoice,2026-05-25,2026-06-24,2026-08-05 00:00:00,-3016.53,0.0,EUR,EUR,1.0,paid,S.Fra /106 COUNTERPARTY_23347 Ef 1RR/260.367,COUNTERPARTY_23347
aec6031d63e1b8a9927b8aac77eb3603,COMP_0793,invoice,2026-06-05,2026-06-05,2026-06-05 00:00:00,2135.87,2135.87,EUR,EUR,1.0,overdue,N.Fra TB2026F/377 COUNTERPARTY_48298 Ef 1,COUNTERPARTY_48298
b90bede256052e4c74277f036818e837,COMP_0793,invoice,2026-07-01,2026-08-30,2026-09-09 00:00:00,-219.35,0.0,EUR,EUR,1.0,paid,S.Fra /1571 COUNTERPARTY_42722 Ef 1F[NUM],COUNTERPARTY_42722
cfaf43aea7d5ef5ec66cb602f28c22fe,COMP_0001,invoice,2026-07-29,2026-07-29,2026-08-05 00:00:00,-151.6,0.0,EUR,EUR,1.0,paid,S.Fra /164 COUNTERPARTY_01678 Ef 1ES61F9[X],COUNTERPARTY_48241
d0c7caba62903e13fdfeeab32872a46a,COMP_0793,invoice,2026-03-27,2026-03-27,2026-03-27 00:00:00,1236.79,1236.79,EUR,EUR,1.0,overdue,N.Fra TB2026F/183 COUNTERPARTY_48877 Ef 1,COUNTERPARTY_48877
dbbc2ce8f01bca585f4699b1ba7623bf,COMP_0793,invoice,2026-02-06,2026-03-08,2026-03-10 00:00:00,-62.92,0.0,EUR,EUR,1.0,paid,S.Fra /297 COUNTERPARTY_50327 Ef [NUM],COUNTERPARTY_50327
dfb11a8f8fd5596b861cce790b5c05be,COMP_0793,invoice,2026-06-02,2026-07-02,2026-07-22 00:00:00,99.99,0.0,EUR,EUR,1.0,paid,S.Fra /1626 COUNTERPARTY_07226 Ef 1ES6X666ABEI,COUNTERPARTY_18040
e5161e6afa37f136b94f626adc85bbb1,COMP_0793,invoice,2026-06-15,2026-07-15,2026-07-22 00:00:00,-29.92,0.0,EUR,EUR,1.0,paid,S.Fra /1418 COUNTERPARTY_07226 Ef 1ES613[X],COUNTERPARTY_18040
10474d9428ece7c340694e527678e008,COMP_0793,invoice,2026-07-01,2026-07-01,2026-07-20 00:00:00,-217.8,0.0,EUR,EUR,1.0,paid,S.Fra /1483 COUNTERPARTY_07284 Ef 12.151,COUNTERPARTY_07284
2acb762d54ea5c268e399f487b905f95,COMP_0793,invoice,2026-02-25,2026-02-25,2026-04-09 00:00:00,28143.92,0.0,EUR,EUR,1.0,paid,N.Fra TB2026F/90 COUNTERPARTY_47852 Ef 1,COUNTERPARTY_47852
3394cede1c84b7ecd54651edf2e70067,COMP_0793,invoice,2026-07-07,2026-07-07,2026-09-10 00:00:00,-184.44,0.0,EUR,EUR,1.0,paid,S.Fra /1538 [COMPANY] Ef [REF],COUNTERPARTY_21065
525bab52fd1ece412c913c374e701cde,COMP_0793,invoice,2026-03-10,2026-03-10,2026-07-20 00:00:00,785.29,0.0,EUR,EUR,1.0,paid,N.Fra TB2026F/145 COUNTERPARTY_21959 Ef 1,COUNTERPARTY_21959
5eb456d2818ef979ac4922f106859ff0,COMP_0793,invoice,2026-08-18,2026-09-17,2026-09-17 00:00:00,-316.29,-316.29,EUR,EUR,1.0,pending,S.Fra /1984 COUNTERPARTY_00496 Ef 1ES61J6[X],COUNTERPARTY_107694
b296082448e6a9c20d42c08bb7283bb6,COMP_0793,invoice,2026-07-02,2026-08-01,2026-08-06 00:00:00,-209.97,0.0,EUR,EUR,1.0,paid,S.Fra /1469 COUNTERPARTY_10795 Ef [TAXID],COUNTERPARTY_23778
ba8420521e768c8ab432ff16ff155eff,COMP_0793,invoice,2026-05-04,2026-06-03,2026-06-22 00:00:00,-384.78,0.0,EUR,EUR,1.0,paid,S.Fra /852 COUNTERPARTY_107847 Ef 1A-[NUM],COUNTERPARTY_107847
c3b999e4b36bc0a472cb1c800319b0b4,COMP_0793,invoice,2025-11-18,2025-12-18,2026-07-22 00:00:00,-5.07,0.0,EUR,EUR,1.0,paid,S.Fra /1764 COUNTERPARTY_07226 Ef 1ES51NH2[X],COUNTERPARTY_18040
cb19840367a1d7f8766e7433d517c909,COMP_0793,invoice,2026-07-23,2026-07-23,2026-07-23 00:00:00,13514.49,13514.49,EUR,EUR,1.0,overdue,N.Fra TB2026F/515 COUNTERPARTY_47852 Ef 1,COUNTERPARTY_47852
e5219a4a44de7f914379961eda55dc2e,COMP_0793,invoice,2026-05-18,2026-06-17,2026-06-22 00:00:00,-163.08,0.0,EUR,EUR,1.0,paid,S.Fra /966 COUNTERPARTY_48090 Ef 1GR26-92027,COUNTERPARTY_48090
fe36ffde1bab72884e5bd80bd2a3ba37,COMP_0793,invoice,2026-03-02,2026-04-01,2026-04-09 00:00:00,-13.95,0.0,EUR,EUR,1.0,paid,S.Fra /414 COUNTERPARTY_11579 Ef 12026/21/001139,COUNTERPARTY_11579
0a4d33cb8e89cf52ad3781a081f23867,COMP_0793,invoice,2026-02-20,2026-02-20,2026-04-13 00:00:00,-1955.18,0.0,EUR,EUR,1.0,paid,S.Fra /501 COUNTERPARTY_107973 Ef 102753,COUNTERPARTY_107973
0ceb30528c7a52a5f3a13f0dc9dc1c08,COMP_0793,invoice,2026-06-10,2026-07-10,2026-06-22 00:00:00,-14.03,0.0,EUR,EUR,1.0,paid,S.Fra /1222 COUNTERPARTY_18477 Ef [NUM]/AV,COUNTERPARTY_31747
1c3cd67aa97db544a9c2242fd040b0ee,COMP_0793,invoice,2026-03-26,2026-03-26,2026-04-13 00:00:00,-437.94,0.0,EUR,EUR,1.0,paid,S.Fra /551 COUNTERPARTY_63344 Ef 1FV/RD/26/[NUM],COUNTERPARTY_63344
2f3d68a0c068eaa9356b2fa82804e8c3,COMP_0793,invoice,2026-08-31,2026-08-31,2026-08-31 00:00:00,-278.91,-278.91,EUR,EUR,1.0,overdue,S.Fra /2010 COUNTERPARTY_97947 Ef 12026-814,COUNTERPARTY_97947
3b9f7ea2d29758cfad92c4706addef30,COMP_0001,invoice,2026-07-23,2026-07-23,2026-09-07 00:00:00,316.31,0.0,EUR,EUR,1.0,paid,N.Fra TB2026F/57 [COMPANY] Ef 1,COUNTERPARTY_03903
42b11a52ee0938dff2f0745d6c443b17,COMP_0793,invoice,2026-07-07,2026-07-07,2026-07-20 00:00:00,-614.2,0.0,EUR,EUR,1.0,paid,S.Fra /1520 COUNTERPARTY_30566 Ef [NUM],COUNTERPARTY_30566
4e80b519b2003a2c1a5e1d9c76b538ad,COMP_0001,invoice,2026-05-15,2026-06-14,2026-06-13 00:00:00,-125.69,0.0,EUR,EUR,1.0,paid,S.Fra /92 COUNTERPARTY_24926 Ef [NUM]/5/26/000387,COUNTERPARTY_55414
5484713d748f34d10c115878357633df,COMP_0793,invoice,2026-09-01,2026-10-01,2026-10-01 00:00:00,-74.17,-74.17,EUR,EUR,1.0,pending,S.Fra /2048 COUNTERPARTY_06729 Ef 1FV260635,COUNTERPARTY_06729
65d58a5138be420ab6a69cf82618d62f,COMP_0793,invoice,2026-08-31,2026-08-31,2026-08-31 00:00:00,-201.16,-201.16,EUR,EUR,1.0,overdue,S.Fra /1970 COUNTERPARTY_56541 Ef 126/4486,COUNTERPARTY_56541
68ca99e09c11bddb6bb802a61849f69f,COMP_0793,invoice,2026-07-09,2026-07-09,2026-08-06 00:00:00,-1659.15,0.0,EUR,EUR,1.0,paid,S.Fra /1539 COUNTERPARTY_42909. Ef 126/1765,COUNTERPARTY_42909
702af0bd14cc371582e6e72e83e9da33,COMP_0793,invoice,2026-04-27,2026-04-27,2026-06-24 00:00:00,16826.21,0.0,EUR,EUR,1.0,paid,N.Fra TB2026F/231 COUNTERPARTY_49391 Ef 1,COUNTERPARTY_49391
8a458850247d4b5fa14d94b7dd8e30c6,COMP_0793,invoice,2026-05-31,2026-06-30,2026-06-22 00:00:00,-221.43,0.0,EUR,EUR,1.0,paid,S.Fra /1232 COUNTERPARTY_27660 Ef 1A/26048,COUNTERPARTY_27660
96652b9f1de6839bd9a30b08cacf8433,COMP_0793,invoice,2026-06-06,2026-06-06,2026-06-06 00:00:00,-239.88,-239.88,EUR,EUR,1.0,overdue,S.Fra /[COMPANY] Ef [REF],COUNTERPARTY_18441
9aa44b809f57eb8c267667d5ed6460a4,COMP_0001,invoice,2026-06-23,2026-07-23,2026-07-08 00:00:00,-7260.0,0.0,EUR,EUR,1.0,paid,S.Fra /129 COUNTERPARTY_26899 Ef 112,COUNTERPARTY_26899
a82152a40bf82f6ebaf5e443de23e2c9,COMP_0793,invoice,2026-02-05,2026-03-07,2026-04-13 00:00:00,-489.24,0.0,EUR,EUR,1.0,paid,S.Fra /287 COUNTERPARTY_22217 Ef 12026/AA/[NUM],COUNTERPARTY_22217
b076a6ed9a858572b0d96d466bf795cf,COMP_0793,invoice,2026-05-19,2026-06-18,2026-05-21 00:00:00,-127.74,0.0,EUR,EUR,1.0,paid,S.Fra /953 COUNTERPARTY_47799 Ef [NUM],COUNTERPARTY_47799
b08ee56cb59085b62e53e7316681473e,COMP_0793,invoice,2026-02-27,2026-02-27,2026-04-13 00:00:00,-180.0,0.0,EUR,EUR,1.0,paid,S.Fra /589 COUNTERPARTY_65284 Ef 126052,COUNTERPARTY_65284
dc61648410f1b73cd8e5ed6218167615,COMP_0793,invoice,2026-06-30,2026-07-30,2026-07-20 00:00:00,-48.04,0.0,EUR,EUR,1.0,paid,S.Fra /1462 COUNTERPARTY_48443 Ef [NUM],COUNTERPARTY_48443
ddd2bc555ab344b38e4952ed9209b16f,COMP_0793,invoice,2026-02-26,2026-02-26,2026-02-26 00:00:00,448.91,448.91,EUR,EUR,1.0,overdue,N.Fra TB2026F/127 COUNTERPARTY_48877 Ef 1,COUNTERPARTY_48877
ddf07631d20122aecda5a1fd8763976b,COMP_0793,invoice,2026-03-11,2026-03-11,2026-07-20 00:00:00,-203.13,0.0,EUR,EUR,1.0,paid,S.Fra /1313 COUNTERPARTY_108311 Ef 1F26-260505,COUNTERPARTY_108311
f2396223beacb40a68e3e03d154c4ef6,COMP_0793,invoice,2026-04-27,2026-04-27,2026-06-24 00:00:00,17320.84,0.0,EUR,EUR,1.0,paid,N.Fra TB2026F/234 COUNTERPARTY_49692 Ef 1,COUNTERPARTY_49692
fab235774964f47ac219324a4e8c431a,COMP_0793,invoice,2026-06-24,2026-07-24,2026-07-20 00:00:00,-107.0,0.0,EUR,EUR,1.0,paid,S.Fra /1299 COUNTERPARTY_108362 Ef 1RES/126067,COUNTERPARTY_108362
10293d86e53e0896f892c5985991011a,COMP_0793,invoice,2026-04-28,2026-04-28,2026-06-22 00:00:00,-0.3,0.0,EUR,EUR,1.0,paid,S.Fra /816 COUNTERPARTY_00061 Ef [REF],COUNTERPARTY_22769
1c0dfcd430b71ae995f89a82af30d3f8,COMP_0793,invoice,2026-05-26,2026-06-25,2026-07-22 00:00:00,-167.27,0.0,EUR,EUR,1.0,paid,S.Fra /1092 COUNTERPARTY_07226 Ef 1ES6[X]0ABEI,COUNTERPARTY_18040
1d88e975c2aa31b877232c7c3d1462a9,COMP_0793,invoice,2026-03-06,2026-04-05,2026-05-21 00:00:00,-617.1,0.0,EUR,EUR,1.0,paid,S.Fra /702 COUNTERPARTY_50327 Ef [NUM],COUNTERPARTY_50327
33085ab8149e3771c3b5ef55f43257bd,COMP_0793,invoice,2026-03-25,2026-03-25,2026-05-21 00:00:00,-388.74,0.0,EUR,EUR,1.0,paid,S.Fra /634 COUNTERPARTY_07783 Ef [NUM],COUNTERPARTY_49066
7e19582dcb5aebc887617ce49f5aad5d,COMP_0793,invoice,2026-04-10,2026-05-10,2026-07-20 00:00:00,-9.46,0.0,EUR,EUR,1.0,paid,S.Fra /766 COUNTERPARTY_108563 Ef [NUM]-[NUM],COUNTERPARTY_108563
82b3918e4a89773acbdf0e790fc3b2cc,COMP_0793,invoice,2026-06-18,2026-06-18,2026-07-20 00:00:00,-832.48,0.0,EUR,EUR,1.0,paid,S.Fra /1285 COUNTERPARTY_53905 Ef 116.292,COUNTERPARTY_53905
a048953f8c5c7d349e7360cb56e509d6,COMP_0793,invoice,2026-02-26,2026-02-26,2026-04-09 00:00:00,294.71,0.0,EUR,EUR,1.0,paid,N.Fra TB2026F/121 COUNTERPARTY_15358 Ef 1,COUNTERPARTY_15358
c21cfc1d491f628e21211ece1ba7a140,COMP_0001,invoice,2026-04-30,2026-05-30,2026-06-13 00:00:00,-105.22,0.0,EUR,EUR,1.0,paid,S.Fra /74 COUNTERPARTY_07183 Ef 1L/26/[NUM],COUNTERPARTY_50543
c40457150d8025944a4364feaebcd3fb,COMP_0793,invoice,2026-08-31,2026-08-31,2026-08-31 00:00:00,5650.51,5650.51,EUR,EUR,1.0,overdue,N.Fra TB2026F/577 COUNTERPARTY_49391 Ef 1,COUNTERPARTY_49391
caf04891cda53695d156c81a04670ca1,COMP_0793,invoice,2026-05-06,2026-05-06,2026-06-22 00:00:00,-0.61,0.0,EUR,EUR,1.0,paid,S.Fra /1186 COUNTERPARTY_00061 Ef [REF],COUNTERPARTY_22769
d0a5a239104c711c83865c647165f251,COMP_0793,invoice,2026-04-30,2026-04-30,2026-05-21 00:00:00,-968.0,0.0,EUR,EUR,1.0,paid,S.Fra /762 COUNTERPARTY_49814 Ef 138/2026,COUNTERPARTY_49814
e1b591d4efa6767484a0e820a0088ca8,COMP_0793,invoice,2026-05-08,2026-05-08,2026-09-10 00:00:00,-104.48,0.0,EUR,EUR,1.0,paid,S.Fra /898 [COMPANY] Ef [REF],COUNTERPARTY_21065
e939e2271845a02393e31df11ea3270d,COMP_0793,invoice,2026-04-22,2026-04-22,2026-06-22 00:00:00,-127.2,0.0,EUR,EUR,1.0,paid,S.Fra /855 COUNTERPARTY_54547 Ef 1F/2026/4,COUNTERPARTY_54547
e98cdb371167732a577caa044b745851,COMP_0793,invoice,2026-07-31,2026-08-30,2026-08-06 00:00:00,-24870.68,0.0,EUR,EUR,1.0,paid,S.Fra /1824 COUNTERPARTY_07215 Ef 1181,COUNTERPARTY_07215
eb0337b208f1990f988af6cfc5529a8f,COMP_0793,invoice,2026-04-21,2026-04-21,2026-05-21 00:00:00,-693.28,0.0,EUR,EUR,1.0,paid,S.Fra /741 COUNTERPARTY_33161 Ef 1S26/1619,COUNTERPARTY_47731
f3adda8fcf6a6903875add47f38712d0,COMP_0793,invoice,2026-01-02,2026-01-02,2026-07-20 00:00:00,-7.26,0.0,EUR,EUR,1.0,paid,S.Fra /1248 COUNTERPARTY_96621 Ef [NUM],COUNTERPARTY_96621
fb7696fd156dc8ec1e7785fcaedd02d5,COMP_0793,invoice,2025-09-05,2025-09-05,2026-06-22 00:00:00,-32.39,0.0,EUR,EUR,1.0,paid,S.Fra /903 COUNTERPARTY_44986 Ef 1L22200,COUNTERPARTY_44986
ff88dd9bfa01f86b27430d3348f0ec4b,COMP_0793,invoice,2026-03-25,2026-03-25,2026-04-09 00:00:00,752.25,0.0,EUR,EUR,1.0,paid,N.Fra TB2026F/164 COUNTERPARTY_15509. Ef 1,COUNTERPARTY_15509
071ef9fd9e9c46ff1bd5b27dfdc7fa59,COMP_0793,invoice,2026-01-27,2026-01-27,2026-01-27 00:00:00,743.05,743.05,EUR,EUR,1.0,overdue,N.Fra TB2026F/38 COUNTERPARTY_48877 Ef 1,COUNTERPARTY_48877
0f70678395f72196b737691c99eff6c2,COMP_0793,invoice,2026-07-15,2026-07-15,2026-08-06 00:00:00,-2773.61,0.0,EUR,EUR,1.0,paid,S.Fra /1543 COUNTERPARTY_42909. Ef 126/1815,COUNTERPARTY_42909
170465d0c2d18172eb6c76a8aa524c10,COMP_0793,invoice,2026-02-25,2026-02-25,2026-04-13 00:00:00,-32085.0,0.0,EUR,EUR,1.0,paid,S.Fra /339 [COMPANY] Ef 118,COUNTERPARTY_22440
3115549ada46ad715b57853235d60a71,COMP_0793,invoice,2026-04-10,2026-06-09,2026-06-22 00:00:00,-14.36,0.0,EUR,EUR,1.0,paid,S.Fra /743 COUNTERPARTY_42722 Ef 1F[NUM],COUNTERPARTY_42722
3c1c10bb044980a155e33143d51cbf64,COMP_0793,invoice,2026-03-25,2026-03-25,2026-04-13 00:00:00,-30555.71,0.0,EUR,EUR,1.0,paid,S.Fra /550 [COMPANY] Ef 120,COUNTERPARTY_22440
41a660b597a82c2ce95a2b39772893d7,COMP_0793,invoice,2026-03-25,2026-03-25,2026-04-13 00:00:00,-293.69,0.0,EUR,EUR,1.0,paid,S.Fra /568 [COMPANY] Ef 128,COUNTERPARTY_22440
43e1e998197a68298a69cf35a7d7892a,COMP_0793,invoice,2026-01-27,2026-02-26,2026-03-10 00:00:00,-655.8,0.0,EUR,EUR,1.0,paid,S.Fra /119 COUNTERPARTY_48090 Ef 191439,COUNTERPARTY_48090
c33da7234ec2f0292cff70a62cf713d8,COMP_0793,invoice,2026-06-03,2026-06-03,2026-07-20 00:00:00,28896.77,0.0,EUR,EUR,1.0,paid,N.Fra TB2026F/371 COUNTERPARTY_10380 Ef 1,COUNTERPARTY_10380
d0df96ffe7d0811c88262d19088634c6,COMP_0001,invoice,2026-01-02,2026-01-02,2026-05-20 00:00:00,550.55,0.0,EUR,EUR,1.0,paid,N.Fra TB2026F/3 [COMPANY] Ef 1,COUNTERPARTY_03903
116618d9ab12de60df14d0d7a37c4f3d,COMP_0793,invoice,2026-06-30,2026-06-30,2026-07-22 00:00:00,-20.06,0.0,EUR,EUR,1.0,paid,S.Fra /1452 COUNTERPARTY_07226 Ef 1ES61842GABEI,COUNTERPARTY_18040
552700aed609b521290fcc2891ec076b,COMP_0793,invoice,2026-08-03,2026-08-03,2026-08-06 00:00:00,-2448.0,0.0,EUR,EUR,1.0,paid,S.Fra /1776 COUNTERPARTY_16268. Ef 1TB-2026-F30,COUNTERPARTY_16268
64da23d1cae0c7da93c10772781278c3,COMP_0001,invoice,2026-04-30,2026-05-30,2026-09-07 00:00:00,-35.0,0.0,EUR,EUR,1.0,paid,S.Fra /189 COUNTERPARTY_97962 Ef 1F1-1144,COUNTERPARTY_97962
6921bde4a257c1c70235cf697777d762,COMP_0793,invoice,2025-06-20,2025-07-20,2026-07-22 00:00:00,-83.99,0.0,EUR,EUR,1.0,paid,S.Fra /613 COUNTERPARTY_07226 Ef 1ES51[X],COUNTERPARTY_18040
82a0575d07590587d7387b860a88a887,COMP_0793,invoice,2026-03-28,2026-03-28,2026-04-10 00:00:00,-347.69,0.0,EUR,EUR,1.0,paid,S.Fra /579 [COMPANY]. Ef [NUM],COUNTERPARTY_27469
87de6adaba586e17c941bb8438fa2920,COMP_0793,invoice,2026-05-19,2026-06-18,2026-07-15 00:00:00,-33.28,0.0,EUR,EUR,1.0,paid,S.Fra /945 COUNTERPARTY_10160 Ef [NUM],COUNTERPARTY_35185
91f9c4aba13f90cba6de6f2caf3e7e96,COMP_0001,invoice,2026-07-09,2026-07-09,2026-09-07 00:00:00,5662.87,0.0,EUR,EUR,1.0,paid,N.Fra TB2026F/55 [COMPANY] Ef 1,COUNTERPARTY_03903
a129fc02a6e9d2e61bb9f7e45abc0b53,COMP_0793,invoice,2025-03-23,2025-04-22,2026-07-22 00:00:00,-18.99,0.0,EUR,EUR,1.0,paid,S.Fra /268 COUNTERPARTY_07226 Ef 1ES5[X],COUNTERPARTY_18040
a9a89e38561ba91f47c17f665f76c0ab,COMP_0793,invoice,2026-03-27,2026-04-26,2026-09-10 00:00:00,-267.85,0.0,EUR,EUR,1.0,paid,S.Fra /622 COUNTERPARTY_33224 Ef 12026/[NUM],COUNTERPARTY_35897
aa3ba4a4f34993390d2ac872fd5dd7c3,COMP_0793,invoice,2026-04-27,2026-05-27,2026-06-24 00:00:00,1080.58,0.0,EUR,EUR,1.0,paid,N.Fra TB2026F/228 COUNTERPARTY_49557 Ef 1,COUNTERPARTY_49557
b0307f720935cfbd4f41a91aed7024b7,COMP_0793,invoice,2026-05-29,2026-05-29,2026-06-22 00:00:00,-222.25,0.0,EUR,EUR,1.0,paid,S.Fra /1020 COUNTERPARTY_97947 Ef 12026-540,COUNTERPARTY_97947
b72aa8710d2fe8996e2b8005da6afa5d,COMP_0878,invoice,2026-07-22,2026-07-22,2026-07-22 00:00:00,668.23,668.23,EUR,EUR,1.0,overdue,N.Fra TB2026F/6 COUNTERPARTY_06599 Ef 1,COUNTERPARTY_06599
e14b7a2cb4fb8ad48b51184bcadb8f20,COMP_0793,invoice,2026-06-25,2026-06-25,2026-07-22 00:00:00,-65.99,0.0,EUR,EUR,1.0,paid,S.Fra /1346 COUNTERPARTY_07226 Ef 1ES616O9BABEI,COUNTERPARTY_18040
e6a10f4682d8335d4ee8591ed22c76a1,COMP_0793,invoice,2026-05-29,2026-06-27,2026-06-24 00:00:00,160.64,0.0,EUR,EUR,1.0,paid,N.Fra TB2026F/339 COUNTERPARTY_54687 Ef 1,COUNTERPARTY_54687
efc54df36a4e1fa53a3545fe30fe370e,COMP_0001,invoice,2026-05-04,2026-06-03,2026-05-20 00:00:00,-75.0,0.0,EUR,EUR,1.0,paid,S.Fra /79 COUNTERPARTY_17285 Ef [NUM],COUNTERPARTY_17285
f82628ceb6e6863bfd1957afbdb7524e,COMP_0793,invoice,2026-03-31,2026-03-31,2026-04-13 00:00:00,-463.43,0.0,EUR,EUR,1.0,paid,S.Fra /685 COUNTERPARTY_30606 Ef 1S26/120,COUNTERPARTY_30606
fc83b400ca8fe0503295838148b5c518,COMP_0793,invoice,2026-05-27,2026-05-27,2026-06-22 00:00:00,-937.99,0.0,EUR,EUR,1.0,paid,S.Fra /1094 COUNTERPARTY_10301 Ef 1FV[NUM],COUNTERPARTY_10301
feff9a80fc0c2dc5ee70511b9c2ea36c,COMP_0793,invoice,2026-02-26,2026-02-26,2026-04-09 00:00:00,3760.05,0.0,EUR,EUR,1.0,paid,N.Fra TB2026F/128 COUNTERPARTY_03512 Ef 1,COUNTERPARTY_03512
014a18c605845161db1d426651bdc530,COMP_0793,invoice,2026-06-05,2026-07-05,2026-07-22 00:00:00,-5.49,0.0,EUR,EUR,1.0,paid,S.Fra /1352 COUNTERPARTY_07226 Ef 1ES6119[X],COUNTERPARTY_18040
0e7d5c1491268a262e7a4f56f00e4541,COMP_0793,invoice,2026-04-28,2026-04-28,2026-04-28 00:00:00,448.91,448.91,EUR,EUR,1.0,overdue,N.Fra TB2026F/264 COUNTERPARTY_48877 Ef 1,COUNTERPARTY_48877
14f0edfad358a786e845cf445458dd69,COMP_0793,invoice,2025-10-31,2025-11-30,2026-04-13 00:00:00,-51.82,0.0,EUR,EUR,1.0,paid,S.Fra /468 COUNTERPARTY_51927 Ef 1DO/384,COUNTERPARTY_51927
3ec026f885d7e29c1ca91949a9d8bf93,COMP_0793,invoice,2026-06-02,2026-06-02,2026-07-20 00:00:00,182.71,0.0,EUR,EUR,1.0,paid,N.Fra TB2026F/368 COUNTERPARTY_29645 Ef 1,COUNTERPARTY_33449
587273fbd45467cd191d0f3482def406,COMP_0793,invoice,2026-06-30,2026-07-30,2026-08-06 00:00:00,-170.21,0.0,EUR,EUR,1.0,paid,S.Fra /1428 COUNTERPARTY_10436 Ef [NUM],COUNTERPARTY_10436
6dcba2c24e3503e3b4bae13bc5e119f4,COMP_0793,invoice,2026-06-23,2026-06-23,2026-08-06 00:00:00,-20.0,0.0,EUR,EUR,1.0,paid,S.Fra /1329 COUNTERPARTY_07783 Ef [NUM],COUNTERPARTY_49066
6ecbfa0ae1f11dfff1155d9679a40f07,COMP_0793,invoice,2026-08-24,2026-08-24,2026-08-24 00:00:00,-193.54,-193.54,EUR,EUR,1.0,overdue,S.Fra /1909 COUNTERPARTY_07783 Ef [NUM],COUNTERPARTY_49066
76197d5caeada015278b00a2fdb7796a,COMP_0793,invoice,2026-04-09,2026-04-09,2026-06-22 00:00:00,-1643.56,0.0,EUR,EUR,1.0,paid,S.Fra /729 COUNTERPARTY_11012 Ef 1INV/2026/214023,COUNTERPARTY_11012
8d971e92ea5a6a46d8f19db4585baaea,COMP_0793,invoice,2026-05-21,2026-06-20,2026-07-22 00:00:00,-99.99,0.0,EUR,EUR,1.0,paid,S.Fra /1087 COUNTERPARTY_07226 Ef 1ES6X666ABEI,COUNTERPARTY_18040
c36911b3da89bf254a3868e39a5316a5,COMP_0793,invoice,2026-08-31,2026-09-30,2026-09-30 00:00:00,-500.94,-500.94,EUR,EUR,1.0,pending,S.Fra /2044 COUNTERPARTY_30606 Ef 1S26/444,COUNTERPARTY_30606
c632cb694c0842109cab07be21a4d31d,COMP_0793,invoice,2026-07-29,2026-08-28,2026-09-09 00:00:00,-42.0,0.0,EUR,EUR,1.0,paid,S.Fra /1720 COUNTERPARTY_23748 Ef 1FV[NUM],COUNTERPARTY_23748
c6f5191de774f3a618bd2512d0366dce,COMP_0793,invoice,2026-05-29,2026-05-29,2026-06-22 00:00:00,-159.84,0.0,EUR,EUR,1.0,paid,S.Fra /1072 [COMPANY] Ef 144,COUNTERPARTY_22440
d2a9e6477f1896b6c9e161fdec5a686d,COMP_0793,invoice,2026-02-23,2026-02-23,2026-04-09 00:00:00,17452.77,0.0,EUR,EUR,1.0,paid,N.Fra TB2026F/82 COUNTERPARTY_49391 Ef 1,COUNTERPARTY_49391
d7600d0816b9725c71d15eea46b08536,COMP_0793,invoice,2026-01-26,2026-01-26,2026-04-13 00:00:00,-9680.0,0.0,EUR,EUR,1.0,paid,S.Fra /154 [COMPANY] Ef 110,COUNTERPARTY_22440
d805fb19691b3cc6b3f465ea37fee6c7,COMP_0001,invoice,2026-01-26,2026-01-26,2026-05-20 00:00:00,4537.5,0.0,EUR,EUR,1.0,paid,N.Fra TB2026F/7 [COMPANY] Ef 1,COUNTERPARTY_03903
eac4488a27bd0c73e3d40e5daffe91aa,COMP_0793,invoice,2026-05-05,2026-05-05,2026-07-20 00:00:00,26491.81,0.0,EUR,EUR,1.0,paid,N.Fra TB2026F/287 COUNTERPARTY_10380 Ef 1,COUNTERPARTY_10380
f144c483c7bce856f4bf80f99d9ee1f5,COMP_0793,invoice,2026-08-31,2026-09-30,2026-09-30 00:00:00,-46191.17,-46191.17,EUR,EUR,1.0,pending,S.Fra /2060 COUNTERPARTY_18583 Ef [REF],COUNTERPARTY_18583
f3ac5f072ae697b6fb6fe7b84b55e868,COMP_0793,invoice,2026-05-29,2026-05-29,2026-06-22 00:00:00,-125.96,0.0,EUR,EUR,1.0,paid,S.Fra /1073 [COMPANY] Ef 143,COUNTERPARTY_22440
f5f5c9d0e55f1e2dbc8a6eebd4090537,COMP_0793,invoice,2026-02-25,2026-02-25,2026-04-09 00:00:00,35783.46,0.0,EUR,EUR,1.0,paid,N.Fra TB2026F/89 COUNTERPARTY_47852 Ef 1,COUNTERPARTY_47852
f86fa92b5f9fc0d4c9b53b1a77490e8c,COMP_0793,invoice,2026-05-09,2026-06-08,2026-05-21 00:00:00,-155.41,0.0,EUR,EUR,1.0,paid,S.Fra /928 COUNTERPARTY_48090 Ef 1GR26-91989,COUNTERPARTY_48090
0a2cf661fe6fb501c65adfca790e0b13,COMP_0001,invoice,2026-02-28,2026-03-30,2026-06-13 00:00:00,-212.31,0.0,EUR,EUR,1.0,paid,S.Fra /35 COUNTERPARTY_07183 Ef 116559,COUNTERPARTY_50543
179cad66bf23c7d258d04f2085f9c9d9,COMP_0793,invoice,2026-07-22,2026-07-22,2026-07-22 00:00:00,18193.27,18193.27,EUR,EUR,1.0,overdue,N.Fra TB2026F/506 COUNTERPARTY_49391 Ef 1,COUNTERPARTY_49391
26f8a1b82fd9ff4830ba0b027dac0ecf,COMP_0793,invoice,2026-05-08,2026-06-07,2026-06-22 00:00:00,-8.48,0.0,EUR,EUR,1.0,paid,S.Fra /1083 COUNTERPARTY_07226 Ef 1ES6TU1JABEI,COUNTERPARTY_18040
35680237b9451d9724e44d3d400b32a4,COMP_0001,invoice,2026-07-09,2026-07-09,2026-09-07 00:00:00,6868.65,0.0,EUR,EUR,1.0,paid,N.Fra TB2026F/56 [COMPANY] Ef 1,COUNTERPARTY_03903
48085b171ad1d580673596ac1012d9fc,COMP_0793,invoice,2026-06-26,2026-06-26,2026-07-22 00:00:00,-27.18,0.0,EUR,EUR,1.0,paid,S.Fra /1447 COUNTERPARTY_07226 Ef 1ES6172V7ABEI,COUNTERPARTY_18040
4f10f86294de82e2d8bf2f8d2410a74f,COMP_0793,invoice,2026-04-27,2026-04-27,2026-06-24 00:00:00,87588.2,0.0,EUR,EUR,1.0,paid,N.Fra TB2026F/222 COUNTERPARTY_48298 Ef 1,COUNTERPARTY_48298
59ad661fb169506f77264dbd1c1b33c6,COMP_0793,invoice,2026-05-08,2026-05-08,2026-06-22 00:00:00,-87.28,0.0,EUR,EUR,1.0,paid,S.Fra /1054 COUNTERPARTY_07226 Ef 1ES6[X],COUNTERPARTY_18040
68744b300406beb3dc755aa0111b1f53,COMP_0001,invoice,2026-08-27,2026-09-26,2026-09-07 00:00:00,-226.88,0.0,EUR,EUR,1.0,paid,S.Fra /190 COUNTERPARTY_69093 Ef [NUM]/MT,COUNTERPARTY_110052
68c52adf52157fe8c55968036016535a,COMP_0793,invoice,2026-03-17,2026-04-16,2026-04-13 00:00:00,-1176.43,0.0,EUR,EUR,1.0,paid,S.Fra /514 COUNTERPARTY_53295 Ef 1AD374/26,COUNTERPARTY_53295
6bb9c83183bb82f88423b023207a829e,COMP_0793,invoice,2026-05-15,2026-05-15,2026-06-22 00:00:00,-2.12,0.0,EUR,EUR,1.0,paid,S.Fra /1174 COUNTERPARTY_00061 Ef [REF],COUNTERPARTY_22769
7e61e323d9a53ca03abf2d62574bdfe3,COMP_0793,invoice,2026-07-24,2026-07-24,2026-08-06 00:00:00,-8.49,0.0,EUR,EUR,1.0,paid,S.Fra /1764 COUNTERPARTY_07226 Ef 1ES61[X],COUNTERPARTY_18040
a47a7c31b56c3bf0e878a8ddd4f36e85,COMP_0793,invoice,2026-08-31,2026-08-31,2026-08-31 00:00:00,809.84,809.84,EUR,EUR,1.0,overdue,N.Fra TB2026F/557 COUNTERPARTY_49692 Ef 1,COUNTERPARTY_49692
e4f6e22ff2be155e94c5628875b51ed2,COMP_0793,invoice,2026-06-16,2026-07-16,2026-07-22 00:00:00,-19.3,0.0,EUR,EUR,1.0,paid,S.Fra /1419 COUNTERPARTY_07226 Ef 1ES614A0AABEI,COUNTERPARTY_18040
f663bd31c50af0da2f70449ae4acda2d,COMP_0793,invoice,2026-08-31,2026-08-31,2026-08-31 00:00:00,-174.48,-174.48,EUR,EUR,1.0,overdue,S.Fra /2026 COUNTERPARTY_53835 Ef 1025/20068,COUNTERPARTY_53835
0726904cb9a7f085b393255b64779639,COMP_0001,invoice,2026-08-31,2026-09-30,2026-09-30 00:00:00,-264.85,-264.85,EUR,EUR,1.0,pending,S.Fra /198 COUNTERPARTY_07183 Ef 193851,COUNTERPARTY_50543
14b4c3dfd167f243b57fcf17dc7c9615,COMP_0793,invoice,2026-05-31,2026-05-31,2026-08-06 00:00:00,-1714.06,0.0,EUR,EUR,1.0,paid,S.Fra /1683 COUNTERPARTY_10436 Ef 1FA126751,COUNTERPARTY_10436
174e90780a4657d9540954fd3d90e6d0,COMP_0793,invoice,2026-08-01,2026-08-01,2026-08-06 00:00:00,-29.04,0.0,EUR,EUR,1.0,paid,S.Fra /1805 COUNTERPARTY_06745 Ef [NUM],COUNTERPARTY_06745
2560fb423c58be5db3331bdc21da77c0,COMP_0001,invoice,2026-06-30,2026-07-30,2026-08-05 00:00:00,-87.73,0.0,EUR,EUR,1.0,paid,S.Fra /139 COUNTERPARTY_23347 Ef 1SC/260.140,COUNTERPARTY_23347
38b1ced285ee38526bcbe63807c1a458,COMP_0793,invoice,2026-06-23,2026-06-23,2026-08-06 00:00:00,-398.55,0.0,EUR,EUR,1.0,paid,S.Fra /1341 COUNTERPARTY_07783 Ef [NUM],COUNTERPARTY_49066
3d666b97538929a11ac19c9300c35e4c,COMP_0793,invoice,2026-01-26,2026-01-26,2026-04-13 00:00:00,-32726.87,0.0,EUR,EUR,1.0,paid,S.Fra /116 [COMPANY] Ef 16,COUNTERPARTY_22440
46cdbef2d46590861d1aeb2190544b6f,COMP_0793,invoice,2026-07-24,2026-07-24,2026-08-06 00:00:00,-0.3,0.0,EUR,EUR,1.0,paid,S.Fra /1678 COUNTERPARTY_00061 Ef 14753,COUNTERPARTY_22769
4f1c8fc5e7cc3bd846ff3095dea26dfc,COMP_0793,invoice,2026-05-29,2026-05-29,2026-09-15 23:59:59,34597.09,0.0,EUR,EUR,1.0,paid,N.Fra TB2026F/346 COUNTERPARTY_47852 Ef 1,COUNTERPARTY_47852
4fd35fcfa8a05d97cb799f918b5680a6,COMP_0793,invoice,2026-08-27,2026-09-26,2026-09-26 00:00:00,-56.02,-56.02,EUR,EUR,1.0,pending,S.Fra /1967 COUNTERPARTY_23748 Ef 1FV[NUM],COUNTERPARTY_23748
6d6f14e4979432ccf05a29872a1688d7,COMP_0793,invoice,2026-05-14,2026-05-14,2026-07-22 00:00:00,-15.25,0.0,EUR,EUR,1.0,paid,S.Fra /1057 COUNTERPARTY_07226 Ef 1ES6[X]5ABEI,COUNTERPARTY_18040
7c92bdeaea975e02d18554d4872ca601,COMP_0793,invoice,2026-03-31,2026-04-30,2026-04-09 00:00:00,-41.65,0.0,EUR,EUR,1.0,paid,S.Fra /583 COUNTERPARTY_07226 Ef 1ES6L4[X],COUNTERPARTY_18040
960baeea2307a4e5634bbf578de6231f,COMP_0001,invoice,2026-06-25,2026-07-25,2026-08-05 00:00:00,3662.67,0.0,EUR,EUR,1.0,paid,S.Fra /134 COUNTERPARTY_23347 Ef 1A/260.047,COUNTERPARTY_23347
98f677c2d8b735dcf91da5a606cc301d,COMP_0793,invoice,2026-06-02,2026-07-02,2026-07-22 00:00:00,99.99,0.0,EUR,EUR,1.0,paid,S.Fra /1625 COUNTERPARTY_07226 Ef 1ES6X65CABEI,COUNTERPARTY_18040
9d60bb841f849b59cdfe8a1147f9514a,COMP_0793,invoice,2026-01-07,2026-02-06,2026-07-22 00:00:00,-19.48,0.0,EUR,EUR,1.0,paid,S.Fra /16 COUNTERPARTY_07226 Ef 1ES6OL2ABEI,COUNTERPARTY_18040
b51ef137596071ae2b3478119feee1f8,COMP_0878,invoice,2026-03-12,2026-03-12,2026-04-09 00:00:00,1019.99,0.0,EUR,EUR,1.0,paid,N.Fra TB2026F/1 COUNTERPARTY_06599 Ef 1,COUNTERPARTY_06599
bd114187c08a066742316834049d2871,COMP_0793,invoice,2026-05-28,2026-05-28,2026-06-22 00:00:00,-943.8,0.0,EUR,EUR,1.0,paid,S.Fra /1117 COUNTERPARTY_30640 Ef [NUM],COUNTERPARTY_30640
dc13996879b9741d9362ae10feed57f5,COMP_0793,invoice,2026-08-17,2026-09-16,2026-09-16 00:00:00,-833.15,-833.15,EUR,EUR,1.0,pending,S.Fra /1981 COUNTERPARTY_51965 Ef 12026A/3719,COUNTERPARTY_57664
2b1518f4040514a6ae1825c3fab96437,COMP_0001,invoice,2026-05-29,2026-06-28,2026-06-12 00:00:00,-7260.0,0.0,EUR,EUR,1.0,paid,S.Fra /108 COUNTERPARTY_26899 Ef 110,COUNTERPARTY_26899
3ba88400554cca741a983d9d11403bc4,COMP_0793,invoice,2026-04-23,2026-05-23,2026-05-21 00:00:00,-7.51,0.0,EUR,EUR,1.0,paid,S.Fra /859 COUNTERPARTY_07226 Ef 1ES6QC20ABEI,COUNTERPARTY_18040
3e6891a8a6a7681b750d70c273215189,COMP_0793,invoice,2026-07-02,2026-07-02,2026-08-06 00:00:00,-0.61,0.0,EUR,EUR,1.0,paid,S.Fra /1704 COUNTERPARTY_00061 Ef [REF],COUNTERPARTY_22769
40f7b6ae18357e912f661628bba623e4,COMP_0793,invoice,2026-05-17,2026-06-16,2026-06-22 00:00:00,-1409.76,0.0,EUR,EUR,1.0,paid,S.Fra /965 COUNTERPARTY_18405 Ef 1FVT26-33659,COUNTERPARTY_18405
428be6c3bb68775257827571c9cfa8d9,COMP_0793,invoice,2026-03-16,2026-04-15,2026-05-20 00:00:00,-261.89,0.0,EUR,EUR,1.0,paid,S.Fra /687 COUNTERPARTY_18583 Ef 12027,COUNTERPARTY_18583
5248eaba33349683cfc0b90a166f0e96,COMP_0001,invoice,2026-04-05,2026-05-05,2026-06-13 00:00:00,-102.06,0.0,EUR,EUR,1.0,paid,S.Fra /55 COUNTERPARTY_24926 Ef [NUM]/5/26/000218,COUNTERPARTY_55414
74baf09d3528e7d35ef8b464a322506b,COMP_0793,invoice,2026-07-07,2026-07-07,2026-08-06 00:00:00,-1306.67,0.0,EUR,EUR,1.0,paid,S.Fra /1589 COUNTERPARTY_44962 Ef 15467,COUNTERPARTY_44962
865d917130e8c20ca0e04feb0662b440,COMP_0793,invoice,2026-05-14,2026-06-13,2026-07-22 00:00:00,-17.9,0.0,EUR,EUR,1.0,paid,S.Fra /1033 COUNTERPARTY_07226 Ef 1ES6[X]1ABEI,COUNTERPARTY_18040
8a61270ea786e709b2154bb56010daa8,COMP_0793,invoice,2026-09-01,2026-10-01,2026-10-01 00:00:00,-675.0,-675.0,EUR,EUR,1.0,pending,S.Fra /1935 COUNTERPARTY_07226 Ef 1ES61M7[X],COUNTERPARTY_18040
9aab37e7972075ef9aaeced8345299ec,COMP_0793,invoice,2026-08-20,2026-08-20,2026-08-20 00:00:00,-0.61,-0.61,EUR,EUR,1.0,overdue,S.Fra /1986 COUNTERPARTY_00061 Ef [REF],COUNTERPARTY_22769
9b188f7622af7baec8fa33b9ab40981e,COMP_0793,invoice,2025-11-27,2025-11-27,2025-11-27 00:00:00,520.69,520.69,EUR,EUR,1.0,overdue,N.Fra TB2025F/541 COUNTERPARTY_48877 Ef 1,COUNTERPARTY_48877
9f220eb5895dee6fdb218de94ed69de0,COMP_0793,invoice,2026-03-25,2026-03-25,2026-04-13 00:00:00,-322.5,0.0,EUR,EUR,1.0,paid,S.Fra /557 [COMPANY] Ef 127,COUNTERPARTY_22440
9fb8d8e48fb36820633b93744fd24891,COMP_0793,invoice,2026-03-04,2026-04-03,2026-04-13 00:00:00,-32.01,0.0,EUR,EUR,1.0,paid,S.Fra /475 COUNTERPARTY_10160 Ef 1F[NUM],COUNTERPARTY_35185
b14555046a634a612733a198e54c7384,COMP_0793,invoice,2025-10-28,2025-10-28,2026-06-24 00:00:00,414.27,0.0,EUR,EUR,1.0,paid,N.Fra TB2025F/475 COUNTERPARTY_48877 Ef 1,COUNTERPARTY_48877
b8506499ea8479ac5322f987ad0185fa,COMP_0793,invoice,2026-07-09,2026-08-08,2026-07-22 00:00:00,-20.77,0.0,EUR,EUR,1.0,paid,S.Fra /1631 COUNTERPARTY_07226 Ef 1ES61AN9RABEI,COUNTERPARTY_18040
ba03cbe606efbe9e418c3c7cd10d4c03,COMP_0001,invoice,2026-08-06,2026-08-06,2026-08-06 00:00:00,62920.0,62920.0,EUR,EUR,1.0,overdue,N.Fra TB2026F/64 COUNTERPARTY_29645 Ef 1,COUNTERPARTY_29645
c5196a688a441bcc1de59be49c886b66,COMP_0793,invoice,2026-07-31,2026-07-31,2026-07-31 00:00:00,-454.98,-454.98,EUR,EUR,1.0,overdue,S.Fra /1785 COUNTERPARTY_10436 Ef 1FA127893,COUNTERPARTY_10436
c53bc945a569fdc34d2d7c7e2b583596,COMP_0001,invoice,2026-08-22,2026-09-21,2026-09-07 00:00:00,-200.13,0.0,EUR,EUR,1.0,paid,S.Fra /[COMPANY] Ef 1ZB26-[NUM],COUNTERPARTY_28286
c762ff115942775190c1856239a4d9b1,COMP_0793,invoice,2026-06-02,2026-06-02,2026-07-20 00:00:00,249.62,0.0,EUR,EUR,1.0,paid,N.Fra TB2026F/363 COUNTERPARTY_29645 Ef 1,COUNTERPARTY_33449
c89b4dcdcad2037e175ab2084b09e7f9,COMP_0001,invoice,2026-05-12,2026-05-12,2026-06-12 00:00:00,-1869.05,0.0,EUR,EUR,1.0,paid,S.Fra /90 COUNTERPARTY_27064 Ef 1F26/0142,COUNTERPARTY_27064
c8ef07a721b94ad7125c6d328be9a52e,COMP_0793,invoice,2026-07-17,2026-08-16,2026-08-06 00:00:00,-82.03,0.0,EUR,EUR,1.0,paid,S.Fra /1739 COUNTERPARTY_48052 Ef 1A373864,COUNTERPARTY_48052
cd811ff0886622807666bd9a2a921a83,COMP_0793,invoice,2026-04-26,2026-05-26,2026-05-21 00:00:00,-307.53,0.0,EUR,EUR,1.0,paid,S.Fra /809 COUNTERPARTY_48090 Ef 1GR26-91878,COUNTERPARTY_48090
f2e3610b1cd76e70ba40463941d4f51d,COMP_0793,invoice,2026-05-29,2026-05-29,2026-07-20 00:00:00,5740.88,0.0,EUR,EUR,1.0,paid,N.Fra TB2026F/355 COUNTERPARTY_49692 Ef 1,COUNTERPARTY_49692
f33832e0b87d28e997f56a1421cad552,COMP_0793,invoice,2026-05-20,2026-05-20,2026-07-20 00:00:00,-111.42,0.0,EUR,EUR,1.0,paid,S.Fra /997 COUNTERPARTY_17871 Ef 1FRAV.555143,COUNTERPARTY_17871
1ba83f163c77bc68b1bba5d33ab9b0ca,COMP_0793,invoice,2026-07-31,2026-08-30,2026-08-06 00:00:00,-194.21,0.0,EUR,EUR,1.0,paid,S.Fra /1816 COUNTERPARTY_27660 Ef 126187,COUNTERPARTY_27660
1f1bb86d4626f4a78aaa907acdf72684,COMP_0793,invoice,2026-04-29,2026-04-29,2026-07-27 00:00:00,-973.71,0.0,EUR,EUR,1.0,paid,N.Fra [X]/8 COUNTERPARTY_110976 Ef 1,COUNTERPARTY_110976
379bab71036a2326c346ddb819f297e3,COMP_0793,invoice,2026-05-29,2026-06-28,2026-06-22 00:00:00,-29.95,0.0,EUR,EUR,1.0,paid,S.Fra /1100 COUNTERPARTY_07226 Ef 1ES6ZD1MABEI,COUNTERPARTY_18040
430131aba7c5d3879a5f6dec0408ff00,COMP_0793,invoice,2026-07-31,2026-07-31,2026-08-06 00:00:00,-580.8,0.0,EUR,EUR,1.0,paid,S.Fra /1811 COUNTERPARTY_33161 Ef 1S26/4440,COUNTERPARTY_47731
4efc2f9d2373121644d918a26535a2bd,COMP_0793,invoice,2026-06-09,2026-06-09,2026-06-22 00:00:00,-1421.37,0.0,EUR,EUR,1.0,paid,S.Fra /1259 COUNTERPARTY_42909. Ef 126/1381,COUNTERPARTY_42909
5d70c932680e824c320fe9740af8a872,COMP_0878,invoice,2026-02-05,2026-02-05,2026-04-09 00:00:00,-6995.01,0.0,EUR,EUR,1.0,paid,S.Fra /50 COUNTERPARTY_40602 Ef 1654,COUNTERPARTY_40602
7514dc8bbca0246c521aa3d4feabbeab,COMP_0001,invoice,2026-08-29,2026-09-28,2026-09-07 00:00:00,-3460.6,0.0,EUR,EUR,1.0,paid,S.Fra /192 COUNTERPARTY_15356 Ef 116,COUNTERPARTY_15356
793ba2dadeac7f1627400f076ac1491a,COMP_0793,invoice,2026-05-05,2026-05-05,2026-07-20 00:00:00,9607.3,0.0,EUR,EUR,1.0,paid,N.Fra TB2026F/289 COUNTERPARTY_10380 Ef 1,COUNTERPARTY_10380
7a9f1fadd3e23dd8bd1c917f5b2b2b2b,COMP_0793,invoice,2026-07-06,2026-07-06,2026-07-06 00:00:00,478.47,478.47,EUR,EUR,1.0,overdue,N.Fra TB2026F/476 COUNTERPARTY_49391 Ef 1,COUNTERPARTY_49391
9cd43297d27be91764b7fdf5db43d4fb,COMP_0793,invoice,2026-01-20,2026-01-20,2026-03-10 00:00:00,-423.26,0.0,EUR,EUR,1.0,paid,S.Fra /33 COUNTERPARTY_42909. Ef 126/116,COUNTERPARTY_42909
9dec0c6b28fc889d77b4bbf207b171de,COMP_0793,invoice,2026-04-30,2026-04-30,2026-05-21 00:00:00,-666.81,0.0,EUR,EUR,1.0,paid,S.Fra /780 COUNTERPARTY_12085 Ef [REF],COUNTERPARTY_12085
a76182a846b2f2f7db296b7b6648a99b,COMP_0793,invoice,2026-04-01,2026-04-01,2026-04-13 00:00:00,-992.2,0.0,EUR,EUR,1.0,paid,S.Fra /588 COUNTERPARTY_42909. Ef 126/712,COUNTERPARTY_42909
a927dd0f934dcbe9ecf29f11ea720b4f,COMP_0793,invoice,2026-04-26,2026-05-26,2026-05-21 00:00:00,-27.7,0.0,EUR,EUR,1.0,paid,S.Fra /757 COUNTERPARTY_07226 Ef 1ES6QX1CABEI,COUNTERPARTY_18040
c2797199e55ed6c25220ba6c1d28b464,COMP_0793,invoice,2026-08-03,2026-08-03,2026-08-06 00:00:00,-362.99,0.0,EUR,EUR,1.0,paid,S.Fra /1808 COUNTERPARTY_23024. Ef 1[X][NUM],COUNTERPARTY_23024
e2acb6c17740d58fc1898408b52ce1e3,COMP_0793,invoice,2026-03-25,2026-03-25,2026-04-13 00:00:00,-190.8,0.0,EUR,EUR,1.0,paid,S.Fra /567 COUNTERPARTY_54547 Ef 1F/2026/3,COUNTERPARTY_54547
e447a63734d5ce0d2e7aebc556d92fc5,COMP_0793,invoice,2026-03-01,2026-03-01,2026-04-10 00:00:00,-437.29,0.0,EUR,EUR,1.0,paid,S.Fra /445 [COMPANY]. Ef [NUM],COUNTERPARTY_27469
e95b160e0f4029be133605519de74078,COMP_0793,invoice,2026-06-20,2026-06-20,2026-07-22 00:00:00,-25.52,0.0,EUR,EUR,1.0,paid,S.Fra /1437 COUNTERPARTY_07226 Ef 1ES615H06ABEI,COUNTERPARTY_18040
194b56dedade1931fda13e1e6f8fb434,COMP_0793,invoice,2026-09-01,2026-09-01,2026-09-01 00:00:00,-188.76,-188.76,EUR,EUR,1.0,overdue,S.Fra /2083 COUNTERPARTY_07284 Ef 12.984,COUNTERPARTY_07284
27ccf09a345937b71325ff388d431c4c,COMP_0793,invoice,2026-06-23,2026-07-23,2026-07-20 00:00:00,54860.63,0.0,EUR,EUR,1.0,paid,N.Fra TB2026F/416 COUNTERPARTY_49557 Ef 1,COUNTERPARTY_49557
2f38bd3f061d9c881b5bf7b993cffdc1,COMP_0878,invoice,2026-08-16,2026-08-16,2026-08-16 00:00:00,-212.27,-212.27,EUR,EUR,1.0,overdue,S.Fra /207 COUNTERPARTY_37113 Ef [NUM],COUNTERPARTY_37113
33b534587acc932fddd68cd7b76f0499,COMP_0793,invoice,2026-09-01,2026-10-01,2026-09-09 00:00:00,-128.26,0.0,EUR,EUR,1.0,paid,S.Fra /1995 COUNTERPARTY_18906 Ef 2[X]/2026/07292,COUNTERPARTY_18906
43987be4d77b822f1656801100342225,COMP_0793,invoice,2026-02-26,2026-02-26,2026-02-26 00:00:00,852.92,852.92,EUR,EUR,1.0,overdue,N.Fra TB2026F/124 COUNTERPARTY_48877 Ef 1,COUNTERPARTY_48877
499fbdba10760a5b4ab8eabed5afbbca,COMP_0793,invoice,2026-05-08,2026-06-07,2026-06-22 00:00:00,-303.9,0.0,EUR,EUR,1.0,paid,S.Fra /1031 COUNTERPARTY_07226 Ef 1ES6[X],COUNTERPARTY_18040
4e30e197b25338c7f58b28391702edc1,COMP_0001,invoice,2026-03-24,2026-04-23,2026-04-09 00:00:00,-7260.0,0.0,EUR,EUR,1.0,paid,S.Fra /44 COUNTERPARTY_26899 Ef 15,COUNTERPARTY_26899
4fcb6d8a2975336f16b32ddd4b7b2ce3,COMP_0793,invoice,2026-06-21,2026-07-21,2026-08-06 00:00:00,-1755.82,0.0,EUR,EUR,1.0,paid,S.Fra /1314 COUNTERPARTY_18405 Ef 1FVT26-42897,COUNTERPARTY_18405
50d23db6e2f4f0a2acf249e773ab4bf6,COMP_0793,invoice,2026-07-15,2026-07-15,2026-08-06 00:00:00,-748.86,0.0,EUR,EUR,1.0,paid,S.Fra /1708 COUNTERPARTY_111409 Ef 10744/26,COUNTERPARTY_111409
5ee2d42bd0aaf1ca817a071bdded2e0a,COMP_0001,invoice,2026-05-01,2026-05-31,2026-06-13 00:00:00,-131.21,0.0,EUR,EUR,1.0,paid,S.Fra /115 COUNTERPARTY_07183 Ef 155039,COUNTERPARTY_50543
66f255eca9da76da2d4237b5e14d152c,COMP_0793,invoice,2026-05-20,2026-06-19,2026-06-22 00:00:00,-3449.71,0.0,EUR,EUR,1.0,paid,S.Fra /969 COUNTERPARTY_58920 Ef [NUM],COUNTERPARTY_58920
76e593920a9e92fb7393deb1dec93878,COMP_0793,invoice,2026-07-15,2026-08-14,2026-08-06 00:00:00,-972.05,0.0,EUR,EUR,1.0,paid,S.Fra /1819 COUNTERPARTY_48575 Ef 197,COUNTERPARTY_48575
7cca05ad5f0752da0d5581ad84db50be,COMP_0001,invoice,2026-07-16,2026-08-15,2026-08-05 00:00:00,-8.25,0.0,EUR,EUR,1.0,paid,S.Fra /153 COUNTERPARTY_12457 Ef [NUM],COUNTERPARTY_94951
bb845adf3cb833237e0223559fe33611,COMP_0001,invoice,2026-07-05,2026-08-04,2026-07-08 00:00:00,-132.33,0.0,EUR,EUR,1.0,paid,S.Fra /146 COUNTERPARTY_24926 Ef [NUM]/5/26/000888,COUNTERPARTY_55414
cdfde6de1998b47cec73e4cd334dc172,COMP_0878,invoice,2026-04-08,2026-04-08,2026-04-08 00:00:00,1280.0,1280.0,EUR,EUR,1.0,overdue,N.Fra TB2026F/3 COUNTERPARTY_06599 Ef 1,COUNTERPARTY_06599
d2ae33243457df07cfc359af13effefd,COMP_0793,invoice,2026-03-13,2026-04-12,2026-04-13 00:00:00,-94.21,0.0,EUR,EUR,1.0,paid,S.Fra /490 COUNTERPARTY_47799 Ef [NUM],COUNTERPARTY_47799
dade999c69429947fcf196e921bf9969,COMP_0001,invoice,2026-01-26,2026-01-26,2026-05-20 00:00:00,9680.0,0.0,EUR,EUR,1.0,paid,N.Fra TB2026F/10 [COMPANY] Ef 1,COUNTERPARTY_03903
dc6a4b6871b5304ba4339e6641b594e3,COMP_0793,invoice,2026-05-27,2026-06-26,2026-07-15 00:00:00,-29.45,0.0,EUR,EUR,1.0,paid,S.Fra /1013 COUNTERPARTY_23748 Ef 1FV[NUM],COUNTERPARTY_23748
dfb6807d2d327579e0fa0d777fdecff4,COMP_0793,invoice,2026-08-31,2026-08-31,2026-08-31 00:00:00,819.36,819.36,EUR,EUR,1.0,overdue,N.Fra TB2026F/575 COUNTERPARTY_49391 Ef 1,COUNTERPARTY_49391
fa128b279ad308e075f5f3eeea939cd6,COMP_0793,invoice,2026-04-22,2026-04-22,2026-06-24 00:00:00,-279.97,0.0,EUR,EUR,1.0,paid,N.Fra [X]/7 COUNTERPARTY_48298 Ef 1,COUNTERPARTY_48298
0c59dc3b71cc395ee2d065881a883b17,COMP_0793,invoice,2026-08-31,2026-09-30,2026-09-30 00:00:00,-308.55,-308.55,EUR,EUR,1.0,pending,S.Fra /2081 COUNTERPARTY_30606 Ef 1S26/443,COUNTERPARTY_30606
296355bbe3803ad5814822f5edebaa34,COMP_0793,invoice,2026-04-22,2026-04-22,2026-05-20 00:00:00,-3460.6,0.0,EUR,EUR,1.0,paid,S.Fra /753 COUNTERPARTY_15356 Ef 17,COUNTERPARTY_22140
29b95e16aaf9cc2ecad89dd8582cd186,COMP_0793,invoice,2026-03-12,2026-03-12,2026-04-09 00:00:00,-19.9,0.0,EUR,EUR,1.0,paid,S.Fra /651 COUNTERPARTY_07226 Ef 1ES6[X]0ABEI,COUNTERPARTY_18040
2d671427dfc0b16cee0337906093b3c8,COMP_0793,invoice,2026-05-04,2026-06-03,2026-06-22 00:00:00,-7.99,0.0,EUR,EUR,1.0,paid,S.Fra /1080 COUNTERPARTY_07226 Ef 1ES6SPE7ABEI,COUNTERPARTY_18040
35a094679129925c98a01323f92f803a,COMP_0793,invoice,2026-09-01,2026-09-01,2026-09-09 00:00:00,-137.34,0.0,EUR,EUR,1.0,paid,S.Fra /1953 COUNTERPARTY_18906 Ef 1[X]/2026/07281,COUNTERPARTY_18906
474816f4cb1e531bdb2002b1d4f2b5e6,COMP_0793,invoice,2026-05-20,2026-05-20,2026-06-22 00:00:00,-431.24,0.0,EUR,EUR,1.0,paid,S.Fra /967 COUNTERPARTY_33161 Ef 1S26/2254,COUNTERPARTY_47731
5b8b48933dc8d87417fce1c41127d018,COMP_0793,invoice,2026-03-09,2026-04-08,2026-04-13 00:00:00,-1076.9,0.0,EUR,EUR,1.0,paid,S.Fra /464 COUNTERPARTY_48090 Ef 191690,COUNTERPARTY_48090
90226424d105bb8980ae4e3fd37db599,COMP_0793,invoice,2026-09-01,2026-09-01,2026-09-01 00:00:00,-33.88,-33.88,EUR,EUR,1.0,overdue,S.Fra /2082 COUNTERPARTY_07284 Ef 12.985,COUNTERPARTY_07284
90b0f4256932ce00b490f151b40163fd,COMP_0793,invoice,2026-05-29,2026-05-29,2026-07-20 00:00:00,28379.56,0.0,EUR,EUR,1.0,paid,N.Fra TB2026F/295 COUNTERPARTY_48639 Ef 1,COUNTERPARTY_48639
9b558df06a39e457a0a9069f4534cea2,COMP_0793,invoice,2026-03-08,2026-04-07,2026-05-20 00:00:00,-6.27,0.0,EUR,EUR,1.0,paid,S.Fra /463 COUNTERPARTY_18405 Ef 1FVT26-15982,COUNTERPARTY_18405
b1a253ab65bad5f5254a7c6db62f7849,COMP_0793,invoice,2026-04-28,2026-04-28,2026-07-27 00:00:00,973.71,0.0,EUR,EUR,1.0,paid,N.Fra TB2026F/253 COUNTERPARTY_110976 Ef 1,COUNTERPARTY_110976
fdb49c772e3838a695b195a4cdacd6ca,COMP_0793,invoice,2026-08-31,2026-08-31,2026-08-31 00:00:00,294372.16,294372.16,EUR,EUR,1.0,overdue,N.Fra TB2026F/551 COUNTERPARTY_44045 Ef 1,COUNTERPARTY_44045
22bc3c051a5ed2f5cf8151af07d8187b,COMP_0793,invoice,2026-06-26,2026-07-26,2026-08-06 00:00:00,-22.19,0.0,EUR,EUR,1.0,paid,S.Fra /1620 COUNTERPARTY_01767 Ef 136,COUNTERPARTY_01767
235dac1133d79b074719bb5d5a220cb7,COMP_0793,invoice,2026-08-06,2026-08-06,2026-08-06 00:00:00,-1337.17,-1337.17,EUR,EUR,1.0,overdue,S.Fra /1837 COUNTERPARTY_33161 Ef 14621,COUNTERPARTY_47731
3b03259a573b37b5e44d5b0543ecf944,COMP_0793,invoice,2026-02-26,2026-02-26,2026-03-10 00:00:00,-629.2,0.0,EUR,EUR,1.0,paid,S.Fra /377 COUNTERPARTY_33161 Ef 1S26/751,COUNTERPARTY_47731
3f2ced75bb505aa668bcb5c5694c0ab2,COMP_0793,invoice,2026-07-31,2026-08-30,2026-08-30 00:00:00,-22.25,-22.25,EUR,EUR,1.0,overdue,S.Fra /1848 COUNTERPARTY_112108 Ef [NUM],COUNTERPARTY_112108
418cc5139400d8105642362c44466daa,COMP_0001,invoice,2025-12-11,2026-01-10,2026-05-20 00:00:00,-87.89,0.0,EUR,EUR,1.0,paid,S.Fra /240 COUNTERPARTY_49050 Ef 1IF1396,COUNTERPARTY_49050
46505d665325033d8f81cb5f37b76a54,COMP_0793,invoice,2026-06-15,2026-06-15,2026-06-22 00:00:00,-674.36,0.0,EUR,EUR,1.0,paid,S.Fra /1223 COUNTERPARTY_33161 Ef 1S26/2815,COUNTERPARTY_47731
502ac5b4547b2dea314bb268bf8707e7,COMP_0793,invoice,2026-02-25,2026-02-25,2026-04-09 00:00:00,93667.5,0.0,EUR,EUR,1.0,paid,N.Fra TB2026F/115 COUNTERPARTY_48639 Ef 1,COUNTERPARTY_48639
52dbbdf58781a15e8e036e4dc6a1d7ca,COMP_0793,invoice,2026-06-23,2026-06-23,2026-07-20 00:00:00,12868.06,0.0,EUR,EUR,1.0,paid,N.Fra TB2026F/394 COUNTERPARTY_48639 Ef 1,COUNTERPARTY_48639
60a6c0721965e0e72f4649d746eca00b,COMP_0793,invoice,2026-02-10,2026-02-10,2026-02-10 00:00:00,-609.84,-609.84,EUR,EUR,1.0,overdue,S.Fra /1958 COUNTERPARTY_17871 Ef 1FRAV.550832,COUNTERPARTY_17871
643092915dfac073f2b84774f29f0f33,COMP_0878,invoice,2026-08-31,2026-08-31,2026-08-31 00:00:00,-72.13,-72.13,EUR,EUR,1.0,overdue,S.Fra /217 COUNTERPARTY_01776 Ef 12026/20/004494,COUNTERPARTY_01776
a559a2f21304be625d38d2a209b431f5,COMP_0793,invoice,2026-08-31,2026-08-31,2026-08-31 00:00:00,11545.58,11545.58,EUR,EUR,1.0,overdue,N.Fra TB2026F/564 COUNTERPARTY_49391 Ef 1,COUNTERPARTY_49391
c5dcea49a6bdadb4e2c850b960160e38,COMP_0793,invoice,2026-04-01,2026-05-01,2026-04-13 00:00:00,-664.14,0.0,EUR,EUR,1.0,paid,S.Fra /679 COUNTERPARTY_10795 Ef 11W40275M,COUNTERPARTY_23778
d9e26363c33dd5b56f067568f0729e15,COMP_0793,invoice,2026-07-21,2026-08-20,2026-08-06 00:00:00,-43.0,0.0,EUR,EUR,1.0,paid,S.Fra /1650 COUNTERPARTY_07226 Ef 1ES61[X],COUNTERPARTY_18040
fd2c11044c281f7e8b44c0feac87ac77,COMP_0793,invoice,2026-03-31,2026-04-30,2026-05-21 00:00:00,-145.05,0.0,EUR,EUR,1.0,paid,S.Fra /599 COUNTERPARTY_44986 Ef 1L25457,COUNTERPARTY_44986
0e2a222b7ba3ac80facebdb19a1a7b4c,COMP_0793,invoice,2025-10-31,2025-11-30,2026-04-13 00:00:00,-51.82,0.0,EUR,EUR,1.0,paid,S.Fra /472 COUNTERPARTY_51927 Ef 1DO/382,COUNTERPARTY_51927
0fb54e99a4a70310db10b218b8ea993b,COMP_0793,invoice,2026-04-28,2026-04-28,2026-06-24 00:00:00,5536.26,0.0,EUR,EUR,1.0,paid,N.Fra TB2026F/248 COUNTERPARTY_48639 Ef 1,COUNTERPARTY_48639
13beec084e6b9545d07bfdaa928e1b9d,COMP_0793,invoice,2026-06-16,2026-07-16,2026-07-15 00:00:00,431.0,0.0,EUR,EUR,1.0,paid,S.Fra /1281 COUNTERPARTY_63425. Ef 1026/589,COUNTERPARTY_63425
63c03ecfb5c2d83c33e6fb25ce5b8cb6,COMP_0793,invoice,2026-06-16,2026-06-16,2026-08-06 00:00:00,-0.3,0.0,EUR,EUR,1.0,paid,S.Fra /1380 COUNTERPARTY_00061 Ef [REF],COUNTERPARTY_22769
641cf5eba80fa5e4f56c4710eab7f530,COMP_0793,invoice,2026-04-14,2026-05-14,2026-05-20 00:00:00,-45.0,0.0,EUR,EUR,1.0,paid,S.Fra /731 COUNTERPARTY_112499 Ef 11.177,COUNTERPARTY_112499
6979ec24ff2f86b1dd97c9ac81922253,COMP_0001,invoice,2026-07-29,2026-08-28,2026-08-05 00:00:00,-14520.0,0.0,EUR,EUR,1.0,paid,S.Fra /166 COUNTERPARTY_09820 Ef 18,COUNTERPARTY_09820
8237e37c16dce7b8e32bfba5b23c344a,COMP_0793,invoice,2025-01-20,2025-02-19,2025-02-19 00:00:00,-8.7,-8.7,EUR,EUR,1.0,overdue,S.Fra /55 COUNTERPARTY_112545 Ef [NUM],COUNTERPARTY_112545
878aba1dc27de736705751a66d04864f,COMP_0793,invoice,2026-03-06,2026-04-05,2026-09-10 00:00:00,-675.26,0.0,EUR,EUR,1.0,paid,S.Fra /1973 COUNTERPARTY_33224 Ef 12026S/[NUM],COUNTERPARTY_35897
93f3f5d33efd008ca36d84db552cb02b,COMP_0793,invoice,2026-07-02,2026-07-02,2026-07-15 00:00:00,-2448.0,0.0,EUR,EUR,1.0,paid,S.Fra /1516 COUNTERPARTY_16268. Ef 1TB-2026-F26,COUNTERPARTY_16268
9c278899012aeed11b3042e8c797204b,COMP_0001,invoice,2026-03-07,2026-04-06,2026-06-13 00:00:00,-137.48,0.0,EUR,EUR,1.0,paid,S.Fra /37 COUNTERPARTY_24926 Ef [NUM]/5/26/000529,COUNTERPARTY_55414
a7c9c6c83fbb080c87c49ee287b32db9,COMP_0793,invoice,2026-03-27,2026-03-27,2026-04-09 00:00:00,486.04,0.0,EUR,EUR,1.0,paid,N.Fra TB2026F/192 COUNTERPARTY_38868 Ef 1,COUNTERPARTY_38868
afb5db0fa303626b3934d261e067efb0,COMP_0793,invoice,2026-04-30,2026-05-30,2026-06-22 00:00:00,-77.86,0.0,EUR,EUR,1.0,paid,S.Fra /864 COUNTERPARTY_10436 Ef 1FA126614,COUNTERPARTY_10436
b7abe3f821bd85a4b3f02c34578a7c26,COMP_0001,invoice,2025-11-25,2025-12-25,2026-08-05 00:00:00,-147.62,0.0,EUR,EUR,1.0,paid,S.Fra /219 COUNTERPARTY_23347 Ef 1RR/250.711,COUNTERPARTY_23347
bc40f1d0c865df075ec3063be97f2ded,COMP_0793,invoice,2026-06-24,2026-07-24,2026-08-06 00:00:00,-99.59,0.0,EUR,EUR,1.0,paid,S.Fra /1644 COUNTERPARTY_112614 Ef 187808,COUNTERPARTY_112614
d92fa78995d89cb8413be1954b7206a8,COMP_0001,invoice,2026-05-25,2026-06-24,2026-09-07 00:00:00,-158.91,0.0,EUR,EUR,1.0,paid,S.Fra /109 COUNTERPARTY_112658 Ef 1F1-13389,COUNTERPARTY_112658
ebcf97267aae863040125d45ce3cf24e,COMP_0001,invoice,2026-04-24,2026-05-24,2026-06-13 00:00:00,-108.88,0.0,EUR,EUR,1.0,paid,S.Fra /69 COUNTERPARTY_24926 Ef [NUM]/5/26/001222,COUNTERPARTY_55414
15412f3faa95a2a48f6bf4b3195aa796,COMP_0793,invoice,2026-03-11,2026-04-10,2026-04-09 00:00:00,-119.0,0.0,EUR,EUR,1.0,paid,S.Fra /571 COUNTERPARTY_07226 Ef 1ES6GF1HABEI,COUNTERPARTY_18040
40914145940419e2e07a07d646b81c98,COMP_0793,invoice,2026-01-27,2026-01-27,2026-04-09 00:00:00,10302.23,0.0,EUR,EUR,1.0,paid,N.Fra TB2026F/15 COUNTERPARTY_10380 Ef 1,COUNTERPARTY_10380
46fbebc555dccdcf831801997852c37f,COMP_0793,invoice,2026-05-08,2026-05-08,2026-06-22 00:00:00,-146.7,0.0,EUR,EUR,1.0,paid,S.Fra /1055 COUNTERPARTY_07226 Ef 1ES6[X],COUNTERPARTY_18040
5f5413c0cc356665a91581639095f27b,COMP_0793,invoiceGroup,2026-05-21,2026-05-21,2026-05-21 00:00:00,-40197.45,-40197.45,EUR,EUR,1.0,overdue,Remesas Proveedor,
66f83ea1b41d38ecdaf8db6b12fd1ab0,COMP_0793,invoice,2026-01-07,2026-02-06,2026-07-22 00:00:00,-16.59,0.0,EUR,EUR,1.0,paid,S.Fra /11 COUNTERPARTY_07226 Ef 1ES6I74ABEI,COUNTERPARTY_18040
7698aef1a96771e3c4bd534016f12343,COMP_0793,invoice,2026-02-02,2026-02-02,2026-07-20 00:00:00,-7.26,0.0,EUR,EUR,1.0,paid,S.Fra /1251 COUNTERPARTY_96621 Ef [NUM],COUNTERPARTY_96621
80925ee4b5171308575b0604036a31be,COMP_0793,invoice,2026-06-23,2026-06-23,2026-06-23 00:00:00,87588.2,87588.2,EUR,EUR,1.0,overdue,N.Fra TB2026F/387 COUNTERPARTY_48298 Ef 1,COUNTERPARTY_48298
94b11ea653dc3cf4431f9cf0d436a416,COMP_0878,invoice,2026-01-29,2026-01-29,2026-04-09 00:00:00,-1149.5,0.0,EUR,EUR,1.0,paid,S.Fra /41 COUNTERPARTY_40602 Ef 1FV26-1,COUNTERPARTY_40602
9533217a035524207cc4cdde99f82410,COMP_0001,invoice,2026-07-09,2026-07-09,2026-08-05 00:00:00,-5445.0,0.0,EUR,EUR,1.0,paid,S.Fra /149 COUNTERPARTY_56127 Ef 11,COUNTERPARTY_56127
c1df00b00f5045d45f0d3336aacb4738,COMP_0793,invoice,2026-04-23,2026-04-23,2026-06-22 00:00:00,-561.43,0.0,EUR,EUR,1.0,paid,S.Fra /858 COUNTERPARTY_07783 Ef [NUM],COUNTERPARTY_49066
d70f6140bf2b395c89e6122f702f9ff2,COMP_0793,invoice,2026-02-27,2026-03-29,2026-04-13 00:00:00,-131.93,0.0,EUR,EUR,1.0,paid,S.Fra /396 COUNTERPARTY_48090 Ef 191640,COUNTERPARTY_48090
d9bbc08384072ea325001f533bdb2f8a,COMP_0793,invoiceGroup,2026-07-20,2026-07-20,2026-07-20 00:00:00,-75516.76,-75516.76,EUR,EUR,1.0,overdue,Remesas Proveedor,
f83ac20eb471768b18c3c51539d3de13,COMP_0793,invoice,2025-12-31,2025-12-31,2025-12-31 00:00:00,452.47,452.47,EUR,EUR,1.0,overdue,N.Fra TB2025F/620 COUNTERPARTY_48877 Ef 1,COUNTERPARTY_48877
fad49ab434976007dc41fcd43869edbf,COMP_0793,invoice,2026-06-19,2026-06-19,2026-07-15 00:00:00,-66.01,0.0,EUR,EUR,1.0,paid,S.Fra /1310 COUNTERPARTY_00223 Ef 1TA7MF[NUM],COUNTERPARTY_10731
fc3d6c4a9246422d3cf44b3b771ab53b,COMP_0793,invoice,2026-07-09,2026-08-08,2026-08-06 00:00:00,-120.04,0.0,EUR,EUR,1.0,paid,S.Fra /1540 COUNTERPARTY_24926 Ef [NUM]/5/26/000313,COUNTERPARTY_57870
0241b226ca730ee430cd172c27a34502,COMP_0793,invoice,2026-06-12,2026-06-12,2026-08-06 00:00:00,-1.21,0.0,EUR,EUR,1.0,paid,S.Fra /1379 COUNTERPARTY_00061 Ef [REF],COUNTERPARTY_22769
0932463beeaf2daedf67d4f67a3c41d9,COMP_0793,invoice,2026-08-10,2026-09-09,2026-09-10 00:00:00,-28.55,0.0,EUR,EUR,1.0,paid,S.Fra /1927 COUNTERPARTY_07226 Ef 1ES61[X],COUNTERPARTY_18040
10c579d6756e9fda800b993a26ef16f8,COMP_0793,invoice,2026-07-28,2026-08-27,2026-08-27 00:00:00,-124.83,-124.83,EUR,EUR,1.0,overdue,S.Fra /1658 COUNTERPARTY_56174 Ef 1O19A14481,COUNTERPARTY_56174
1a9958b9f039c7f95343fa2f9d188c56,COMP_0793,invoice,2026-08-11,2026-08-11,2026-08-11 00:00:00,-0.3,-0.3,EUR,EUR,1.0,overdue,S.Fra /1941 COUNTERPARTY_00061 Ef [REF],COUNTERPARTY_22769
5cbfae96814f4f23215830e71da0f7f6,COMP_0793,invoice,2026-01-26,2026-01-26,2026-04-13 00:00:00,-273.73,0.0,EUR,EUR,1.0,paid,S.Fra /49 [COMPANY] Ef 15,COUNTERPARTY_22440
8096f9c4a5b45b50c2bc06221baf14ad,COMP_0793,invoice,2026-03-27,2026-03-27,2026-06-24 00:00:00,1043.61,0.0,EUR,EUR,1.0,paid,N.Fra TB2026F/199 COUNTERPARTY_51678 Ef 1,COUNTERPARTY_51678
952fc2f84bad742218bb416507e5f6c5,COMP_0001,invoice,2026-08-23,2026-09-22,2026-09-07 00:00:00,-158.52,0.0,EUR,EUR,1.0,paid,S.Fra /184 COUNTERPARTY_01023 Ef [REF],COUNTERPARTY_49480
afb2d776d9657da934b9b855f11dea6b,COMP_0001,invoice,2026-02-28,2026-03-30,2026-06-13 00:00:00,-248.62,0.0,EUR,EUR,1.0,paid,S.Fra /33 COUNTERPARTY_07183 Ef 114117,COUNTERPARTY_50543
afbb768103a35e286de4dc0d8ca73352,COMP_0793,invoice,2026-06-30,2026-06-30,2026-08-06 00:00:00,-97.04,0.0,EUR,EUR,1.0,paid,S.Fra /1595 COUNTERPARTY_10802 Ef [NUM],COUNTERPARTY_10802
b4592c470ef6ad8cfc3546e1e351c0e8,COMP_0793,invoice,2026-03-31,2026-04-30,2026-05-20 00:00:00,-6.29,0.0,EUR,EUR,1.0,paid,S.Fra /889 COUNTERPARTY_00532 Ef 12026/51130,COUNTERPARTY_50114
b83d8284178cdc3aaac8ada3a1d3ba28,COMP_0793,invoice,2026-02-25,2026-02-25,2026-04-09 00:00:00,20548.99,0.0,EUR,EUR,1.0,paid,N.Fra TB2026F/114 COUNTERPARTY_48639 Ef 1,COUNTERPARTY_48639
ed9e55423f619a3d6570c00a935ca022,COMP_0793,invoice,2026-03-18,2026-04-17,2026-04-13 00:00:00,-122.69,0.0,EUR,EUR,1.0,paid,S.Fra /669 COUNTERPARTY_113333. Ef [REF],COUNTERPARTY_113333
f15d02462c0e27a28ea60ecdf8f33ef9,COMP_0793,invoice,2026-04-29,2026-04-29,2026-05-21 00:00:00,-324.36,0.0,EUR,EUR,1.0,paid,S.Fra /862 COUNTERPARTY_40288 Ef 1TB-2026-F4,COUNTERPARTY_40288
f8ec1c567764fa006ca4f076400ab77b,COMP_0793,invoice,2026-07-20,2026-08-19,2026-08-06 00:00:00,-379.99,0.0,EUR,EUR,1.0,paid,S.Fra /1711 COUNTERPARTY_12085 Ef [NUM],COUNTERPARTY_12085
0ccc08859b531df2c77d38be6bbc0634,COMP_0793,invoice,2026-06-01,2026-06-01,2026-06-22 00:00:00,-188.76,0.0,EUR,EUR,1.0,paid,S.Fra /1048 COUNTERPARTY_07284 Ef 11.785,COUNTERPARTY_07284
1eeb644d95913264542d03bf8e5f37ec,COMP_0793,invoice,2026-04-05,2026-05-05,2026-04-13 00:00:00,-462.96,0.0,EUR,EUR,1.0,paid,S.Fra /680 COUNTERPARTY_22217 Ef 12026/AA/[NUM],COUNTERPARTY_22217
31bed40252ae7aba9afb1838c77c6ef2,COMP_0793,invoice,2026-03-07,2026-04-06,2026-04-13 00:00:00,-45.66,0.0,EUR,EUR,1.0,paid,S.Fra /503 COUNTERPARTY_07226 Ef 1ES6[X],COUNTERPARTY_18040
338633855ff1047011af189ceb79cd57,COMP_0793,invoice,2026-05-13,2026-05-13,2026-05-20 00:00:00,-4840.0,0.0,EUR,EUR,1.0,paid,S.Fra /936 [COMPANY] Ef 138,COUNTERPARTY_22440
3467366eb9719d68c46d26e48a9ea222,COMP_0878,invoice,2026-07-31,2026-08-30,2026-08-30 00:00:00,1040.58,1040.58,EUR,EUR,1.0,overdue,S.Fra /199 COUNTERPARTY_10436 Ef 1FA128264,COUNTERPARTY_31816
38f3c32c6d1ae0af4f87bbec41cc42c4,COMP_0793,invoice,2026-07-28,2026-08-27,2026-08-06 00:00:00,-41.13,0.0,EUR,EUR,1.0,paid,S.Fra /1659 COUNTERPARTY_10160 Ef 1F[NUM],COUNTERPARTY_35185
426bf42fec5a4803739cbb3ce7bd3548,COMP_0793,invoice,2026-04-07,2026-04-07,2026-06-22 00:00:00,-2928.71,0.0,EUR,EUR,1.0,paid,S.Fra /726 COUNTERPARTY_111409 Ef 10335/26,COUNTERPARTY_111409
54b4f681c377819a20555960836677c7,COMP_0793,invoice,2026-08-24,2026-08-24,2026-08-24 00:00:00,-502.47,-502.47,EUR,EUR,1.0,overdue,S.Fra /1912 COUNTERPARTY_07783 Ef [NUM],COUNTERPARTY_49066
592fc239291503854fa298fdccaa4a6a,COMP_0793,invoice,2026-01-17,2026-01-17,2026-05-21 00:00:00,350.93,0.0,EUR,EUR,1.0,paid,S.Fra /31 COUNTERPARTY_07783 Ef [NUM],COUNTERPARTY_49066
64f6afeb39397f4c6a4b41d85cfc7afc,COMP_0793,invoice,2026-08-01,2026-08-01,2026-08-06 00:00:00,-188.76,0.0,EUR,EUR,1.0,paid,S.Fra /1803 COUNTERPARTY_07284 Ef 12.630,COUNTERPARTY_07284
6861efb63e061f00bd6c6e2784da23d4,COMP_0793,invoice,2026-06-15,2026-07-15,2026-07-20 00:00:00,-133.1,0.0,EUR,EUR,1.0,paid,S.Fra /1279 COUNTERPARTY_51473 Ef 1F26-1940,COUNTERPARTY_51473
6f840752f6f097cbdcb721040df3372f,COMP_0793,invoice,2026-04-08,2026-05-08,2026-04-13 00:00:00,-107.69,0.0,EUR,EUR,1.0,paid,S.Fra /683 COUNTERPARTY_51816 Ef 12026P/138,COUNTERPARTY_51816
7a7deb10dffed1282d0a9a6a5ac8227b,COMP_0793,invoice,2026-03-06,2026-04-05,2026-09-10 00:00:00,675.26,0.0,EUR,EUR,1.0,paid,S.Fra /1904 COUNTERPARTY_33224 Ef 12026S/[NUM],COUNTERPARTY_35897
dfdf36ebda4b349af81af8b7ab70337e,COMP_0878,invoice,2026-02-26,2026-03-28,2026-06-10 00:00:00,-8842.08,0.0,EUR,EUR,1.0,paid,S.Fra /109 COUNTERPARTY_45989 Ef [NUM],COUNTERPARTY_45989
e876aa3fb7eb50a95eda387a89742452,COMP_0001,invoiceGroup,2026-03-05,2026-03-05,2026-03-05 00:00:00,-21869.54,-21869.54,EUR,EUR,1.0,overdue,Remesas Proveedor,
ecf74449799bc339cea2d807e703a9fd,COMP_0793,invoice,2026-03-12,2026-04-11,2026-04-09 00:00:00,-595.0,0.0,EUR,EUR,1.0,paid,S.Fra /572 COUNTERPARTY_07226 Ef 1ES6[X],COUNTERPARTY_18040
2cf2ad2f7ca256180a47f7b46713dfb7,COMP_0793,invoice,2026-03-27,2026-03-27,2026-04-13 00:00:00,-162.87,0.0,EUR,EUR,1.0,paid,S.Fra /621 COUNTERPARTY_51962 Ef 1N001101/2026,COUNTERPARTY_51962
2f0acd55c7c58a5305521e1790e5bef1,COMP_0793,invoice,2026-03-30,2026-04-29,2026-04-09 00:00:00,-11.29,0.0,EUR,EUR,1.0,paid,S.Fra /581 COUNTERPARTY_07226 Ef 1ES6[X],COUNTERPARTY_18040
2f97f815e7ce9d5cb7d4ed87ec5bd9d9,COMP_0793,invoice,2026-06-30,2026-07-30,2026-07-15 00:00:00,-488.69,0.0,EUR,EUR,1.0,paid,S.Fra /1475 COUNTERPARTY_51927 Ef 140234,COUNTERPARTY_51927
353728f7a219596bf69c27b328a3a8f2,COMP_0793,invoice,2026-03-17,2026-04-16,2026-04-13 00:00:00,-402.76,0.0,EUR,EUR,1.0,paid,S.Fra /497 COUNTERPARTY_47799 Ef [NUM],COUNTERPARTY_47799
48fd165dcd748c6ae5deec4b2158599e,COMP_0793,invoice,2026-04-27,2026-05-27,2026-06-24 00:00:00,15850.98,0.0,EUR,EUR,1.0,paid,N.Fra TB2026F/230 COUNTERPARTY_49557 Ef 1,COUNTERPARTY_49557
4ab35fabdbd218762810b9b8b0e1a0ee,COMP_0793,invoice,2025-09-02,2025-09-02,2026-05-14 00:00:00,135.23,0.0,EUR,EUR,1.0,paid,N.Fra TB2025F/374 COUNTERPARTY_48877 Ef 1,COUNTERPARTY_48877
55fa245e65206ced33639e736e83a2f4,COMP_0793,invoice,2026-08-06,2026-08-06,2026-09-10 00:00:00,-95.98,0.0,EUR,EUR,1.0,paid,S.Fra /[COMPANY] Ef [NUM],COUNTERPARTY_43184
6cff6043cbc3d0cecce2f9166f66abd9,COMP_0793,invoice,2026-02-23,2026-02-23,2026-04-13 00:00:00,87588.2,0.0,EUR,EUR,1.0,paid,N.Fra TB2026F/77 COUNTERPARTY_48298 Ef 1,COUNTERPARTY_48298
77b23197d2886a4134234cce6e710af7,COMP_0793,invoice,2026-05-28,2026-06-27,2026-07-22 00:00:00,-427.96,0.0,EUR,EUR,1.0,paid,S.Fra /1097 COUNTERPARTY_07226 Ef 1ES6[X],COUNTERPARTY_18040
a2c0122bf0ff2e684604ebb6470188d6,COMP_0793,invoice,2025-11-18,2025-11-18,2026-04-13 00:00:00,-30250.0,0.0,EUR,EUR,1.0,paid,S.Fra /1870 [COMPANY] Ef 1191,COUNTERPARTY_22440
ade4987ee7ca3e93edbdca05e798080b,COMP_0793,invoice,2026-03-10,2026-03-10,2026-04-13 00:00:00,-29.0,0.0,EUR,EUR,1.0,paid,S.Fra /505 COUNTERPARTY_56137 Ef [REF],COUNTERPARTY_113889
c8fd446821df339a57eb36fee3fd9a30,COMP_0793,invoice,2026-03-25,2026-03-25,2026-05-21 00:00:00,-422.19,0.0,EUR,EUR,1.0,paid,S.Fra /637 COUNTERPARTY_07783 Ef [NUM],COUNTERPARTY_49066
dcf125fe1068704b3f928a7fea07d8b0,COMP_0793,invoice,2026-02-25,2026-02-25,2026-04-09 00:00:00,7880.44,0.0,EUR,EUR,1.0,paid,N.Fra TB2026F/117 COUNTERPARTY_48639 Ef 1,COUNTERPARTY_48639
e953a50635f19c9d201aeb0f89f41eef,COMP_0878,invoice,2026-07-31,2026-07-31,2026-07-31 00:00:00,-924.68,-924.68,EUR,EUR,1.0,overdue,S.Fra /194 COUNTERPARTY_37113 Ef [NUM],COUNTERPARTY_37113
fe46f03a912a24782189fe72146c7202,COMP_0793,invoice,2026-04-01,2026-04-01,2026-04-09 00:00:00,-256.52,0.0,EUR,EUR,1.0,paid,S.Fra /625 COUNTERPARTY_18906 Ef 1[X]/2026/03661,COUNTERPARTY_18906
ff6afc4243eb7755ce5a6e03d6ef5936,COMP_0001,invoice,2026-05-23,2026-06-22,2026-06-13 00:00:00,-158.52,0.0,EUR,EUR,1.0,paid,S.Fra /105 COUNTERPARTY_01023 Ef [REF],COUNTERPARTY_49480
0eba9372425ab7c49c7cd49434326825,COMP_0793,invoice,2026-05-04,2026-06-03,2026-06-22 00:00:00,-61.76,0.0,EUR,EUR,1.0,paid,S.Fra /1079 COUNTERPARTY_07226 Ef 1ES6SR50ABEI,COUNTERPARTY_18040
22ef8accc24a953985bbf8293376d15f,COMP_0793,invoice,2026-07-30,2026-07-30,2026-08-06 00:00:00,-222.25,0.0,EUR,EUR,1.0,paid,S.Fra /1732 COUNTERPARTY_97947 Ef 12026-739,COUNTERPARTY_97947
24f6f5b9c1db2e21312bc3e2b71dec6e,COMP_0793,invoice,2026-06-02,2026-06-02,2026-07-20 00:00:00,271.8,0.0,EUR,EUR,1.0,paid,N.Fra TB2026F/366 COUNTERPARTY_29645 Ef 1,COUNTERPARTY_33449
260962c34f432813c83184bc5896a57a,COMP_0793,invoice,2026-08-04,2026-08-04,2026-08-04 00:00:00,6938.24,6938.24,EUR,EUR,1.0,overdue,N.Fra TB2026F/537 COUNTERPARTY_10380 Ef 1,COUNTERPARTY_10380
300cf61ec9f0b094c1c6586696c2e2bf,COMP_0793,invoice,2026-07-03,2026-07-03,2026-08-06 00:00:00,-223.6,0.0,EUR,EUR,1.0,paid,S.Fra /1611 COUNTERPARTY_31602 Ef 123B/A,COUNTERPARTY_31602
318d9a363c1e52df93695b270d79d96e,COMP_0793,invoiceGroup,2024-11-17,2024-11-17,2024-11-17 00:00:00,-4553.9,-4553.9,EUR,EUR,1.0,overdue,Remesas Proveedor,
37d44e9bf757168ca30a788f785127fe,COMP_0793,invoice,2026-04-28,2026-04-28,2026-04-28 00:00:00,2140.65,2140.65,EUR,EUR,1.0,overdue,N.Fra TB2026F/260 COUNTERPARTY_48877 Ef 1,COUNTERPARTY_48877
387bf319cf4fe931711ba7c50baa549b,COMP_0001,invoice,2026-05-26,2026-06-25,2026-06-13 00:00:00,-50.5,0.0,EUR,EUR,1.0,paid,S.Fra /110 COUNTERPARTY_97962 Ef 1F1-1209,COUNTERPARTY_97962
5ad1bec2d3c96c65299fc8451af355c0,COMP_0793,invoice,2026-05-27,2026-05-27,2026-07-22 00:00:00,-22.05,0.0,EUR,EUR,1.0,paid,S.Fra /1068 COUNTERPARTY_07226 Ef 1ES6[X],COUNTERPARTY_18040
5b1ea468a7135043b15053ab2fa96136,COMP_0001,invoice,2026-05-22,2026-06-21,2026-06-13 00:00:00,-200.13,0.0,EUR,EUR,1.0,paid,S.Fra /[COMPANY] Ef 1ZB26-[NUM],COUNTERPARTY_28286
5fb501366a5256ba8b5b8ddaa878f334,COMP_0793,invoice,2026-07-22,2026-08-21,2026-08-06 00:00:00,-17.99,0.0,EUR,EUR,1.0,paid,S.Fra /1740 COUNTERPARTY_07226 Ef 1ES61DST6ABEI,COUNTERPARTY_18040
62d94305fd0af0a5e3e6c506c6b17808,COMP_0878,invoice,2026-06-29,2026-06-29,2026-07-08 00:00:00,-629.2,0.0,EUR,EUR,1.0,paid,S.Fra /166 COUNTERPARTY_33161 Ef 1S26/3233,COUNTERPARTY_33161
775c977cd534aa65807b9dab74eec3f4,COMP_0793,invoice,2026-04-20,2026-05-20,2026-05-21 00:00:00,-33.86,0.0,EUR,EUR,1.0,paid,S.Fra /739 COUNTERPARTY_34270 Ef 1INV/2026/05601,COUNTERPARTY_34270
85fe75944a9a7dc5c11d4347bbb4b72f,COMP_0793,invoice,2026-04-30,2026-05-30,2026-05-21 00:00:00,-429.19,0.0,EUR,EUR,1.0,paid,S.Fra /922 COUNTERPARTY_48443 Ef [NUM],COUNTERPARTY_48443
8650a7502b98e790868911194b438277,COMP_0793,invoice,2026-03-25,2026-03-25,2026-05-21 00:00:00,-20.0,0.0,EUR,EUR,1.0,paid,S.Fra /640 COUNTERPARTY_07783 Ef [NUM],COUNTERPARTY_49066
90facc0de3719babb55d4b51d616ea93,COMP_0793,invoice,2026-06-16,2026-06-16,2026-06-24 00:00:00,-87588.2,0.0,EUR,EUR,1.0,paid,N.Fra [X]/12 COUNTERPARTY_48298 Ef 1,COUNTERPARTY_48298
9c7f501cf326f7c6e14099494b4e46bc,COMP_0793,invoice,2026-06-02,2026-07-02,2026-06-22 00:00:00,-106.99,0.0,EUR,EUR,1.0,paid,S.Fra /1113 COUNTERPARTY_07226 Ef 1ES610[X],COUNTERPARTY_18040
9ef59f9cc3194c32a53592493a7b9efc,COMP_0793,invoice,2026-02-05,2026-02-05,2026-03-10 00:00:00,-1452.0,0.0,EUR,EUR,1.0,paid,S.Fra /301 COUNTERPARTY_33161 Ef 1S26/454,COUNTERPARTY_47731
baf4d28f2e7f4eb1e26c45710567933d,COMP_0793,invoice,2026-07-14,2026-08-13,2026-08-13 00:00:00,-377.76,-377.76,EUR,EUR,1.0,overdue,S.Fra /2028 COUNTERPARTY_06924 Ef 1[X]2025/311470,COUNTERPARTY_64645
c1601bd40b9034e24ca7b0d81ddaffe6,COMP_0793,invoice,2026-06-03,2026-06-03,2026-06-22 00:00:00,-2448.0,0.0,EUR,EUR,1.0,paid,S.Fra /1168 COUNTERPARTY_16268. Ef 1TB-2026-F19,COUNTERPARTY_16268
c3eeb0b41a783ad5d31a674f7a21f120,COMP_0793,invoice,2026-01-27,2026-01-27,2026-04-09 00:00:00,27210.3,0.0,EUR,EUR,1.0,paid,N.Fra TB2026F/16 COUNTERPARTY_10380 Ef 1,COUNTERPARTY_10380
cc5f01e6f1e3c628fa6a94f3b7c71608,COMP_0793,invoice,2025-11-06,2025-12-06,2026-04-13 00:00:00,-100.76,0.0,EUR,EUR,1.0,paid,S.Fra /1760 COUNTERPARTY_56174 Ef 1C19A103,COUNTERPARTY_56174
dda60b51dadea6cbb20be7a413456641,COMP_0793,invoice,2026-07-01,2026-07-01,2026-07-20 00:00:00,-1425.38,0.0,EUR,EUR,1.0,paid,S.Fra /1375 COUNTERPARTY_27064 Ef 1F26/0179,COUNTERPARTY_47459
f9494b1a54dc80b8623817267abd6df1,COMP_0793,invoice,2026-08-31,2026-09-30,2026-09-30 00:00:00,17685.97,17685.97,EUR,EUR,1.0,pending,N.Fra TB2026F/569 COUNTERPARTY_05961 Ef 1,COUNTERPARTY_05961
fecd83776a2207785a75dc876ad0efd8,COMP_0793,invoice,2026-07-30,2026-07-30,2026-07-30 00:00:00,-0.3,-0.3,EUR,EUR,1.0,overdue,S.Fra /1939 COUNTERPARTY_00061 Ef [REF],COUNTERPARTY_22769
10706f313ac0693c46572b979c41bc16,COMP_0793,invoice,2026-06-03,2026-07-03,2026-06-22 00:00:00,-2543.8,0.0,EUR,EUR,1.0,paid,S.Fra /1189 COUNTERPARTY_51965 Ef 12026A/2281,COUNTERPARTY_57664
3002d4bca5f23186f4e2f67f7ececaad,COMP_0793,invoice,2026-04-08,2026-05-08,2026-05-20 00:00:00,-94.99,0.0,EUR,EUR,1.0,paid,S.Fra /[COMPANY] Ef [NUM],COUNTERPARTY_43184
47c978acc7158393be49975c31f1cf84,COMP_0793,invoice,2026-05-28,2026-05-28,2026-07-22 00:00:00,-11.1,0.0,EUR,EUR,1.0,paid,S.Fra /1071 COUNTERPARTY_07226 Ef 1ES6Z41TABEI,COUNTERPARTY_18040
518a925fe42f7e01e70a8ce6f10efea2,COMP_0793,invoice,2026-04-10,2026-04-10,2026-04-13 00:00:00,-280.24,0.0,EUR,EUR,1.0,paid,S.Fra /684 COUNTERPARTY_51962 Ef 1N001103/2026,COUNTERPARTY_51962
60dd5ac5a0bcdeff8e8a17c067ad9c57,COMP_0793,invoice,2026-07-06,2026-07-06,2026-07-20 00:00:00,-650.38,0.0,EUR,EUR,1.0,paid,S.Fra /1480 COUNTERPARTY_33161 Ef 1S26/3471,COUNTERPARTY_47731
671b2d1accee5ec2398c813ec80be2dc,COMP_0793,invoice,2026-05-29,2026-05-29,2026-07-20 00:00:00,16986.04,0.0,EUR,EUR,1.0,paid,N.Fra TB2026F/352 COUNTERPARTY_49692 Ef 1,COUNTERPARTY_49692
75717cb9f868c5df7f63786159b557bf,COMP_0793,invoice,2026-02-01,2026-03-03,2026-04-13 00:00:00,-214.3,0.0,EUR,EUR,1.0,paid,S.Fra /272 COUNTERPARTY_02692 Ef 126FF075434,COUNTERPARTY_50210
8b05a9e6cccfa3e95b68876d44daef03,COMP_0793,invoice,2026-03-12,2026-03-12,2026-07-20 00:00:00,1480.01,0.0,EUR,EUR,1.0,paid,N.Fra TB2026F/146 COUNTERPARTY_114472 Ef 1,COUNTERPARTY_114472
97558ac447bea8ea641ee7a02551deaf,COMP_0793,invoice,2026-08-27,2026-08-27,2026-08-27 00:00:00,-731.81,-731.81,EUR,EUR,1.0,overdue,S.Fra /2017 COUNTERPARTY_33161 Ef 1S26/5221,COUNTERPARTY_47731
ab168ca14c9e24c653e6b0fc946a7664,COMP_0793,invoice,2026-07-31,2026-07-31,2026-07-31 00:00:00,-237.5,-237.5,EUR,EUR,1.0,overdue,S.Fra /1790 COUNTERPARTY_10436 Ef 1FA127894,COUNTERPARTY_10436
dcaa2639dc40fac1ad49350bb40412b8,COMP_0793,invoice,2025-12-31,2026-01-30,2026-03-10 00:00:00,-273.92,0.0,EUR,EUR,1.0,paid,S.Fra /2090 COUNTERPARTY_58340 Ef 13224,COUNTERPARTY_58340
f838abe2d7f9932516d540c173023a1a,COMP_0793,invoice,2026-05-26,2026-06-25,2026-07-15 00:00:00,-32.01,0.0,EUR,EUR,1.0,paid,S.Fra /978 COUNTERPARTY_10160 Ef 1F[NUM],COUNTERPARTY_35185
099ce59599ee34da22d464f21709f582,COMP_0793,invoice,2025-11-27,2025-11-27,2025-11-27 00:00:00,423.5,423.5,EUR,EUR,1.0,overdue,N.Fra TB2025F/543 COUNTERPARTY_48877 Ef 1,COUNTERPARTY_48877
17e6817bfaae9b937f6e7f6884b18135,COMP_0793,invoice,2026-01-28,2026-02-27,2026-03-10 00:00:00,-925.55,0.0,EUR,EUR,1.0,paid,S.Fra /120 COUNTERPARTY_48090 Ef 191444,COUNTERPARTY_48090
2a72da8e186e1a691a7142bb6634373a,COMP_0793,invoice,2026-03-13,2026-04-12,2026-04-13 00:00:00,-1436.69,0.0,EUR,EUR,1.0,paid,S.Fra /492 COUNTERPARTY_47799 Ef [NUM],COUNTERPARTY_47799
2bfcd3b0186c99480aaa5aeda3e2544d,COMP_0793,invoice,2026-05-05,2026-05-05,2026-07-20 00:00:00,25812.85,0.0,EUR,EUR,1.0,paid,N.Fra TB2026F/286 COUNTERPARTY_10380 Ef 1,COUNTERPARTY_10380
30c4a9bcbb28c87e98902a3503ff779a,COMP_0793,invoice,2026-07-12,2026-07-12,2026-08-06 00:00:00,-47.43,0.0,EUR,EUR,1.0,paid,S.Fra /1597 COUNTERPARTY_114695 Ef 1FRA./2026/00844,COUNTERPARTY_114695
36936e51f4fc8142867f1f260d286222,COMP_0793,invoice,2026-03-25,2026-04-24,2026-06-24 00:00:00,30616.39,0.0,EUR,EUR,1.0,paid,N.Fra TB2026F/168 COUNTERPARTY_49557 Ef 1,COUNTERPARTY_49557
5218e6c238e15abb39bf8b0d3d354ba5,COMP_0878,invoice,2025-12-23,2025-12-23,2026-04-09 00:00:00,-2312.31,0.0,EUR,EUR,1.0,paid,S.Fra /38 COUNTERPARTY_40602 Ef 1FV25-503,COUNTERPARTY_40602
84047895c6b7b04230cfae791124e771,COMP_0793,invoice,2026-06-04,2026-07-04,2026-07-20 00:00:00,-25.83,0.0,EUR,EUR,1.0,paid,S.Fra /1499 COUNTERPARTY_114815 Ef 12026/02625,COUNTERPARTY_114815
880a18f120c41ac59750a065c4a5f15a,COMP_0793,invoice,2026-03-25,2026-04-24,2026-06-24 00:00:00,17308.29,0.0,EUR,EUR,1.0,paid,N.Fra TB2026F/171 COUNTERPARTY_49557 Ef 1,COUNTERPARTY_49557
9ff5046cea58b768d34df821a1580105,COMP_0793,invoice,2026-04-27,2026-04-27,2026-06-24 00:00:00,9999.99,0.0,EUR,EUR,1.0,paid,N.Fra TB2026F/220 COUNTERPARTY_20173 Ef 1,COUNTERPARTY_48413
ae07a92a6cf2782a37f9f8104ba92677,COMP_0793,invoice,2026-07-08,2026-08-07,2026-07-15 00:00:00,-843.98,0.0,EUR,EUR,1.0,paid,S.Fra /1528 COUNTERPARTY_47799 Ef [NUM],COUNTERPARTY_47799
af51cc3556c70a911ce40630bc60733b,COMP_0793,invoice,2026-06-30,2026-07-30,2026-07-20 00:00:00,-1163.75,0.0,EUR,EUR,1.0,paid,S.Fra /1463 COUNTERPARTY_63425. Ef 1026/625,COUNTERPARTY_63425
cd41c9d4d34c4ae7b5be60dba8941715,COMP_0793,invoice,2026-05-27,2026-05-27,2026-06-22 00:00:00,-2110.34,0.0,EUR,EUR,1.0,paid,S.Fra /1070 COUNTERPARTY_33161 Ef 1S26/2380,COUNTERPARTY_47731
d12bbf45331e17336cee6405a09381fb,COMP_0793,invoice,2026-07-08,2026-07-08,2026-08-06 00:00:00,-707.85,0.0,EUR,EUR,1.0,paid,S.Fra /1558 COUNTERPARTY_33161 Ef 1S26/3593,COUNTERPARTY_47731
d6066c7755f7c7734c78a3ced51ef0c1,COMP_0793,invoice,2026-05-29,2026-05-29,2026-07-20 00:00:00,19698.39,0.0,EUR,EUR,1.0,paid,N.Fra TB2026F/350 COUNTERPARTY_49692 Ef 1,COUNTERPARTY_49692
db4ad57849f35bf4744dec3b43ada1aa,COMP_0793,invoice,2026-04-08,2026-04-08,2026-05-21 00:00:00,-536.94,0.0,EUR,EUR,1.0,paid,S.Fra /721 COUNTERPARTY_06729 Ef 1FV260309,COUNTERPARTY_06729
e6cbaef1aa466e38e50221a0cfcbfb73,COMP_0001,invoice,2026-05-01,2026-05-31,2026-05-20 00:00:00,-394.14,0.0,EUR,EUR,1.0,paid,S.Fra /78 COUNTERPARTY_06292 Ef [NUM],COUNTERPARTY_38023
f7ed9e8da0de1130ec3f8f371bd0c4c7,COMP_0793,invoice,2026-05-31,2026-05-31,2026-06-22 00:00:00,-1318.9,0.0,EUR,EUR,1.0,paid,S.Fra /1045 COUNTERPARTY_45406 Ef 1TB-2026-F75,COUNTERPARTY_45406
fda9a32d9df9e270479f5ee6bc304b29,COMP_0001,invoiceGroup,2026-07-08,2026-07-08,2026-07-08 00:00:00,-22729.18,-22729.18,EUR,EUR,1.0,overdue,Remesas Proveedor,
01352d12b327de74a917b018f744f3fe,COMP_0793,invoice,2026-05-22,2026-05-22,2026-06-22 00:00:00,-205.08,0.0,EUR,EUR,1.0,paid,S.Fra /1038 COUNTERPARTY_07783 Ef [NUM],COUNTERPARTY_49066
05e9c6e8e99818f65e64b656690bd512,COMP_0793,invoice,2026-08-06,2026-08-06,2026-08-06 00:00:00,-30394.06,-30394.06,EUR,EUR,1.0,overdue,S.Fra /1885 [COMPANY] Ef 1TB2026F/61,COUNTERPARTY_22440
09adb4bd95cd59f7af010a7f7f12531d,COMP_0793,invoice,2026-05-06,2026-06-05,2026-05-21 00:00:00,-412.39,0.0,EUR,EUR,1.0,paid,S.Fra /883 COUNTERPARTY_47799 Ef [NUM],COUNTERPARTY_47799
12870a97254870d2ea647812853f4adc,COMP_0001,invoice,2026-05-20,2026-05-20,2026-05-20 00:00:00,-185.2,-185.2,EUR,EUR,1.0,overdue,S.Fra /101 COUNTERPARTY_01678 Ef 1ES6X1[X],COUNTERPARTY_48241
135154c864f120d680065e2141113ad0,COMP_0793,invoice,2026-01-01,2026-01-31,2026-04-13 00:00:00,-214.3,0.0,EUR,EUR,1.0,paid,S.Fra /667 COUNTERPARTY_02692 Ef 126FF066386,COUNTERPARTY_50210
188aac676d0c2227cf35d39d708a1035,COMP_0001,invoice,2026-03-03,2026-04-02,2026-06-13 00:00:00,-94.89,0.0,EUR,EUR,1.0,paid,S.Fra /31 COUNTERPARTY_24926 Ef [NUM]/5/26/000848,COUNTERPARTY_55414
2fab7197cbf8a19a363f2fd57c6ec8eb,COMP_0793,invoice,2026-04-30,2026-05-30,2026-05-21 00:00:00,-231.72,0.0,EUR,EUR,1.0,paid,S.Fra /822 COUNTERPARTY_48090 Ef 1GR26-91931,COUNTERPARTY_48090
342c1e7ac129bd95873d4f607ed0f073,COMP_0793,invoice,2026-09-01,2026-10-01,2026-10-01 00:00:00,-161.9,-161.9,EUR,EUR,1.0,pending,S.Fra /1936 COUNTERPARTY_07226 Ef 1ES61M6S2ABEI,COUNTERPARTY_18040
412864eb1a3e735b16df8459ce3fbcb8,COMP_0793,invoice,2026-04-27,2026-04-27,2026-06-24 00:00:00,14906.99,0.0,EUR,EUR,1.0,paid,N.Fra TB2026F/238 COUNTERPARTY_49692 Ef 1,COUNTERPARTY_49692
476decb21dfcb4c3333a689cb4f6fa8a,COMP_0793,invoice,2026-03-16,2026-04-15,2026-04-09 00:00:00,-84.46,0.0,EUR,EUR,1.0,paid,S.Fra /573 COUNTERPARTY_07226 Ef 1ES6HG1TABEI,COUNTERPARTY_18040
76d43af444749db54ea7e7c5ece2f3c2,COMP_0001,invoice,2026-05-27,2026-06-26,2026-06-13 00:00:00,-79.1,0.0,EUR,EUR,1.0,paid,S.Fra /107 COUNTERPARTY_24926 Ef [NUM]/5/26/001554,COUNTERPARTY_55414
99fa2c5c4766277ba69a23f83b73ba16,COMP_0793,invoice,2026-07-14,2026-08-13,2026-08-06 00:00:00,-1076.9,0.0,EUR,EUR,1.0,paid,S.Fra /1605 COUNTERPARTY_47799 Ef [NUM],COUNTERPARTY_47799
b6a4eaa9ce21eff33d11ced9bf3a0698,COMP_0878,invoice,2026-03-13,2026-03-13,2026-04-09 00:00:00,89.1,0.0,EUR,EUR,1.0,paid,N.Fra TB2026F/2 COUNTERPARTY_115219 Ef 1,COUNTERPARTY_115219
b81e3df22a0cc9d235e98dd3c4f5711d,COMP_0793,invoice,2026-08-31,2026-09-30,2026-09-30 00:00:00,-221.43,-221.43,EUR,EUR,1.0,pending,S.Fra /2057 COUNTERPARTY_27660 Ef 1A/26269,COUNTERPARTY_27660
c16464b464b7caaea0998083d93ff403,COMP_0001,invoice,2026-01-26,2026-01-26,2026-05-20 00:00:00,14520.0,0.0,EUR,EUR,1.0,paid,N.Fra TB2026F/8 [COMPANY] Ef 1,COUNTERPARTY_03903
d10983dfe740de981a5b75bc606fda52,COMP_0793,invoice,2026-07-22,2026-07-22,2026-07-22 00:00:00,14576.62,14576.62,EUR,EUR,1.0,overdue,N.Fra TB2026F/480 COUNTERPARTY_49391 Ef 1,COUNTERPARTY_49391
d38714fa0a3a1a9104c09ab65b8f2944,COMP_0793,invoice,2026-05-29,2026-05-29,2026-07-20 00:00:00,22793.42,0.0,EUR,EUR,1.0,paid,N.Fra TB2026F/300 COUNTERPARTY_48639 Ef 1,COUNTERPARTY_48639
d4a8ea9e77b22adf36dfe8a4b6c3f6df,COMP_0793,invoice,2026-02-06,2026-02-06,2026-07-20 00:00:00,606.39,0.0,EUR,EUR,1.0,paid,N.Fra TB2026F/71 COUNTERPARTY_21959 Ef 1,COUNTERPARTY_21959
dd78de5f5a023b9f1ef7b3e251f5420b,COMP_0793,invoice,2026-05-29,2026-05-29,2026-05-29 00:00:00,42.2,42.2,EUR,EUR,1.0,overdue,N.Fra TB2026F/312 COUNTERPARTY_15082 Ef 1,COUNTERPARTY_15082
e25d83deb02ad207a88f585eba10c7c1,COMP_0793,invoice,2026-05-22,2026-05-22,2026-06-22 00:00:00,-220.24,0.0,EUR,EUR,1.0,paid,S.Fra /1037 COUNTERPARTY_33161 Ef 1S26/2270,COUNTERPARTY_47731
e4a68137bdf7103e994bfefbc5a55d7d,COMP_0793,invoice,2026-05-29,2026-05-29,2026-05-29 00:00:00,557.7,557.7,EUR,EUR,1.0,overdue,N.Fra TB2026F/307 COUNTERPARTY_48877 Ef 1,COUNTERPARTY_48877
e5a6c7720f8049209ce3ff43879a56f4,COMP_0793,invoice,2026-02-28,2026-03-30,2026-03-10 00:00:00,-2304.6,0.0,EUR,EUR,1.0,paid,S.Fra /399 COUNTERPARTY_63425. Ef 12026/204,COUNTERPARTY_63425
e9d080b1929b61b1ab564f1848856c81,COMP_0793,invoice,2025-03-19,2025-04-18,2026-07-22 00:00:00,-11.99,0.0,EUR,EUR,1.0,paid,S.Fra /265 COUNTERPARTY_07226 Ef 1ES5T7[X],COUNTERPARTY_18040
ec3b40b25b89d04526099e37d57e3bbb,COMP_0793,invoice,2026-07-03,2026-07-03,2026-08-06 00:00:00,-0.3,0.0,EUR,EUR,1.0,paid,S.Fra /1667 COUNTERPARTY_00061 Ef 13860,COUNTERPARTY_22769
f5f7073817e2ee110e3bb9d273f0ff07,COMP_0793,invoice,2026-08-01,2026-08-01,2026-08-01 00:00:00,-619.7,-619.7,EUR,EUR,1.0,overdue,S.Fra /2076 COUNTERPARTY_11720 Ef 1A[NUM],COUNTERPARTY_11720
fff81f376229d016fa6060ccde98423c,COMP_0793,invoice,2026-03-27,2026-03-27,2026-03-27 00:00:00,459.36,459.36,EUR,EUR,1.0,overdue,N.Fra TB2026F/186 COUNTERPARTY_48877 Ef 1,COUNTERPARTY_48877
25ee68f9cbf635bbd0bf76950c450f8c,COMP_0793,invoice,2026-06-11,2026-07-11,2026-06-22 00:00:00,-9.9,0.0,EUR,EUR,1.0,paid,S.Fra /1243 COUNTERPARTY_01767 Ef 134,COUNTERPARTY_01767
2b19e7b67832abd0dd7e800e2f0b2322,COMP_0001,invoice,2026-05-31,2026-05-31,2026-07-08 00:00:00,-176.5,0.0,EUR,EUR,1.0,paid,S.Fra /132 COUNTERPARTY_51811 Ef 1CI[NUM]-0526,COUNTERPARTY_51811
39e9d7198bb46cba0b9ca110cf22f03a,COMP_0001,invoice,2026-01-29,2026-02-28,2026-08-05 00:00:00,-371.47,0.0,EUR,EUR,1.0,paid,S.Fra /6 COUNTERPARTY_23347 Ef 1RR/260.047,COUNTERPARTY_23347
54ca808d0d1ead80b40e5e6545c31b1b,COMP_0793,invoice,2026-09-01,2026-10-01,2026-09-09 00:00:00,-137.33,0.0,EUR,EUR,1.0,paid,S.Fra /1953 COUNTERPARTY_18906 Ef 2[X]/2026/07281,COUNTERPARTY_18906
55b1b39aa187dcfcb0516f8f2e6201ab,COMP_0001,invoice,2026-03-27,2026-04-26,2026-05-20 00:00:00,-3.13,0.0,EUR,EUR,1.0,paid,S.Fra /50 COUNTERPARTY_35207 Ef 12026/1583,COUNTERPARTY_35207
7468e3f3095c3bec191b99ac0f9be52b,COMP_0793,invoice,2026-08-31,2026-09-30,2026-09-30 00:00:00,-194.21,-194.21,EUR,EUR,1.0,pending,S.Fra /2059 COUNTERPARTY_27660 Ef 1A/26268,COUNTERPARTY_27660
7c7c4c280c72db52af4d8541d04823b0,COMP_0793,invoice,2026-08-31,2026-08-31,2026-08-31 00:00:00,1122.21,1122.21,EUR,EUR,1.0,overdue,N.Fra TB2026F/570 COUNTERPARTY_48639 Ef 1,COUNTERPARTY_48639
a54dddcdb22ca60f86e71b6733fb60ff,COMP_0793,invoice,2026-08-31,2026-08-31,2026-08-31 00:00:00,-222.25,-222.25,EUR,EUR,1.0,overdue,S.Fra /2011 COUNTERPARTY_97947 Ef 12026-813,COUNTERPARTY_97947
ae9971b09cc627815437305a094adbec,COMP_0793,invoice,2026-06-28,2026-07-28,2026-09-09 00:00:00,-783.28,0.0,EUR,EUR,1.0,paid,S.Fra /1844 COUNTERPARTY_18405 Ef 144528,COUNTERPARTY_18405
b7ef526b443b405046b472135ec1a5d3,COMP_0793,invoice,2026-06-17,2026-07-17,2026-07-22 00:00:00,-77.64,0.0,EUR,EUR,1.0,paid,S.Fra /1422 COUNTERPARTY_07226 Ef 1ES614G99ABEI,COUNTERPARTY_18040
c6f93d30ec2a5d52f2e85f9b51224201,COMP_0793,invoice,2026-08-31,2026-08-31,2026-08-31 00:00:00,744.88,744.88,EUR,EUR,1.0,overdue,N.Fra TB2026F/545 COUNTERPARTY_49391 Ef 1,COUNTERPARTY_49391
edaa6b19cba59e87d0a82534b5f8d8dd,COMP_0793,invoice,2026-01-27,2026-01-27,2026-04-09 00:00:00,27666.32,0.0,EUR,EUR,1.0,paid,N.Fra TB2026F/17 COUNTERPARTY_10380 Ef 1,COUNTERPARTY_10380
f273b48d2658b482ee4d24f581312eba,COMP_0793,invoice,2026-06-23,2026-06-23,2026-08-06 00:00:00,-502.47,0.0,EUR,EUR,1.0,paid,S.Fra /1336 COUNTERPARTY_07783 Ef [NUM],COUNTERPARTY_49066
f3bbb7177f3d63a37e738fd3e19c33d7,COMP_0793,invoice,2026-07-03,2026-08-02,2026-07-20 00:00:00,-486.42,0.0,EUR,EUR,1.0,paid,S.Fra /1479 COUNTERPARTY_50327 Ef [NUM],COUNTERPARTY_50327
f4b6f87a99ca54280196626944aab083,COMP_0793,invoice,2026-05-15,2026-06-14,2026-06-22 00:00:00,-1579.1,0.0,EUR,EUR,1.0,paid,S.Fra /964 COUNTERPARTY_48443 Ef [NUM],COUNTERPARTY_48443
06c4460ed1ebc0842024a2d4de3ee35c,COMP_0793,invoice,2026-05-29,2026-05-29,2026-06-01 00:00:00,303.47,303.47,EUR,EUR,1.0,overdue,N.Fra TB2026F/357 COUNTERPARTY_03429 Ef 1,COUNTERPARTY_03429
0d733d22db4038ee87a93d2e7a700f3d,COMP_0793,invoice,2026-03-27,2026-03-27,2026-04-09 00:00:00,369.5,0.0,EUR,EUR,1.0,paid,N.Fra TB2026F/197 COUNTERPARTY_06305 Ef 1,COUNTERPARTY_06305
1e72d1cd96e26ed69a10630f70895487,COMP_0793,invoice,2026-07-31,2026-07-31,2026-07-31 00:00:00,-240.52,-240.52,EUR,EUR,1.0,overdue,S.Fra /1854 COUNTERPARTY_31505 Ef 1F2320/5,COUNTERPARTY_31505
28bee7797f06b5aa387d91e2ee2642f3,COMP_0001,invoice,2026-08-07,2026-09-06,2026-09-07 00:00:00,-50.0,0.0,EUR,EUR,1.0,paid,S.Fra /179 COUNTERPARTY_17285 Ef [NUM],COUNTERPARTY_17285
2eb2372a8c770f9cbb8e8d97f585ce37,COMP_0793,invoice,2026-04-28,2026-04-28,2026-05-20 00:00:00,-6047.28,0.0,EUR,EUR,1.0,paid,S.Fra /775 [COMPANY] Ef 130,COUNTERPARTY_22440
30e3d14edb3ee8d4787718f496df24fa,COMP_0793,invoice,2026-07-31,2026-07-31,2026-07-31 00:00:00,-4308.81,-4308.81,EUR,EUR,1.0,overdue,S.Fra /1867 COUNTERPARTY_39698 Ef [NUM],COUNTERPARTY_39698
37819abca38345b89ac5cfed49dcb00a,COMP_0793,invoice,2026-05-29,2026-05-29,2026-09-15 23:59:59,35783.46,0.0,EUR,EUR,1.0,paid,N.Fra TB2026F/345 COUNTERPARTY_47852 Ef 1,COUNTERPARTY_47852
85b9988739976553dfa27e1031ac6b7f,COMP_0793,invoice,2026-06-23,2026-06-23,2026-08-06 00:00:00,-422.19,0.0,EUR,EUR,1.0,paid,S.Fra /1342 COUNTERPARTY_07783 Ef [NUM],COUNTERPARTY_49066
86ac0c6927163f12bde148f88e03c645,COMP_0793,invoice,2025-12-23,2025-12-23,2026-04-09 00:00:00,87588.2,0.0,EUR,EUR,1.0,paid,N.Fra TB2025F/597 COUNTERPARTY_48298 Ef 1,COUNTERPARTY_48298
88976e4d51c626d557ebea561bde7306,COMP_0793,invoice,2025-12-30,2026-01-29,2026-07-15 00:00:00,-22.93,0.0,EUR,EUR,1.0,paid,S.Fra /1312 COUNTERPARTY_31108 Ef 12025/488,COUNTERPARTY_31108
95f2fcfa99aa6a5230e3acefd6087419,COMP_0878,invoice,2026-01-30,2026-01-30,2026-06-10 00:00:00,-503.14,0.0,EUR,EUR,1.0,paid,S.Fra /23 COUNTERPARTY_10436 Ef 1FA125383,COUNTERPARTY_31816
982d3899809372a0eedfe711e85dc33f,COMP_0793,invoice,2026-03-05,2026-03-05,2026-04-13 00:00:00,-21.5,0.0,EUR,EUR,1.0,paid,S.Fra /502 COUNTERPARTY_115803 Ef [REF],COUNTERPARTY_115803
9f5be7968d6cedf5e288da50166227f2,COMP_0793,invoice,2026-03-23,2026-03-23,2026-04-09 00:00:00,-1331.0,0.0,EUR,EUR,1.0,paid,S.Fra /569 COUNTERPARTY_07284 Ef 1956,COUNTERPARTY_07284
ad1125c56ffe60bf5d750770618c999e,COMP_0793,invoice,2026-07-01,2026-07-31,2026-07-15 00:00:00,-664.14,0.0,EUR,EUR,1.0,paid,S.Fra /1466 COUNTERPARTY_10795 Ef 11Y06415M,COUNTERPARTY_23778
b677c02272608861713661be8ae53c9e,COMP_0793,invoice,2025-10-28,2025-10-28,2025-10-28 00:00:00,980.51,980.51,EUR,EUR,1.0,overdue,N.Fra TB2025F/474 COUNTERPARTY_48877 Ef 1,COUNTERPARTY_48877
bf92bfcc293ef48b7e49efeb17b01936,COMP_0793,invoice,2026-06-08,2026-08-07,2026-06-22 00:00:00,-455.79,0.0,EUR,EUR,1.0,paid,S.Fra /1220 COUNTERPARTY_42722 Ef 1F[NUM],COUNTERPARTY_42722
c768124a8d2a5544c71537526f8dafe1,COMP_0793,invoice,2026-06-04,2026-07-04,2026-07-20 00:00:00,-47.5,0.0,EUR,EUR,1.0,paid,S.Fra /1500 COUNTERPARTY_114815 Ef 12026/02626,COUNTERPARTY_114815
ce47f19d64b55898acd71baacb47f803,COMP_0793,invoice,2026-07-20,2026-07-20,2026-08-06 00:00:00,-148.71,0.0,EUR,EUR,1.0,paid,S.Fra /1546 COUNTERPARTY_44962 Ef 15558,COUNTERPARTY_44962
cec0df43ef5128d5adecabb9e828887d,COMP_0793,invoice,2026-04-27,2026-05-27,2026-06-24 00:00:00,270.14,0.0,EUR,EUR,1.0,paid,N.Fra TB2026F/229 COUNTERPARTY_49557 Ef 1,COUNTERPARTY_49557
d606fa0ec1c5c835e4e63e54f3e33c2a,COMP_0793,invoice,2026-05-12,2026-05-12,2026-05-12 00:00:00,-44.32,-44.32,EUR,EUR,1.0,overdue,S.Fra /[COMPANY] Ef [REF],COUNTERPARTY_18441
e2affbd36faa3466e4ab3d00135dd6d6,COMP_0793,invoice,2026-08-26,2026-09-25,2026-09-10 00:00:00,-95.58,0.0,EUR,EUR,1.0,paid,S.Fra /1916 COUNTERPARTY_47799 Ef [NUM],COUNTERPARTY_47799
edff53e828155ed2cebcdb0e8aa9bde5,COMP_0793,invoice,2026-05-30,2026-05-30,2026-08-06 00:00:00,-71.16,0.0,EUR,EUR,1.0,paid,S.Fra /1119 COUNTERPARTY_23799. Ef 132196,COUNTERPARTY_28032
085c93f741d5bf3a05ee1059be8cbfdc,COMP_0793,invoice,2026-06-26,2026-06-26,2026-06-26 00:00:00,1421.15,1421.15,EUR,EUR,1.0,overdue,N.Fra TB2026F/454 COUNTERPARTY_51678 Ef 1,COUNTERPARTY_51678
219dd68858cdf10d54b5aecbaee47914,COMP_0793,invoice,2026-05-01,2026-05-01,2026-05-21 00:00:00,-188.76,0.0,EUR,EUR,1.0,paid,S.Fra /867 COUNTERPARTY_07284 Ef 11.431,COUNTERPARTY_07284
25b5b26177c72551ba66afefca71f441,COMP_0793,invoice,2026-04-01,2026-04-01,2026-07-20 00:00:00,27590.66,0.0,EUR,EUR,1.0,paid,N.Fra TB2026F/206 COUNTERPARTY_10380 Ef 1,COUNTERPARTY_10380
3d5bb22d3c41723421e00cad03a1c543,COMP_0001,invoice,2026-05-30,2026-06-29,2026-06-13 00:00:00,-5.45,0.0,EUR,EUR,1.0,paid,S.Fra /112 COUNTERPARTY_12457 Ef [NUM],COUNTERPARTY_94951
4519223fd12d2fd6854e74390d29b617,COMP_0793,invoice,2026-08-31,2026-08-31,2026-08-31 00:00:00,-226.58,-226.58,EUR,EUR,1.0,overdue,S.Fra /2009 COUNTERPARTY_116024 Ef [NUM],COUNTERPARTY_116024
55442d141e01a22c02fab3ff07f484d4,COMP_0793,invoice,2026-07-08,2026-07-08,2026-08-06 00:00:00,-825.95,0.0,EUR,EUR,1.0,paid,S.Fra /1582 COUNTERPARTY_33161 Ef 1S26/3622,COUNTERPARTY_47731
5ad088d38c7f037c5db8ad33abf5bf23,COMP_0793,invoice,2026-06-22,2026-06-22,2026-07-22 00:00:00,-27.66,0.0,EUR,EUR,1.0,paid,S.Fra /1443 COUNTERPARTY_07226 Ef 1ES615R2CABEI,COUNTERPARTY_18040
5d5ceca46b2e32b3816d302e91041be1,COMP_0793,invoice,2026-01-26,2026-01-26,2026-04-13 00:00:00,-14520.0,0.0,EUR,EUR,1.0,paid,S.Fra /70 [COMPANY] Ef 18,COUNTERPARTY_22440
872dbc1395ecdbee86c5242de4d0802d,COMP_0793,invoice,2026-08-11,2026-08-11,2026-08-11 00:00:00,-517.84,-517.84,EUR,EUR,1.0,overdue,S.Fra /2053 COUNTERPARTY_17871 Ef 1FRAV.559034,COUNTERPARTY_17871
944b8d9de24ee0ebc60bc09fdc937d93,COMP_0793,invoice,2026-05-29,2026-05-29,2026-06-22 00:00:00,-278.91,0.0,EUR,EUR,1.0,paid,S.Fra /1021 COUNTERPARTY_97947 Ef 12026-541,COUNTERPARTY_97947
94db9010916383fe9c1b3896222fb5af,COMP_0793,invoice,2026-05-12,2026-06-11,2026-06-22 00:00:00,-14.23,0.0,EUR,EUR,1.0,paid,S.Fra /1084 COUNTERPARTY_07226 Ef 1ES6[X],COUNTERPARTY_18040
a17959ce9fcc4c2e01aa1c87ac6eee5b,COMP_0793,invoice,2026-07-17,2026-08-16,2026-07-22 00:00:00,-9.6,0.0,EUR,EUR,1.0,paid,S.Fra /1637 COUNTERPARTY_07226 Ef 1ES61CJ4VABEI,COUNTERPARTY_18040
ba3eb7031cc0dce3b5571d2a66217e75,COMP_0793,invoice,2026-03-26,2026-04-25,2026-04-13 00:00:00,-153.37,0.0,EUR,EUR,1.0,paid,S.Fra /553 COUNTERPARTY_48090 Ef 191779,COUNTERPARTY_48090
c3d5e02542f8c9c9ed91450c472feb16,COMP_0001,invoice,2026-01-26,2026-01-26,2026-05-20 00:00:00,273.73,0.0,EUR,EUR,1.0,paid,N.Fra TB2026F/5 [COMPANY] Ef 1,COUNTERPARTY_03903
c8b52699328d2392f14e4dc1a84ef00a,COMP_0793,invoice,2026-07-31,2026-07-31,2026-08-06 00:00:00,-653.4,0.0,EUR,EUR,1.0,paid,S.Fra /1810 COUNTERPARTY_33161 Ef 1S26/4441,COUNTERPARTY_47731
d5ab526b9b9ed0120c42a6217e6d655b,COMP_0793,invoice,2026-07-23,2026-08-22,2026-08-22 00:00:00,76998.35,76998.35,EUR,EUR,1.0,overdue,N.Fra TB2026F/513 COUNTERPARTY_05961 Ef 1,COUNTERPARTY_05961
dab28f956202c1a68569b1ec642699a2,COMP_0793,invoice,2026-05-26,2026-05-26,2026-06-22 00:00:00,-1489.03,0.0,EUR,EUR,1.0,paid,S.Fra /1011 COUNTERPARTY_07277. Ef 12026/600,COUNTERPARTY_07277
e8b11c6086c38e1ea75086d1b2e4c87f,COMP_0793,invoice,2026-03-26,2026-03-26,2026-06-24 00:00:00,7930.32,0.0,EUR,EUR,1.0,paid,N.Fra TB2026F/177 COUNTERPARTY_48639 Ef 1,COUNTERPARTY_48639
f55b1f595400e4bafcd6ed828e811ed9,COMP_0793,invoice,2026-06-03,2026-07-03,2026-07-22 00:00:00,-10.99,0.0,EUR,EUR,1.0,paid,S.Fra /1413 COUNTERPARTY_07226 Ef 1ES610[X],COUNTERPARTY_18040
07b2e26e25ca4d047cbc131e7c6396fd,COMP_0793,invoice,2026-05-31,2026-05-31,2026-06-22 00:00:00,-125.84,0.0,EUR,EUR,1.0,paid,S.Fra /1143 COUNTERPARTY_33161 Ef 1S26/2480,COUNTERPARTY_47731
0e9d6b4edcfa1d5517acdf3fa802b996,COMP_0793,invoice,2026-06-23,2026-06-23,2026-08-06 00:00:00,-2176.78,0.0,EUR,EUR,1.0,paid,S.Fra /1339 COUNTERPARTY_07783 Ef [NUM],COUNTERPARTY_49066
16c7b065f37da42b7e3df2d129576c94,COMP_0793,invoice,2026-06-26,2026-07-26,2026-08-06 00:00:00,-99.34,0.0,EUR,EUR,1.0,paid,S.Fra /1481 COUNTERPARTY_23748 Ef 1FV[NUM],COUNTERPARTY_23748
1a6a566b0db82481e3bf5a6dd6d126e9,COMP_0793,invoice,2026-04-01,2026-04-01,2026-07-20 00:00:00,28542.54,0.0,EUR,EUR,1.0,paid,N.Fra TB2026F/207 COUNTERPARTY_10380 Ef 1,COUNTERPARTY_10380
3278204b342647556c5234dddc20b2f1,COMP_0793,invoice,2026-03-16,2026-03-16,2026-04-13 00:00:00,-235.39,0.0,EUR,EUR,1.0,paid,S.Fra /484 COUNTERPARTY_116322 Ef 1A[NUM],COUNTERPARTY_116322
3885a9a10085ba7efc915d851223d72e,COMP_0793,invoice,2026-03-25,2026-03-25,2026-04-13 00:00:00,-5906.14,0.0,EUR,EUR,1.0,paid,S.Fra /535 [COMPANY] Ef 121,COUNTERPARTY_22440
3c934013d5347ba657e178dceec9645e,COMP_0793,invoice,2026-03-20,2026-04-19,2026-04-13 00:00:00,-118.43,0.0,EUR,EUR,1.0,paid,S.Fra /670 COUNTERPARTY_48575 Ef [NUM],COUNTERPARTY_48575
4121d8bd125ee4a223a9a8ca55d478c6,COMP_0793,invoice,2026-06-03,2026-06-03,2026-06-22 00:00:00,-59.29,0.0,EUR,EUR,1.0,paid,S.Fra /1169 COUNTERPARTY_07277. Ef 12026/644,COUNTERPARTY_07277
4178fb782f223668cb02caa4946502f1,COMP_0793,invoice,2026-05-13,2026-05-13,2026-05-20 00:00:00,-33402.53,0.0,EUR,EUR,1.0,paid,S.Fra /930 [COMPANY] Ef 135,COUNTERPARTY_22440
48542118095f45a27cba37f2935bcb2a,COMP_0793,invoice,2026-08-31,2026-08-31,2026-08-31 00:00:00,31531.1,31531.1,EUR,EUR,1.0,overdue,N.Fra TB2026F/574 COUNTERPARTY_116351 Ef 1,COUNTERPARTY_116351
646c89c6ea75e65f017dffb231d2e339,COMP_0793,invoice,2026-08-20,2026-09-19,2026-09-19 00:00:00,-180.9,-180.9,EUR,EUR,1.0,pending,S.Fra /1943 COUNTERPARTY_116389 Ef 1F-877,COUNTERPARTY_116389
672b923f7a4b95d3950b0ffd99d64d82,COMP_0793,invoice,2026-04-17,2026-04-17,2026-05-21 00:00:00,-9.98,0.0,EUR,EUR,1.0,paid,S.Fra /870 COUNTERPARTY_07226 Ef 1ES6OV9DABEI,COUNTERPARTY_18040
6a70562119244021a6da6cd0419f1ede,COMP_0793,invoice,2026-02-25,2026-02-25,2026-07-20 00:00:00,-29157.77,0.0,EUR,EUR,1.0,paid,N.Fra [X]/5 COUNTERPARTY_10380 Ef 1,COUNTERPARTY_10380
6babfc98df52a2060ee964ddd628cad9,COMP_0793,invoice,2026-03-17,2026-04-16,2026-04-16 00:00:00,-75.56,-75.56,EUR,EUR,1.0,overdue,S.Fra /495 COUNTERPARTY_48052 Ef 1A364664,COUNTERPARTY_48052
76b704e865be17ee6772737f2e163127,COMP_0793,invoice,2026-06-26,2026-06-26,2026-07-20 00:00:00,-46.46,0.0,EUR,EUR,1.0,paid,N.Fra [X]/16 COUNTERPARTY_48298 Ef 1,COUNTERPARTY_48298
b58bc0dc60c37974100d0ab12e11886c,COMP_0793,invoice,2026-06-18,2026-06-18,2026-07-20 00:00:00,-324.36,0.0,EUR,EUR,1.0,paid,S.Fra /1327 COUNTERPARTY_40288 Ef 1TB-2026-F6,COUNTERPARTY_40288
b876f761d5bf394b6fb72b8224c59a19,COMP_0793,invoice,2026-03-27,2026-03-27,2026-04-09 00:00:00,239.5,0.0,EUR,EUR,1.0,paid,N.Fra TB2026F/182 COUNTERPARTY_15358 Ef 1,COUNTERPARTY_15358
bb0c81091d74b051b4417f80f9e40502,COMP_0793,invoice,2026-03-10,2026-04-09,2026-04-13 00:00:00,-114.27,0.0,EUR,EUR,1.0,paid,S.Fra /528 COUNTERPARTY_116506 Ef [NUM],COUNTERPARTY_116506
c4341fac6a3149fdaae04c6f3ce72f2f,COMP_0793,invoice,2026-03-15,2026-04-14,2026-05-20 00:00:00,-220.22,0.0,EUR,EUR,1.0,paid,S.Fra /509 COUNTERPARTY_18405 Ef 1FVT26-17862,COUNTERPARTY_18405
c9502d4f36acc0a1cc0f67331f7fd943,COMP_0793,invoice,2026-03-12,2026-04-11,2026-04-09 00:00:00,-230.97,0.0,EUR,EUR,1.0,paid,S.Fra /466 COUNTERPARTY_18477 Ef [NUM]/AV,COUNTERPARTY_31747
d4f3c39b60554d45d92d877bab6f13d8,COMP_0793,invoice,2026-06-23,2026-07-23,2026-07-23 00:00:00,195.25,195.25,EUR,EUR,1.0,overdue,N.Fra TB2026F/421 COUNTERPARTY_54687 Ef 1,COUNTERPARTY_54687
dc85a290f9e77edf8e2a63014bb48c71,COMP_0793,invoice,2026-05-29,2026-05-29,2026-06-02 00:00:00,219.83,219.83,EUR,EUR,1.0,overdue,N.Fra TB2026F/313 COUNTERPARTY_38868 Ef 1,COUNTERPARTY_38868
fa9573816980aa946d6819bcdf224abb,COMP_0793,invoice,2026-06-25,2026-06-25,2026-08-06 00:00:00,-228.69,0.0,EUR,EUR,1.0,paid,S.Fra /1735 COUNTERPARTY_33161 Ef 1S26/3119,COUNTERPARTY_47731
4bbc5a794da4e8bb78ba2a4651b71cd6,COMP_0793,invoice,2026-05-29,2026-05-29,2026-07-20 00:00:00,32020.52,0.0,EUR,EUR,1.0,paid,N.Fra TB2026F/298 COUNTERPARTY_48639 Ef 1,COUNTERPARTY_48639
560800436b7f89fa02ea7ff91ddf1508,COMP_0793,invoice,2026-07-23,2026-07-23,2026-07-23 00:00:00,5610.0,5610.0,EUR,EUR,1.0,overdue,N.Fra TB2026F/509 COUNTERPARTY_19200 Ef 1,COUNTERPARTY_19200
71c7aaade4f9f9baeb01e7770e952dba,COMP_0793,invoice,2026-05-29,2026-05-29,2026-06-02 00:00:00,254.54,254.54,EUR,EUR,1.0,overdue,N.Fra TB2026F/323 COUNTERPARTY_15594 Ef 1,COUNTERPARTY_15594
7505691faa3d5538c7a0d4df972eaaeb,COMP_0793,invoice,2026-04-30,2026-04-30,2026-06-22 00:00:00,-145.05,0.0,EUR,EUR,1.0,paid,S.Fra /904 COUNTERPARTY_44986 Ef 1L3270,COUNTERPARTY_44986
899cf18abce42f588924b90654e76239,COMP_0001,invoice,2026-08-06,2026-08-06,2026-09-07 00:00:00,30394.06,0.0,EUR,EUR,1.0,paid,N.Fra TB2026F/61 [COMPANY] Ef 1,COUNTERPARTY_03903
95eb5193f9f284c0ab42f65db0c44e6d,COMP_0793,invoice,2026-04-23,2026-05-23,2026-05-20 00:00:00,-33.28,0.0,EUR,EUR,1.0,paid,S.Fra /892 COUNTERPARTY_10160 Ef 1F[NUM],COUNTERPARTY_35185
99cebd25ebee9d955899725e72361757,COMP_0793,invoice,2026-02-19,2026-03-21,2026-04-09 00:00:00,-3388.0,0.0,EUR,EUR,1.0,paid,S.Fra /334 COUNTERPARTY_18583 Ef [NUM],COUNTERPARTY_18583
a84b8957d66f09d776e754bf495027da,COMP_0878,invoice,2026-06-30,2026-06-30,2026-07-08 00:00:00,-215.43,0.0,EUR,EUR,1.0,paid,S.Fra /162 COUNTERPARTY_37113 Ef [NUM],COUNTERPARTY_37113
bc6a17dc645aa9f3bbe3ba35652dcd86,COMP_0793,invoice,2026-07-29,2026-07-29,2026-07-31 00:00:00,152.86,152.86,EUR,EUR,1.0,overdue,N.Fra TB2026F/529 COUNTERPARTY_38868 Ef 1,COUNTERPARTY_38868
ca9cf2323164cabecc0f1127cf20bddc,COMP_0793,invoice,2026-08-22,2026-08-22,2026-08-22 00:00:00,-220.63,-220.63,EUR,EUR,1.0,overdue,S.Fra /1865 COUNTERPARTY_23799. Ef [NUM],COUNTERPARTY_28032
d11a5a6695ed38d0366fbdc86cb818c2,COMP_0793,invoice,2026-04-27,2026-05-27,2026-06-22 00:00:00,-35.93,0.0,EUR,EUR,1.0,paid,S.Fra /812 COUNTERPARTY_23748 Ef 1FV[NUM],COUNTERPARTY_23748
dc1459c1cdc2b8e79759e2c49ed2b1af,COMP_0793,invoice,2026-08-17,2026-08-17,2026-08-17 00:00:00,-641.3,-641.3,EUR,EUR,1.0,overdue,S.Fra /1900 COUNTERPARTY_107847 Ef 1A-[NUM],COUNTERPARTY_107847
f6ea79dffdb16b21cf1307c04358f309,COMP_0793,invoice,2026-04-28,2026-04-28,2026-05-20 00:00:00,-33402.53,0.0,EUR,EUR,1.0,paid,S.Fra /818 [COMPANY] Ef 129,COUNTERPARTY_22440
05516a7913cee8f0f10903b4f10e5ec4,COMP_0793,invoice,2026-07-24,2026-07-24,2026-08-06 00:00:00,-2.5,0.0,EUR,EUR,1.0,paid,S.Fra /1767 COUNTERPARTY_07226 Ef 1ES61[X],COUNTERPARTY_18040
0f101957c380af9cc83609b3b4eb182e,COMP_0793,invoice,2026-04-04,2026-05-04,2026-05-21 00:00:00,-6.99,0.0,EUR,EUR,1.0,paid,S.Fra /853 COUNTERPARTY_07226 Ef 1ES6[X],COUNTERPARTY_18040
16df2dc1b4a0a9592d2d4a5f1b35fc16,COMP_0793,invoice,2026-06-12,2026-06-12,2026-07-20 00:00:00,-580.36,0.0,EUR,EUR,1.0,paid,S.Fra /1277 COUNTERPARTY_33161 Ef 1S26/2790,COUNTERPARTY_47731
192fe51a08dc21b896b1b7bc92985448,COMP_0793,invoice,2026-06-04,2026-06-04,2026-06-22 00:00:00,-84.7,0.0,EUR,EUR,1.0,paid,S.Fra /1180 COUNTERPARTY_30640 Ef [NUM],COUNTERPARTY_30640
2386ebbb535c7a411140172218174478,COMP_0793,invoice,2026-08-31,2026-08-31,2026-08-31 00:00:00,-665.5,-665.5,EUR,EUR,1.0,overdue,S.Fra /2018 COUNTERPARTY_116961 Ef 1TB-2026-F99,COUNTERPARTY_116961
2c9c21c637d7ba02f0e873df67da97d8,COMP_0001,invoice,2026-08-31,2026-09-30,2026-09-30 00:00:00,-189.81,-189.81,EUR,EUR,1.0,pending,S.Fra /197 COUNTERPARTY_07183 Ef 12773,COUNTERPARTY_50543
32f59e7ec71df83c7a13d8e34d2686f0,COMP_0793,invoice,2026-06-30,2026-08-29,2026-07-20 00:00:00,-509.13,0.0,EUR,EUR,1.0,paid,S.Fra /1373 COUNTERPARTY_42722 Ef 1F[NUM],COUNTERPARTY_42722
37ad05468846192a180920c378837d33,COMP_0793,invoice,2026-04-29,2026-04-29,2026-04-29 00:00:00,746.12,746.12,EUR,EUR,1.0,overdue,N.Fra TB2026F/280 COUNTERPARTY_110976 Ef 1,COUNTERPARTY_110976
53483c00d7a54a2a3b7ae82efce667e7,COMP_0793,invoice,2026-03-21,2026-04-20,2026-04-13 00:00:00,-194.98,0.0,EUR,EUR,1.0,paid,S.Fra /[COMPANY] Ef [NUM],COUNTERPARTY_43184
58b2347f2193359aa270d67c08527bbb,COMP_0793,invoice,2026-09-01,2026-09-01,2026-09-01 00:00:00,-357.45,-357.45,EUR,EUR,1.0,overdue,S.Fra /2019 COUNTERPARTY_34275. Ef 1TB-2026-F629,COUNTERPARTY_34275
73a3148aa93cd950c6617cb2ba62c528,COMP_0793,invoice,2026-04-01,2026-05-01,2026-04-13 00:00:00,-46.94,0.0,EUR,EUR,1.0,paid,S.Fra /675 COUNTERPARTY_10795 Ef 11E49104L,COUNTERPARTY_23778
93128a6b45ded28795712abac7ad7582,COMP_0793,invoice,2026-07-03,2026-07-03,2026-07-20 00:00:00,211.73,0.0,EUR,EUR,1.0,paid,N.Fra TB2026F/475 COUNTERPARTY_29645 Ef 1,COUNTERPARTY_33449
9ff464401a8e7097363af00697c7a597,COMP_0793,invoice,2026-05-29,2026-05-29,2026-05-29 00:00:00,1218.68,1218.68,EUR,EUR,1.0,overdue,N.Fra TB2026F/305 COUNTERPARTY_48877 Ef 1,COUNTERPARTY_48877
a3de08c3051a07b62411cbbc548a6bbe,COMP_0793,invoice,2026-05-13,2026-05-13,2026-05-20 00:00:00,-6050.0,0.0,EUR,EUR,1.0,paid,S.Fra /887 [COMPANY] Ef 139,COUNTERPARTY_22440
a941a45f7e27ca86b5884f873580c71d,COMP_0793,invoice,2026-07-06,2026-07-06,2026-07-20 00:00:00,-8.26,0.0,EUR,EUR,1.0,paid,N.Fra [X]/17 COUNTERPARTY_06351 Ef 1,COUNTERPARTY_06351
aee25a1451be8bcc395f63b8f891537d,COMP_0793,invoice,2026-07-22,2026-07-22,2026-07-22 00:00:00,17917.72,17917.72,EUR,EUR,1.0,overdue,N.Fra TB2026F/494 COUNTERPARTY_49692 Ef 1,COUNTERPARTY_49692
b173e1d46ed62c80261634c864b528df,COMP_0793,invoice,2026-01-12,2026-01-12,2026-03-10 00:00:00,-290.4,0.0,EUR,EUR,1.0,paid,S.Fra /22 COUNTERPARTY_42909. Ef 126/40,COUNTERPARTY_42909
bb1f6b023c91cbb3c1129882427cf8a6,COMP_0793,invoice,2026-07-14,2026-08-13,2026-07-22 00:00:00,-40.38,0.0,EUR,EUR,1.0,paid,S.Fra /1632 COUNTERPARTY_07226 Ef 1ES61BM3BABEI,COUNTERPARTY_18040
bc5028504edca7f9d3725e00aaa87316,COMP_0793,invoice,2026-05-10,2026-06-09,2026-06-22 00:00:00,-123.88,0.0,EUR,EUR,1.0,paid,S.Fra /929 COUNTERPARTY_18405 Ef 1FVR26-31821,COUNTERPARTY_18405
cee1f3a69c992cc6ef6fa79540d14a2b,COMP_0793,invoice,2026-06-23,2026-06-23,2026-07-20 00:00:00,9501.42,0.0,EUR,EUR,1.0,paid,N.Fra TB2026F/398 COUNTERPARTY_48639 Ef 1,COUNTERPARTY_48639
cfff682ee35e61b73b28d6517a00b3a9,COMP_0793,invoice,2026-07-29,2026-07-29,2026-07-29 00:00:00,702.88,702.88,EUR,EUR,1.0,overdue,N.Fra TB2026F/525 COUNTERPARTY_48877 Ef 1,COUNTERPARTY_48877
d1ddaac17048cc68eea1e95a1f2b33f5,COMP_0793,invoice,2026-04-23,2026-04-23,2026-06-22 00:00:00,-301.5,0.0,EUR,EUR,1.0,paid,S.Fra /857 COUNTERPARTY_07783 Ef [NUM],COUNTERPARTY_49066
d5647164d858cc9fa0d76baebf617e12,COMP_0001,invoice,2026-04-30,2026-04-30,2026-06-13 00:00:00,-135.06,0.0,EUR,EUR,1.0,paid,S.Fra /94 COUNTERPARTY_51811 Ef 1CI[NUM]-0426,COUNTERPARTY_51811
d5a2632dec41d06c548819cd9779e7c7,COMP_0793,invoice,2026-07-23,2026-07-23,2026-07-23 00:00:00,35783.46,35783.46,EUR,EUR,1.0,overdue,N.Fra TB2026F/514 COUNTERPARTY_47852 Ef 1,COUNTERPARTY_47852
dcafb02e4bfde53f0911919b028912fe,COMP_0793,invoice,2026-04-29,2026-04-29,2026-04-29 00:00:00,973.71,973.71,EUR,EUR,1.0,overdue,N.Fra TB2026F/279 COUNTERPARTY_110976 Ef 1,COUNTERPARTY_110976
ec870781f0c9159de12d1466353f0987,COMP_0793,invoice,2026-06-23,2026-06-23,2026-08-06 00:00:00,-30.0,0.0,EUR,EUR,1.0,paid,S.Fra /1334 COUNTERPARTY_07783 Ef [NUM],COUNTERPARTY_49066
05032e00baa82247f580f62fa92ef2a0,COMP_0793,invoice,2026-02-19,2026-02-19,2026-04-13 00:00:00,-705.73,0.0,EUR,EUR,1.0,paid,S.Fra /335 COUNTERPARTY_12085 Ef [NUM],COUNTERPARTY_12085
129f5986b865a312a39fa05ef5948efc,COMP_0793,invoice,2026-07-31,2026-08-30,2026-08-06 00:00:00,-290.15,0.0,EUR,EUR,1.0,paid,S.Fra /1821 COUNTERPARTY_51859 Ef 144914,COUNTERPARTY_51859
1ccd0079f11e424d114f9428b07cdb18,COMP_0793,invoice,2025-12-31,2025-12-31,2025-12-31 00:00:00,117.81,117.81,EUR,EUR,1.0,overdue,N.Fra TB2025F/621 COUNTERPARTY_48877 Ef 1,COUNTERPARTY_48877
25eab212fd4097b91a2ae8623b90a022,COMP_0793,invoice,2026-02-25,2026-02-25,2026-04-09 00:00:00,17107.54,0.0,EUR,EUR,1.0,paid,N.Fra TB2026F/118 COUNTERPARTY_48639 Ef 1,COUNTERPARTY_48639
3a2b4bc565328f6a9de76cdc5d501b49,COMP_0793,invoice,2026-06-04,2026-06-04,2026-06-22 00:00:00,-1546.38,0.0,EUR,EUR,1.0,paid,S.Fra /1183 COUNTERPARTY_33161 Ef 1S26/2576,COUNTERPARTY_47731
3cda9e621be3d4c92af6908e54203e75,COMP_0793,invoice,2026-05-29,2026-05-29,2026-06-22 00:00:00,-672.84,0.0,EUR,EUR,1.0,paid,S.Fra /1160 COUNTERPARTY_31505 Ef 15,COUNTERPARTY_31505
3efefc322556e5b1b1f5a1810a0cbbd9,COMP_0001,invoice,2026-08-29,2026-09-28,2026-09-07 00:00:00,-7260.0,0.0,EUR,EUR,1.0,paid,S.Fra /191 COUNTERPARTY_26899 Ef 115,COUNTERPARTY_26899
595ffffe69a8a11bc59d9d2ddaff07d5,COMP_0793,invoice,2026-05-29,2026-06-27,2026-06-24 00:00:00,360.19,0.0,EUR,EUR,1.0,paid,N.Fra TB2026F/343 COUNTERPARTY_49557 Ef 1,COUNTERPARTY_49557
65cd1317738e2a373ee64c8a00f73203,COMP_0001,invoice,2026-07-23,2026-08-22,2026-08-22 00:00:00,-130.02,-130.02,EUR,EUR,1.0,overdue,S.Fra /161 COUNTERPARTY_24926 Ef [NUM]/5/26/001119,COUNTERPARTY_55414
71408340f49af088b2de3fc5ff78c1df,COMP_0793,invoice,2026-06-30,2026-06-30,2026-06-30 00:00:00,-43.91,-43.91,EUR,EUR,1.0,overdue,S.Fra /1396 COUNTERPARTY_23799. Ef [NUM],COUNTERPARTY_28032
77ce018c0365234cdf129dbcfc30cc5b,COMP_0793,invoice,2026-07-22,2026-07-22,2026-08-06 00:00:00,-190.8,0.0,EUR,EUR,1.0,paid,S.Fra /1741 COUNTERPARTY_54547 Ef 1F/2026/7,COUNTERPARTY_54547
7b79dd4eed8024be740b8e83c567d06f,COMP_0793,invoice,2026-08-04,2026-09-03,2026-09-03 00:00:00,-157.3,-157.3,EUR,EUR,1.0,overdue,S.Fra /1777 COUNTERPARTY_107173 Ef 1CB-RE-2026-137814,COUNTERPARTY_107173
7fef57c5d8e3ab8b11fa757639a4f0c0,COMP_0793,invoice,2026-04-30,2026-05-30,2026-05-21 00:00:00,-1697.33,0.0,EUR,EUR,1.0,paid,S.Fra /825 COUNTERPARTY_48090 Ef 1GR26-91932,COUNTERPARTY_48090
84ea32beea3e2c452447bea840f31679,COMP_0793,invoice,2026-05-29,2026-05-29,2026-05-29 00:00:00,1421.15,1421.15,EUR,EUR,1.0,overdue,N.Fra TB2026F/321 COUNTERPARTY_51678 Ef 1,COUNTERPARTY_51678
883509eed0ea4747d51d0abef6ab58ae,COMP_0793,invoice,2026-05-29,2026-05-29,2026-05-29 00:00:00,963.37,963.37,EUR,EUR,1.0,overdue,N.Fra TB2026F/306 COUNTERPARTY_48877 Ef 1,COUNTERPARTY_48877
9b13797f502b3de4dcbaee0b6db32ab3,COMP_0793,invoice,2026-04-25,2026-05-25,2026-05-21 00:00:00,-7.51,0.0,EUR,EUR,1.0,paid,S.Fra /860 COUNTERPARTY_07226 Ef 1ES6[X],COUNTERPARTY_18040
b207fa91fd1c5e80992c9eca82e341b9,COMP_0793,invoice,2026-06-23,2026-06-23,2026-07-20 00:00:00,11266.84,0.0,EUR,EUR,1.0,paid,N.Fra TB2026F/407 COUNTERPARTY_49391 Ef 1,COUNTERPARTY_49391
b68656e418b54df8909bdc895fde82e0,COMP_0793,invoice,2026-07-27,2026-08-26,2026-08-06 00:00:00,-132.0,0.0,EUR,EUR,1.0,paid,S.Fra /1750 COUNTERPARTY_07226 Ef 1ES61[X],COUNTERPARTY_18040
b7d9a2f49b67397ecf0d519539dd6aa9,COMP_0793,invoice,2026-05-08,2026-05-08,2026-06-22 00:00:00,-73.25,0.0,EUR,EUR,1.0,paid,S.Fra /1053 COUNTERPARTY_07226 Ef 1ES6[X]6ABEI,COUNTERPARTY_18040
b846101e63d7bf59dd5bfa03f83f6217,COMP_0001,invoice,2026-06-25,2026-07-25,2026-07-08 00:00:00,-58.09,0.0,EUR,EUR,1.0,paid,S.Fra /133 COUNTERPARTY_24926 Ef [NUM]/5/26/000314,COUNTERPARTY_55414
bb41eb1b3140ef407f4b97df678abaf0,COMP_0793,invoice,2026-03-24,2026-04-23,2026-06-24 00:00:00,17987.59,0.0,EUR,EUR,1.0,paid,N.Fra TB2026F/151 COUNTERPARTY_54687 Ef 1,COUNTERPARTY_54687
cf56a1a7f104c7463a55595c7caf6e0f,COMP_0793,invoice,2026-06-23,2026-06-23,2026-08-06 00:00:00,-40.0,0.0,EUR,EUR,1.0,paid,S.Fra /1319 COUNTERPARTY_07783 Ef [NUM],COUNTERPARTY_49066
d5f9de353d41569f966a723931cc7998,COMP_0001,invoice,2026-08-31,2026-09-30,2026-09-30 00:00:00,-133.76,-133.76,EUR,EUR,1.0,pending,S.Fra /200 COUNTERPARTY_07183 Ef 192623,COUNTERPARTY_50543
ddc062a295851a2872ad3ef481362f70,COMP_0793,invoice,2026-05-29,2026-05-29,2026-05-29 00:00:00,806.3,806.3,EUR,EUR,1.0,overdue,N.Fra TB2026F/359 COUNTERPARTY_110976 Ef 1,COUNTERPARTY_110976
eb4e3ca942db5fcbe1940e052d7de0b4,COMP_0793,invoice,2026-08-01,2026-08-01,2026-08-06 00:00:00,-50.82,0.0,EUR,EUR,1.0,paid,S.Fra /1800 COUNTERPARTY_07284 Ef 12.633,COUNTERPARTY_07284
2ab5c4d81fbec4f9dc0a9467ff661014,COMP_0793,invoice,2026-03-31,2026-04-30,2026-08-06 00:00:00,-383.75,0.0,EUR,EUR,1.0,paid,S.Fra /1702 COUNTERPARTY_48090 Ef 191825,COUNTERPARTY_48090
36172ecab8ec2707517cf82157aca821,COMP_0793,invoice,2026-07-07,2026-07-07,2026-08-06 00:00:00,-71.15,0.0,EUR,EUR,1.0,paid,S.Fra /1588 COUNTERPARTY_07277. Ef 12026/837,COUNTERPARTY_07277
3bc30cbea7698f88bad966bb021f6b88,COMP_0001,invoice,2026-04-30,2026-05-30,2026-06-13 00:00:00,-77.65,0.0,EUR,EUR,1.0,paid,S.Fra /76 COUNTERPARTY_24926 Ef [NUM]/5/26/001002,COUNTERPARTY_55414
5008aaea1bbfcab0b140e24534fc03e1,COMP_0793,invoice,2026-07-27,2026-07-27,2026-07-27 00:00:00,2042.29,2042.29,EUR,EUR,1.0,overdue,N.Fra TB2026F/521 COUNTERPARTY_116351 Ef 1,COUNTERPARTY_116351
536ce2d3c4de8b7c07e6e7a9b726351f,COMP_0793,invoice,2026-01-13,2026-02-12,2026-07-22 00:00:00,-79.64,0.0,EUR,EUR,1.0,paid,S.Fra /233 COUNTERPARTY_07226 Ef 1ES6232TABEI,COUNTERPARTY_18040
5ac18526daaf1d59a6794d2b68bb3a74,COMP_0001,invoiceGroup,2026-05-13,2026-05-13,2026-05-14 00:00:00,-49371.31,-49371.31,EUR,EUR,1.0,overdue,Remesas Proveedor,
5f6d3d414a2ee4be011f2db9096ce7f1,COMP_0793,invoice,2025-12-31,2026-01-30,2026-06-24 00:00:00,260.96,0.0,EUR,EUR,1.0,paid,N.Fra TB2025F/637 COUNTERPARTY_55999 Ef 1,COUNTERPARTY_55999
6c8a07fa06a88b0ffb85eb7c8cb360a6,COMP_0793,invoice,2026-03-25,2026-03-25,2026-06-24 00:00:00,197.11,0.0,EUR,EUR,1.0,paid,N.Fra TB2026F/167 COUNTERPARTY_47852 Ef 1,COUNTERPARTY_47852
74e9ec43fcff1b4e99bb81061bb4bffc,COMP_0793,invoice,2026-05-21,2026-06-20,2026-06-22 00:00:00,-3134.87,0.0,EUR,EUR,1.0,paid,S.Fra /972 COUNTERPARTY_10301 Ef 1FV[NUM],COUNTERPARTY_10301
7532cb1a06321c2a029b8bda26e5c15a,COMP_0793,invoice,2026-02-25,2026-02-25,2026-04-09 00:00:00,30549.17,0.0,EUR,EUR,1.0,paid,N.Fra TB2026F/116 COUNTERPARTY_48639 Ef 1,COUNTERPARTY_48639
7e0b1cd944403f79a8ffabc82d407ee6,COMP_0793,invoice,2026-06-23,2026-07-23,2026-07-23 00:00:00,76998.35,76998.35,EUR,EUR,1.0,overdue,N.Fra TB2026F/391 COUNTERPARTY_05961 Ef 1,COUNTERPARTY_05961
91c743316cf41aa59a39665ce55f55a5,COMP_0793,invoice,2026-06-20,2026-06-20,2026-06-20 00:00:00,-2035.69,-2035.69,EUR,EUR,1.0,overdue,S.Fra /1274 COUNTERPARTY_23799. Ef [NUM],COUNTERPARTY_28032
9857b68a2ba2dd63ddd255db2b69fedd,COMP_0793,invoice,2026-04-01,2026-05-01,2026-06-22 00:00:00,-129.15,0.0,EUR,EUR,1.0,paid,S.Fra /880 COUNTERPARTY_117640 Ef 1IN2026/000513,COUNTERPARTY_117640
9880a27524f3718967022f55b385cfab,COMP_0793,invoice,2026-07-09,2026-07-09,2026-08-06 00:00:00,-0.3,0.0,EUR,EUR,1.0,paid,S.Fra /1669 COUNTERPARTY_00061 Ef 12583,COUNTERPARTY_22769
a5549683fd63274e09f3abf91cf575f1,COMP_0793,invoice,2026-08-31,2026-08-31,2026-08-31 00:00:00,-3841.75,-3841.75,EUR,EUR,1.0,overdue,S.Fra /2038 COUNTERPARTY_79274 Ef [NUM],COUNTERPARTY_117652
b90d95884cd85692eceb7c63bae82e7f,COMP_0793,invoice,2026-06-03,2026-07-03,2026-07-22 00:00:00,-320.96,0.0,EUR,EUR,1.0,paid,S.Fra /1614 COUNTERPARTY_07226 Ef 1N4K4,COUNTERPARTY_18040
bc73cc079dfc7dfdce1e6f9d7be991c1,COMP_0793,invoice,2026-07-23,2026-07-23,2026-07-23 00:00:00,-544.83,-544.83,EUR,EUR,1.0,overdue,S.Fra /1748 COUNTERPARTY_07783 Ef [NUM],COUNTERPARTY_49066
c3bbecc59d3e59cdf4d20cb13e371811,COMP_0793,invoice,2026-07-01,2026-07-31,2026-08-06 00:00:00,-46.94,0.0,EUR,EUR,1.0,paid,S.Fra /1579 COUNTERPARTY_10795 Ef 11E97195L,COUNTERPARTY_23778
c3ccb8c7a0d4cdce45fe3ee5cb484f36,COMP_0793,invoice,2026-04-27,2026-04-27,2026-06-24 00:00:00,35783.46,0.0,EUR,EUR,1.0,paid,N.Fra TB2026F/224 COUNTERPARTY_47852 Ef 1,COUNTERPARTY_47852
c4edc815275f17d027d451590ac20153,COMP_0793,invoice,2026-05-29,2026-05-29,2026-06-24 00:00:00,17692.02,0.0,EUR,EUR,1.0,paid,N.Fra TB2026F/348 COUNTERPARTY_49391 Ef 1,COUNTERPARTY_49391
c75b31ee6012936d3fb264886ef340c3,COMP_0793,invoice,2026-04-30,2026-05-30,2026-08-06 00:00:00,-376.92,0.0,EUR,EUR,1.0,paid,S.Fra /1792 COUNTERPARTY_51816 Ef 12026K/25,COUNTERPARTY_51816
cfafb705e56ae20e5aa82ad52803bdbf,COMP_0793,invoice,2026-08-04,2026-08-04,2026-08-04 00:00:00,-0.3,-0.3,EUR,EUR,1.0,overdue,S.Fra /1974 COUNTERPARTY_00061 Ef 1188.999.810,COUNTERPARTY_22769
da59bae17da9d373c88410d3a3b1a3a4,COMP_0793,invoice,2026-06-23,2026-06-23,2026-07-20 00:00:00,47008.32,0.0,EUR,EUR,1.0,paid,N.Fra TB2026F/393 COUNTERPARTY_48639 Ef 1,COUNTERPARTY_48639
de48ceb51c588b5a4bc3dbe2d11d1d2b,COMP_0001,invoice,2025-08-17,2025-08-16,2026-05-20 00:00:00,4598.0,0.0,EUR,EUR,1.0,paid,N.Fra TB2025F/153 [COMPANY] Ef 1,COUNTERPARTY_03903
f4b7f92de77dc09e227a2180208f1caf,COMP_0793,invoice,2026-04-16,2026-05-16,2026-05-20 00:00:00,-33.28,0.0,EUR,EUR,1.0,paid,S.Fra /891 COUNTERPARTY_10160 Ef 1F[NUM],COUNTERPARTY_35185
f682c666105b23407edf7c5f2fc15abf,COMP_0793,invoice,2026-05-29,2026-05-29,2026-06-24 00:00:00,17692.02,0.0,EUR,EUR,1.0,paid,N.Fra TB2026F/347 COUNTERPARTY_49391 Ef 1,COUNTERPARTY_49391
fc5704898fcd74925a8544f178a695e8,COMP_0793,invoice,2026-06-30,2026-06-30,2026-07-20 00:00:00,-222.25,0.0,EUR,EUR,1.0,paid,S.Fra /1408 COUNTERPARTY_97947 Ef 12026-657,COUNTERPARTY_97947
06a350c4510cd9e67f6342a22a302efd,COMP_0793,invoice,2026-05-29,2026-05-29,2026-07-20 00:00:00,730.84,0.0,EUR,EUR,1.0,paid,N.Fra TB2026F/329 COUNTERPARTY_43142 Ef 1,COUNTERPARTY_43142
0ee549810a69a28bdb040521041e230f,COMP_0793,invoice,2026-06-17,2026-07-17,2026-07-22 00:00:00,-15.42,0.0,EUR,EUR,1.0,paid,S.Fra /1361 COUNTERPARTY_07226 Ef 1ES614[X],COUNTERPARTY_18040
14e3c38f085b56736979943af37dc85d,COMP_0793,invoice,2026-06-19,2026-07-19,2026-08-06 00:00:00,-137.94,0.0,EUR,EUR,1.0,paid,S.Fra /1759 COUNTERPARTY_53300 Ef 1R/[NUM],COUNTERPARTY_117799
4cae82b514b6999b1f22976310abe1a8,COMP_0793,invoice,2026-07-14,2026-08-13,2026-08-06 00:00:00,-485.54,0.0,EUR,EUR,1.0,paid,S.Fra /1603 COUNTERPARTY_47799 Ef [NUM],COUNTERPARTY_47799
59a1b83f3190dfa59ad392e3d8b39c0b,COMP_0793,invoice,2026-05-30,2026-05-30,2026-08-06 00:00:00,-93.28,0.0,EUR,EUR,1.0,paid,S.Fra /1130 COUNTERPARTY_23799. Ef 132194,COUNTERPARTY_28032
61e2b6ecb0234b2f6bbd322f3e9283ef,COMP_0793,invoice,2026-05-25,2026-05-25,2026-06-22 00:00:00,-889.35,0.0,EUR,EUR,1.0,paid,S.Fra /1001 COUNTERPARTY_07277. Ef 12026/589,COUNTERPARTY_07277
6dc73ecb7f7b7ab70ac9d59e247be756,COMP_0001,invoice,2026-08-31,2026-09-30,2026-09-30 00:00:00,-97.38,-97.38,EUR,EUR,1.0,pending,S.Fra /195 COUNTERPARTY_49050 Ef 1IN5185,COUNTERPARTY_49050
895bc323a472f54d886fe41e6822f1cf,COMP_0793,invoice,2025-11-04,2025-12-04,2026-04-13 00:00:00,-59.62,0.0,EUR,EUR,1.0,paid,S.Fra /661 COUNTERPARTY_56174 Ef 112216,COUNTERPARTY_56174
8fcec909890a4ff94d43c9910ec26f15,COMP_0793,invoice,2026-06-26,2026-06-26,2026-07-20 00:00:00,-117.78,0.0,EUR,EUR,1.0,paid,N.Fra [X]/14 COUNTERPARTY_48298 Ef 1,COUNTERPARTY_48298
916ac88066d4da27840d61c4549ddab7,COMP_0793,invoice,2026-07-22,2026-08-21,2026-08-21 00:00:00,17044.29,17044.29,EUR,EUR,1.0,overdue,N.Fra TB2026F/500 COUNTERPARTY_49557 Ef 1,COUNTERPARTY_49557
94dab6b071193df76c23de460a6af847,COMP_0001,invoice,2025-12-03,2025-12-03,2026-05-20 00:00:00,617.73,0.0,EUR,EUR,1.0,paid,N.Fra TB2025F/195 [COMPANY] Ef 1,COUNTERPARTY_03903
aa2c5f10ca4110c419e32bb0d01e4038,COMP_0793,invoice,2026-05-22,2026-05-22,2026-06-22 00:00:00,-166.2,0.0,EUR,EUR,1.0,paid,S.Fra /1034 COUNTERPARTY_44961 Ef [NUM],COUNTERPARTY_44961
af9e0032ed669a90b85428ce4edeb082,COMP_0793,invoice,2026-07-23,2026-07-23,2026-07-23 00:00:00,87588.2,87588.2,EUR,EUR,1.0,overdue,N.Fra TB2026F/518 COUNTERPARTY_48298 Ef 1,COUNTERPARTY_48298
c1128f14c7918df290ec7723b85a7a39,COMP_0793,invoice,2026-04-15,2026-05-15,2026-05-21 00:00:00,-156.27,0.0,EUR,EUR,1.0,paid,S.Fra /737 COUNTERPARTY_48443 Ef [NUM],COUNTERPARTY_48443
cc132ac4f479cb5fb1ac39c257836632,COMP_0793,invoice,2026-06-24,2026-06-24,2026-07-15 00:00:00,-190.8,0.0,EUR,EUR,1.0,paid,S.Fra /1345 COUNTERPARTY_54547 Ef 1F/2026/6,COUNTERPARTY_54547
d03ccf440fc0e4634adaa9714420dcca,COMP_0793,invoice,2025-11-27,2025-11-27,2025-11-27 00:00:00,1038.82,1038.82,EUR,EUR,1.0,overdue,N.Fra TB2025F/538 COUNTERPARTY_48877 Ef 1,COUNTERPARTY_48877
e09dbe4869e719e0f98fb798571e596c,COMP_0793,invoice,2026-06-02,2026-07-02,2026-06-22 00:00:00,-223.6,0.0,EUR,EUR,1.0,paid,S.Fra /1214 COUNTERPARTY_31602 Ef 123B/[TAXID],COUNTERPARTY_31602
f5e03eecb5a55114d099f81a7e184f3f,COMP_0793,invoice,2026-05-15,2026-05-15,2026-07-22 00:00:00,-15.65,0.0,EUR,EUR,1.0,paid,S.Fra /1062 COUNTERPARTY_07226 Ef 1ES6[X],COUNTERPARTY_18040
1c983b9c53262b6ee30f2ca69886ddce,COMP_0793,invoice,2026-02-16,2026-03-18,2026-05-21 00:00:00,-1011.41,0.0,EUR,EUR,1.0,paid,S.Fra /698 COUNTERPARTY_33224 Ef [NUM],COUNTERPARTY_35897
26cd84871b43640e31c0bcae3d3cd5d0,COMP_0793,invoice,2026-04-28,2026-05-28,2026-05-21 00:00:00,-67.38,0.0,EUR,EUR,1.0,paid,S.Fra /817 COUNTERPARTY_07226 Ef 1ES6[X],COUNTERPARTY_18040
3a4a7bde0338b24957fb78fc3d43fce0,COMP_0793,invoice,2026-02-25,2026-02-25,2026-03-10 00:00:00,-569.69,0.0,EUR,EUR,1.0,paid,S.Fra /323 COUNTERPARTY_33161 Ef 1S26/726,COUNTERPARTY_47731
4430706ee806082abf1c507f24ee9d98,COMP_0793,invoice,2026-09-01,2026-10-01,2026-09-10 00:00:00,-29.0,0.0,EUR,EUR,1.0,paid,S.Fra /2022 COUNTERPARTY_18477 Ef [NUM]/AV,COUNTERPARTY_31747
5104f611a9a0eb95183fb63d79c8338d,COMP_0793,invoice,2026-07-02,2026-08-01,2026-07-22 00:00:00,-10.15,0.0,EUR,EUR,1.0,paid,S.Fra /1629 COUNTERPARTY_07226 Ef 1ES618[X],COUNTERPARTY_18040
585d7fda0d2fc4ee714ab3c018a9e22a,COMP_0001,invoice,2026-04-28,2026-04-28,2026-06-13 00:00:00,9680.0,0.0,EUR,EUR,1.0,paid,N.Fra TB2026F/32 [COMPANY] Ef 1,COUNTERPARTY_03903
5e0d77fb765793e09b9ffa1e5953fa5a,COMP_0793,invoice,2025-10-31,2025-11-30,2026-04-13 00:00:00,-51.82,0.0,EUR,EUR,1.0,paid,S.Fra /469 COUNTERPARTY_51927 Ef 1DO/383,COUNTERPARTY_51927
735bc26fb803da9aba35a680eb5290c1,COMP_0001,invoice,2026-01-26,2026-01-26,2026-05-20 00:00:00,6050.0,0.0,EUR,EUR,1.0,paid,N.Fra TB2026F/9 [COMPANY] Ef 1,COUNTERPARTY_03903
7beac2184e901a745e44d280341c4219,COMP_0793,invoice,2026-06-26,2026-06-26,2026-06-26 00:00:00,251.9,251.9,EUR,EUR,1.0,overdue,N.Fra TB2026F/440 COUNTERPARTY_48877 Ef 1,COUNTERPARTY_48877
7e267d135014a132df8664727e7fa396,COMP_0793,invoice,2026-09-01,2026-09-01,2026-09-01 00:00:00,-202.07,-202.07,EUR,EUR,1.0,overdue,S.Fra /1993 COUNTERPARTY_54170 Ef 1X-[NUM],COUNTERPARTY_54170
7fc17f325d2b2d79bf153f2d2726627d,COMP_0793,invoice,2026-05-31,2026-06-30,2026-06-22 00:00:00,-666.81,0.0,EUR,EUR,1.0,paid,S.Fra /1121 COUNTERPARTY_12085 Ef [NUM],COUNTERPARTY_12085
9fa8de3ddbdb10e5df3b3dcaf3ef9c4d,COMP_0793,invoice,2026-05-19,2026-05-19,2026-06-22 00:00:00,-17.29,0.0,EUR,EUR,1.0,paid,S.Fra /1167 COUNTERPARTY_11720 Ef 1D[NUM],COUNTERPARTY_11720
e22f5d48516b2e533108dc4c1406427e,COMP_0793,invoice,2026-08-31,2026-08-31,2026-08-31 00:00:00,5789.12,5789.12,EUR,EUR,1.0,overdue,N.Fra TB2026F/558 COUNTERPARTY_49692 Ef 1,COUNTERPARTY_49692
17854605c16bca6419b8b2796d8e9bc9,COMP_0878,invoice,2026-06-24,2026-07-24,2026-07-08 00:00:00,-46.74,0.0,EUR,EUR,1.0,paid,S.Fra /158 COUNTERPARTY_12256 Ef 1A26/2424,COUNTERPARTY_12256
32cb10a0497d2bfd4dd30474c8ebb8d7,COMP_0793,invoice,2026-06-01,2026-06-01,2026-06-22 00:00:00,-217.8,0.0,EUR,EUR,1.0,paid,S.Fra /1025 COUNTERPARTY_07284 Ef 11.787,COUNTERPARTY_07284
3ee5734845f9bd114f8923e434ab3c81,COMP_0793,invoice,2026-07-15,2026-07-15,2026-08-06 00:00:00,-1295.55,0.0,EUR,EUR,1.0,paid,S.Fra /1564 COUNTERPARTY_33161 Ef 1S26/3811,COUNTERPARTY_47731
4698c011ca6790e712362076cb835928,COMP_0793,invoice,2026-07-08,2026-08-07,2026-07-15 00:00:00,-56.13,0.0,EUR,EUR,1.0,paid,S.Fra /1529 COUNTERPARTY_47799 Ef [NUM],COUNTERPARTY_47799
497cc42f61e869c0f8f84cfd8971256c,COMP_0793,invoice,2026-02-25,2026-02-25,2026-04-09 00:00:00,14280.42,0.0,EUR,EUR,1.0,paid,N.Fra TB2026F/102 COUNTERPARTY_49692 Ef 1,COUNTERPARTY_49692
65094b0b4e3aef36e6c31b924ad080e6,COMP_0793,invoice,2026-05-31,2026-05-31,2026-06-22 00:00:00,-194.21,0.0,EUR,EUR,1.0,paid,S.Fra /1226 COUNTERPARTY_27660 Ef 1A/26046,COUNTERPARTY_27660
7150bd6fc4d4761e838793c640a48f54,COMP_0001,invoice,2026-08-25,2026-09-24,2026-09-07 00:00:00,-16.0,0.0,EUR,EUR,1.0,paid,S.Fra /186 COUNTERPARTY_97962 Ef 1F1-1366,COUNTERPARTY_97962
82b4f9b0924ce23e20b933e43d6df5aa,COMP_0793,invoice,2026-04-28,2026-04-28,2026-07-20 00:00:00,280.72,0.0,EUR,EUR,1.0,paid,N.Fra TB2026F/255 COUNTERPARTY_06137 Ef 1,COUNTERPARTY_06137
951294bfbf69cc32542695a76a572ff5,COMP_0793,invoice,2026-08-04,2026-08-04,2026-08-04 00:00:00,25684.34,25684.34,EUR,EUR,1.0,overdue,N.Fra TB2026F/533 COUNTERPARTY_10380 Ef 1,COUNTERPARTY_10380
9fb9ed22eb01433732a9504ee9320e96,COMP_0793,invoice,2026-06-23,2026-06-23,2026-07-20 00:00:00,3280.94,0.0,EUR,EUR,1.0,paid,N.Fra TB2026F/406 COUNTERPARTY_49391 Ef 1,COUNTERPARTY_49391
c58fd599f02208529e2a03d778ac5f4c,COMP_0793,invoice,2026-06-02,2026-06-02,2026-07-20 00:00:00,146.92,0.0,EUR,EUR,1.0,paid,N.Fra TB2026F/365 COUNTERPARTY_29645 Ef 1,COUNTERPARTY_33449
d664370ff7d1d63ffe5e4e342e7563fe,COMP_0793,invoice,2026-05-26,2026-06-25,2026-06-22 00:00:00,-1268.12,0.0,EUR,EUR,1.0,paid,S.Fra /1004 COUNTERPARTY_45579 Ef 14-[NUM],COUNTERPARTY_118606
d6c5dbfc8114be06afae6b91d7406b06,COMP_0878,invoice,2026-02-02,2026-02-02,2026-04-09 00:00:00,-1149.5,0.0,EUR,EUR,1.0,paid,S.Fra /44 COUNTERPARTY_40602 Ef 1654,COUNTERPARTY_40602
df92b20937de98c0fead2e8c71893f49,COMP_0793,invoice,2026-01-31,2026-03-04,2026-03-10 00:00:00,-24870.68,0.0,EUR,EUR,1.0,paid,S.Fra /134 COUNTERPARTY_07215 Ef 19,COUNTERPARTY_07215
e06bcd1cfdbbb67a1cc0c60f19176efc,COMP_0001,invoice,2026-02-28,2026-02-28,2026-05-19 00:00:00,-131.45,0.0,EUR,EUR,1.0,paid,S.Fra /56 COUNTERPARTY_51811 Ef 1CI[NUM]-0226,COUNTERPARTY_51811
e4a43beaf3b99066ce6e097985b0cb9a,COMP_0793,invoice,2026-06-30,2026-06-30,2026-07-20 00:00:00,-60.56,0.0,EUR,EUR,1.0,paid,S.Fra /1454 COUNTERPARTY_40223 Ef 1A-6819,COUNTERPARTY_40223
ea7fd2fe058e9f9d4b2a938e6d41c36d,COMP_0793,invoice,2026-06-20,2026-07-20,2026-07-20 00:00:00,-298.58,0.0,EUR,EUR,1.0,paid,S.Fra /1287 COUNTERPARTY_48090 Ef 1GR26-92277,COUNTERPARTY_48090
ec471c4acd9996ed0fdc0692f527fb12,COMP_0793,invoice,2026-09-01,2026-09-01,2026-09-01 00:00:00,-362.99,-362.99,EUR,EUR,1.0,overdue,S.Fra /2021 COUNTERPARTY_23024. Ef 1[X][NUM],COUNTERPARTY_23024
ecd2b1baeaa5349c5907d4a683540577,COMP_0001,invoice,2026-01-02,2026-01-02,2026-05-20 00:00:00,220.22,0.0,EUR,EUR,1.0,paid,N.Fra TB2026F/2 [COMPANY] Ef 1,COUNTERPARTY_03903
f65cb79e2c2284751336b9e1bb150f78,COMP_0793,invoice,2026-06-16,2026-06-16,2026-07-22 00:00:00,-10.56,0.0,EUR,EUR,1.0,paid,S.Fra /1434 COUNTERPARTY_07226 Ef 1ES61478EABEI,COUNTERPARTY_18040
020b25aa4bf871185b2d03fb4b1259ca,COMP_0793,invoice,2026-04-28,2026-04-28,2026-06-22 00:00:00,-1148.49,0.0,EUR,EUR,1.0,paid,S.Fra /878 COUNTERPARTY_23770 Ef 126609,COUNTERPARTY_23770
0a7147918c9ec1979ebf27fbbfa97b23,COMP_0793,invoice,2025-12-31,2025-12-31,2025-12-31 00:00:00,1084.81,1084.81,EUR,EUR,1.0,overdue,N.Fra TB2025F/618 COUNTERPARTY_48877 Ef 1,COUNTERPARTY_48877
0ab0dc824346a55da92320d3a218ccda,COMP_0001,invoice,2026-01-26,2026-01-26,2026-05-20 00:00:00,137.27,0.0,EUR,EUR,1.0,paid,N.Fra TB2026F/4 [COMPANY] Ef 1,COUNTERPARTY_03903
0bbd5aef62fe74514d80ca4dc845337d,COMP_0793,invoice,2026-07-22,2026-07-22,2026-07-22 00:00:00,5650.51,5650.51,EUR,EUR,1.0,overdue,N.Fra TB2026F/507 COUNTERPARTY_49391 Ef 1,COUNTERPARTY_49391
10b48a4357f1f8d9b42ade3f9316f540,COMP_0001,invoice,2026-07-15,2026-08-14,2026-08-14 00:00:00,-130.89,-130.89,EUR,EUR,1.0,overdue,S.Fra /152 COUNTERPARTY_24926 Ef [NUM]/5/26/000755,COUNTERPARTY_55414
45d6acff19520a4d5243856e0f052981,COMP_0793,invoice,2026-05-11,2026-05-11,2026-05-21 00:00:00,-31.58,0.0,EUR,EUR,1.0,paid,S.Fra /900 COUNTERPARTY_42909. Ef 126/1040,COUNTERPARTY_42909
473b969bde05525e82512975962979a3,COMP_0001,invoice,2026-08-03,2026-09-02,2026-09-02 00:00:00,-147.19,-147.19,EUR,EUR,1.0,pending,S.Fra /173 COUNTERPARTY_24926 Ef [NUM]/5/26/002140,COUNTERPARTY_55414
5c84a7bd83915d559940afcda84673d3,COMP_0793,invoice,2026-05-31,2026-06-30,2026-06-30 00:00:00,-965.6,-965.6,EUR,EUR,1.0,overdue,S.Fra /2051 COUNTERPARTY_48443 Ef [NUM],COUNTERPARTY_48443
5fd1fd147fb041eb7f26f39f05129343,COMP_0793,invoice,2026-07-01,2026-07-31,2026-08-06 00:00:00,-46.94,0.0,EUR,EUR,1.0,paid,S.Fra /1467 COUNTERPARTY_10795 Ef 11E97194L,COUNTERPARTY_23778
917f2baed06e1be1caaeb64b8e80aeba,COMP_0793,invoice,2026-02-28,2026-03-30,2026-03-10 00:00:00,-281.87,0.0,EUR,EUR,1.0,paid,S.Fra /347 COUNTERPARTY_58340 Ef 1431,COUNTERPARTY_58340
b3c7b486f1c2e0ee916f671dee4937cd,COMP_0793,invoice,2026-07-01,2026-07-31,2026-07-31 00:00:00,-184.89,-184.89,EUR,EUR,1.0,overdue,S.Fra /1489 COUNTERPARTY_02692 Ef 127FF003113,COUNTERPARTY_50210
c8511528c852e174ce8dcf75199b605f,COMP_0793,invoice,2026-05-22,2026-06-21,2026-06-22 00:00:00,-1920.55,0.0,EUR,EUR,1.0,paid,S.Fra /1253 COUNTERPARTY_18477 Ef [NUM]/AV,COUNTERPARTY_31747
d783db19b7d2ab8f67df8e38adea5358,COMP_0793,invoice,2026-07-30,2026-08-29,2026-08-06 00:00:00,-120.0,0.0,EUR,EUR,1.0,paid,S.Fra /1660 COUNTERPARTY_07226 Ef 1ES61[X],COUNTERPARTY_18040
df35d5ee898f09c45a1659fa543c4a74,COMP_0793,invoice,2026-04-01,2026-04-01,2026-04-13 00:00:00,-188.76,0.0,EUR,EUR,1.0,paid,S.Fra /644 COUNTERPARTY_07284 Ef 11.064,COUNTERPARTY_07284
e4c8b48ba57e10cb25e13a0b22024456,COMP_0793,invoice,2026-04-30,2026-04-30,2026-06-22 00:00:00,-222.25,0.0,EUR,EUR,1.0,paid,S.Fra /846 COUNTERPARTY_97947 Ef 12026-456,COUNTERPARTY_97947
e7a4c5540813a6e4663d9beaf32441de,COMP_0001,invoice,2025-11-18,2025-11-18,2026-05-20 00:00:00,30250.0,0.0,EUR,EUR,1.0,paid,N.Fra TB2025F/191 [COMPANY] Ef 1,COUNTERPARTY_03903
ea72059daddf923dfb0556c9a94706ef,COMP_0793,invoice,2026-02-03,2026-02-03,2026-04-13 00:00:00,-16639.92,0.0,EUR,EUR,1.0,paid,S.Fra /6 [COMPANY] Ef 112,COUNTERPARTY_22440
f0d2d6648adcb359bb42215bdd13525b,COMP_0001,invoice,2026-08-24,2026-09-23,2026-09-07 00:00:00,-403.96,0.0,EUR,EUR,1.0,paid,S.Fra /185 COUNTERPARTY_01667 Ef [REF],COUNTERPARTY_118912
f273510d9f8b6f61d9d8358873a7f4be,COMP_0793,invoice,2026-08-31,2026-08-31,2026-08-31 00:00:00,255.29,255.29,EUR,EUR,1.0,overdue,N.Fra TB2026F/573 COUNTERPARTY_116351 Ef 1,COUNTERPARTY_116351
0e222760e899bae9fa41ebfddf7fb91f,COMP_0001,invoice,2026-08-28,2026-09-27,2026-09-07 00:00:00,-1220.59,0.0,EUR,EUR,1.0,paid,S.Fra /188 COUNTERPARTY_118949 Ef 11-00163,COUNTERPARTY_118949
0f22ac74db1f4d2cd1bdb8b2bdf78897,COMP_0793,invoice,2026-05-29,2026-05-29,2026-06-01 00:00:00,97.18,97.18,EUR,EUR,1.0,overdue,N.Fra TB2026F/303 COUNTERPARTY_33572 Ef 1,COUNTERPARTY_33572
1338935d0ef26d48d03d4f17d58a4f2f,COMP_0793,invoice,2026-02-27,2026-03-29,2026-04-13 00:00:00,-189.37,0.0,EUR,EUR,1.0,paid,S.Fra /406 COUNTERPARTY_58017 Ef [NUM],COUNTERPARTY_58017
188bbbabfe906a5627dfc4c3902c47b7,COMP_0793,invoice,2026-08-25,2026-08-25,2026-08-25 00:00:00,-0.3,-0.3,EUR,EUR,1.0,overdue,S.Fra /1945 COUNTERPARTY_00061 Ef [REF],COUNTERPARTY_22769
42f3b581ba27be36d03bff57db06e95d,COMP_0793,invoice,2026-02-06,2026-03-08,2026-03-10 00:00:00,-1320.13,0.0,EUR,EUR,1.0,paid,S.Fra /288 COUNTERPARTY_48090 Ef 191521,COUNTERPARTY_48090
45b02e196d5da2aaec916627d1570f84,COMP_0793,invoice,2026-06-05,2026-06-05,2026-06-24 00:00:00,4235.0,0.0,EUR,EUR,1.0,paid,N.Fra TB2026F/381 COUNTERPARTY_36531 Ef 1,COUNTERPARTY_36531
5b1795bab08d747b361e6b2b519c48a2,COMP_0793,invoice,2026-07-29,2026-08-28,2026-08-06 00:00:00,-183.9,0.0,EUR,EUR,1.0,paid,S.Fra /1753 COUNTERPARTY_47799 Ef [NUM],COUNTERPARTY_47799
5b581187b34f28309123b8d43eac46d9,COMP_0793,invoice,2026-06-22,2026-06-22,2026-07-21 00:00:00,-480.93,0.0,EUR,EUR,1.0,paid,S.Fra /1366 [COMPANY]. Ef [NUM],COUNTERPARTY_27469
6571cd4cd5fb9ba047ec84edf2dfe2b5,COMP_0793,invoice,2026-06-05,2026-06-05,2026-06-22 00:00:00,-2388.85,0.0,EUR,EUR,1.0,paid,S.Fra /1166 COUNTERPARTY_34275. Ef 1TB-2026-F277,COUNTERPARTY_34275
6a3ff1b2e4b915fc786841db6bf9f529,COMP_0793,invoice,2026-03-26,2026-03-26,2026-06-24 00:00:00,85400.53,0.0,EUR,EUR,1.0,paid,N.Fra TB2026F/175 COUNTERPARTY_48639 Ef 1,COUNTERPARTY_48639
6a5f7be5d8d567249f387f11da871cda,COMP_0793,invoice,2026-03-25,2026-03-25,2026-06-24 00:00:00,22584.12,0.0,EUR,EUR,1.0,paid,N.Fra TB2026F/161 COUNTERPARTY_49692 Ef 1,COUNTERPARTY_49692
6df9fb4be412579e0cb2bbcd2e981a4b,COMP_0793,invoice,2026-08-05,2026-08-05,2026-08-05 00:00:00,1267.64,1267.64,EUR,EUR,1.0,overdue,N.Fra TB2026F/538 COUNTERPARTY_110976 Ef 1,COUNTERPARTY_110976
786c146d1c8a3c58a275ea122643957b,COMP_0793,invoice,2026-04-28,2026-04-28,2026-06-22 00:00:00,-0.61,0.0,EUR,EUR,1.0,paid,S.Fra /815 COUNTERPARTY_00061 Ef [REF],COUNTERPARTY_22769
8181e797faac8f780a2af426ca99213c,COMP_0793,invoice,2026-06-23,2026-06-23,2026-07-20 00:00:00,35836.05,0.0,EUR,EUR,1.0,paid,N.Fra TB2026F/401 COUNTERPARTY_48639 Ef 1,COUNTERPARTY_48639
8c30a10f3f8237896487832c30e564cd,COMP_0793,invoice,2026-07-01,2026-07-01,2026-07-20 00:00:00,-29.04,0.0,EUR,EUR,1.0,paid,S.Fra /1476 COUNTERPARTY_06745 Ef [NUM],COUNTERPARTY_06745
b99a3e2f12f59a41cbcd0194a6acaf53,COMP_0793,invoice,2026-08-04,2026-08-04,2026-08-04 00:00:00,2447.2,2447.2,EUR,EUR,1.0,overdue,N.Fra TB2026F/536 COUNTERPARTY_10380 Ef 1,COUNTERPARTY_10380
c5ea12f6f5bf4ea2239167ed3f580cf3,COMP_0793,invoice,2026-07-01,2026-07-01,2026-08-06 00:00:00,-9.08,0.0,EUR,EUR,1.0,paid,S.Fra /1665 COUNTERPARTY_00061 Ef 115109,COUNTERPARTY_22769
d4fc045a06f41664a2da4696e9826309,COMP_0793,invoice,2026-08-07,2026-08-07,2026-08-07 00:00:00,-2425.42,-2425.42,EUR,EUR,1.0,overdue,S.Fra /1847 COUNTERPARTY_33161 Ef 1S26/4698,COUNTERPARTY_47731
dd889024020639507f3f74e7e8a59bf0,COMP_0793,invoice,2026-08-31,2026-09-30,2026-09-30 00:00:00,15229.06,15229.06,EUR,EUR,1.0,pending,N.Fra TB2026F/568 COUNTERPARTY_05961 Ef 1,COUNTERPARTY_05961
e30084347f75d179c6b145809d94440c,COMP_0793,invoice,2026-05-29,2026-05-29,2026-06-22 00:00:00,-145.05,0.0,EUR,EUR,1.0,paid,S.Fra /1161 COUNTERPARTY_44986 Ef 11014,COUNTERPARTY_44986
f53f2df4aa1f426c070d859c64c3835c,COMP_0793,invoice,2026-04-28,2026-04-28,2026-06-24 00:00:00,13915.46,0.0,EUR,EUR,1.0,paid,N.Fra TB2026F/249 COUNTERPARTY_48639 Ef 1,COUNTERPARTY_48639
0082b8a834b44bc5319858a3cccc8226,COMP_0793,invoice,2026-06-23,2026-06-23,2026-08-06 00:00:00,-40.0,0.0,EUR,EUR,1.0,paid,S.Fra /1340 COUNTERPARTY_07783 Ef [NUM],COUNTERPARTY_49066
2ce8e8a6ab8f09edae7e1349f1be04cd,COMP_0793,invoice,2026-04-28,2026-04-28,2026-06-22 00:00:00,-7879.94,0.0,EUR,EUR,1.0,paid,S.Fra /879 COUNTERPARTY_23770 Ef 126615,COUNTERPARTY_23770
6816c2f793f6d961ee9cd7598c4e7b57,COMP_0793,invoice,2026-05-31,2026-05-31,2026-05-31 00:00:00,-228.64,-228.64,EUR,EUR,1.0,overdue,S.Fra /1151 COUNTERPARTY_07183 Ef [NUM],COUNTERPARTY_11469
746a6186188549c9752de32acdd3a05d,COMP_0793,invoice,2026-06-15,2026-06-15,2026-07-20 00:00:00,-589.92,0.0,EUR,EUR,1.0,paid,S.Fra /1271 COUNTERPARTY_39824. Ef [NUM],COUNTERPARTY_39824
7d2909ad89268fbb82add7a401cc3168,COMP_0793,invoice,2026-03-25,2026-03-25,2026-06-24 00:00:00,15389.42,0.0,EUR,EUR,1.0,paid,N.Fra TB2026F/162 COUNTERPARTY_49692 Ef 1,COUNTERPARTY_49692
7f72ebbab16bd065f4c48f085e00fa35,COMP_0793,invoice,2026-06-23,2026-07-23,2026-07-20 00:00:00,30582.62,0.0,EUR,EUR,1.0,paid,N.Fra TB2026F/412 COUNTERPARTY_49557 Ef 1,COUNTERPARTY_49557
8dfba3974171ed54093ec520092b3ca8,COMP_0793,invoice,2026-06-10,2026-06-10,2026-08-06 00:00:00,-177.87,0.0,EUR,EUR,1.0,paid,S.Fra /1221 COUNTERPARTY_07277. Ef 12026/690,COUNTERPARTY_07277
9662bb96cf2a1109f6977ca635d9ff1d,COMP_0793,invoice,2026-03-01,2026-03-31,2026-04-13 00:00:00,-239.58,0.0,EUR,EUR,1.0,paid,S.Fra /401 COUNTERPARTY_35858 Ef 114[X]93-0019,COUNTERPARTY_35858
9ad8832744cc6ca946a45a86fe6dd0c4,COMP_0793,invoice,2026-07-31,2026-08-30,2026-08-06 00:00:00,-1452.0,0.0,EUR,EUR,1.0,paid,S.Fra /1758 COUNTERPARTY_10819 Ef [REF],COUNTERPARTY_10819
c70fe4b2369e3ad0f131cec79181280b,COMP_0793,invoice,2026-05-07,2026-06-06,2026-06-22 00:00:00,-8.05,0.0,EUR,EUR,1.0,paid,S.Fra /1081 COUNTERPARTY_07226 Ef 1ES6[X]1ABEI,COUNTERPARTY_18040
e011272082e104642934abb06f61e438,COMP_0793,invoice,2026-06-17,2026-07-17,2026-07-22 00:00:00,-23.78,0.0,EUR,EUR,1.0,paid,S.Fra /1423 COUNTERPARTY_07226 Ef 1ES614[X],COUNTERPARTY_18040
e163a2d94c0c61f32b0cb11077289ff9,COMP_0793,invoice,2026-08-31,2026-08-31,2026-08-31 00:00:00,-102.44,-102.44,EUR,EUR,1.0,overdue,S.Fra /1950 COUNTERPARTY_23799. Ef [NUM],COUNTERPARTY_28032
fdc0ad7c32ae3c755575db55667c1e23,COMP_0793,invoice,2026-07-09,2026-07-09,2026-07-22 00:00:00,-7.18,0.0,EUR,EUR,1.0,paid,S.Fra /1642 COUNTERPARTY_07226 Ef 1ES61AM8PABEI,COUNTERPARTY_18040
108f73d24f82d05e55d75866c7e2ad20,COMP_0793,invoice,2026-06-01,2026-07-01,2026-06-22 00:00:00,99.99,0.0,EUR,EUR,1.0,paid,S.Fra /1109 COUNTERPARTY_07226 Ef 1ES62[X],COUNTERPARTY_18040
175972621ed1958c0f5729bde0dbfe6b,COMP_0793,invoice,2026-08-31,2026-09-30,2026-09-30 00:00:00,-577.84,-577.84,EUR,EUR,1.0,pending,S.Fra /1968 COUNTERPARTY_06729 Ef 1FM261286,COUNTERPARTY_06729
20f2c1361e325de3a24b31a41aa91c2f,COMP_0793,invoice,2026-05-29,2026-05-29,2026-06-22 00:00:00,-968.0,0.0,EUR,EUR,1.0,paid,S.Fra /981 COUNTERPARTY_49814 Ef 147/2026,COUNTERPARTY_49814
2875e3d1a844237bc45cc57e125029de,COMP_0793,invoice,2026-05-22,2026-05-22,2026-06-22 00:00:00,-1022.41,0.0,EUR,EUR,1.0,paid,S.Fra /1035 COUNTERPARTY_07783 Ef [NUM],COUNTERPARTY_49066
2f0c232518156b540939dbb8ff78ed6d,COMP_0878,invoice,2026-07-31,2026-08-30,2026-08-30 00:00:00,1040.58,1040.58,EUR,EUR,1.0,overdue,S.Fra /212 COUNTERPARTY_10436 Ef 1FA128264,COUNTERPARTY_31816
367fd1cd71efc43447c0520132720030,COMP_0793,invoice,2024-12-17,2025-01-16,2025-01-16 00:00:00,-19.99,-19.99,EUR,EUR,1.0,overdue,S.Fra /191 COUNTERPARTY_82736 Ef [REF],COUNTERPARTY_119537
433cb7ce07306c023904dad599d42b0e,COMP_0793,invoice,2026-03-27,2026-03-27,2026-03-27 00:00:00,353.51,353.51,EUR,EUR,1.0,overdue,N.Fra TB2026F/184 COUNTERPARTY_48877 Ef 1,COUNTERPARTY_48877
4dff3171d832f6dabbdf70fd44379dca,COMP_0793,invoice,2026-03-25,2026-03-25,2026-06-24 00:00:00,17201.92,0.0,EUR,EUR,1.0,paid,N.Fra TB2026F/160 COUNTERPARTY_49692 Ef 1,COUNTERPARTY_49692
5c642940a9c77b5d7496496c23e5096a,COMP_0793,invoice,2026-06-16,2026-07-16,2026-07-15 00:00:00,-431.0,0.0,EUR,EUR,1.0,paid,S.Fra /1282 COUNTERPARTY_63425. Ef 1026/583,COUNTERPARTY_63425
69dc20eae64a679d9325ebcd2192e6a5,COMP_0793,invoice,2026-05-20,2026-06-19,2026-07-22 00:00:00,-185.2,0.0,EUR,EUR,1.0,paid,S.Fra /1085 COUNTERPARTY_07226 Ef 1ES6X24WABEI,COUNTERPARTY_18040
6d425db942065aaf7929b6eed362ecb0,COMP_0793,invoice,2026-02-28,2026-03-30,2026-04-13 00:00:00,-138.55,0.0,EUR,EUR,1.0,paid,S.Fra /457 COUNTERPARTY_27660 Ef 1A/25846,COUNTERPARTY_27660
6ebe3c493a8ee203eac0b0b45119a26d,COMP_0793,invoice,2026-08-31,2026-09-30,2026-09-30 00:00:00,17987.59,17987.59,EUR,EUR,1.0,pending,N.Fra TB2026F/562 COUNTERPARTY_54687 Ef 1,COUNTERPARTY_54687
79cef215bfdc976dfc0cef6893f63275,COMP_0793,invoice,2026-03-27,2026-03-27,2026-06-24 00:00:00,1124.55,0.0,EUR,EUR,1.0,paid,N.Fra TB2026F/190 COUNTERPARTY_14912 Ef 1,COUNTERPARTY_14912
7c173a4ea0b4c08cb2e93f050047a494,COMP_0001,invoice,2026-02-18,2026-03-20,2026-08-05 00:00:00,-86.9,0.0,EUR,EUR,1.0,paid,S.Fra /119 COUNTERPARTY_119616 Ef [NUM],COUNTERPARTY_119616
9d9137a1fc3cc9692ceea753c7cee0bd,COMP_0793,invoice,2026-04-20,2026-04-20,2026-07-21 00:00:00,-237.27,0.0,EUR,EUR,1.0,paid,S.Fra /752 [COMPANY]. Ef [NUM],COUNTERPARTY_27469
a5e5383ba35bbeb1a68f72ef15f16803,COMP_0793,invoice,2026-05-13,2026-05-13,2026-05-20 00:00:00,-9075.0,0.0,EUR,EUR,1.0,paid,S.Fra /943 [COMPANY] Ef 140,COUNTERPARTY_22440
ab19795839ccb9fc3a39008ddba54204,COMP_0001,invoice,2026-07-31,2026-08-30,2026-08-30 00:00:00,-242.6,-242.6,EUR,EUR,1.0,overdue,S.Fra /171 COUNTERPARTY_07183 Ef 1L/26/[NUM],COUNTERPARTY_50543
ad3b88a4a08463d6a64ebfc64cc66767,COMP_0793,invoice,2026-07-31,2026-07-31,2026-08-06 00:00:00,-968.0,0.0,EUR,EUR,1.0,paid,S.Fra /1663 COUNTERPARTY_49814 Ef 167/2026,COUNTERPARTY_49814
c16af075e813c02f32771b07e39bc035,COMP_0001,invoice,2026-02-25,2026-02-25,2026-05-20 00:00:00,32085.0,0.0,EUR,EUR,1.0,paid,N.Fra TB2026F/18 [COMPANY] Ef 1,COUNTERPARTY_03903
c87dfae68be5769749f5d483dce3009f,COMP_0793,invoice,2026-02-03,2026-02-03,2026-04-13 00:00:00,-44.56,0.0,EUR,EUR,1.0,paid,S.Fra /283 COUNTERPARTY_119679. Ef [NUM],COUNTERPARTY_119679
ce30ce147c06ac67e2b4505bdfdf5ff8,COMP_0793,invoice,2026-06-03,2026-06-03,2026-07-15 00:00:00,-190.97,0.0,EUR,EUR,1.0,paid,S.Fra /[COMPANY] Ef [NUM],COUNTERPARTY_43184
dc6cf1e870b3cc65240687f725db04a5,COMP_0878,invoice,2026-08-13,2026-09-12,2026-09-12 00:00:00,-30.9,-30.9,EUR,EUR,1.0,overdue,S.Fra /204 COUNTERPARTY_12256 Ef 1A26/3183,COUNTERPARTY_12256
efa07240d2dcc644c9e6361018cee6ee,COMP_0793,invoice,2026-07-02,2026-07-02,2026-07-02 00:00:00,-52.81,-52.81,EUR,EUR,1.0,overdue,S.Fra /1478 COUNTERPARTY_55879 Ef 1FCE/2026/006643,COUNTERPARTY_55879
efa752e6978ca937d580e6824830039f,COMP_0793,invoice,2026-03-24,2026-04-23,2026-08-06 00:00:00,-87.85,0.0,EUR,EUR,1.0,paid,S.Fra /1700 COUNTERPARTY_48090 Ef 191751,COUNTERPARTY_48090
01704b486a1d76f11acc321f6e7d3572,COMP_0793,invoice,2026-06-18,2026-06-18,2026-08-06 00:00:00,-0.3,0.0,EUR,EUR,1.0,paid,S.Fra /1381 COUNTERPARTY_00061 Ef [REF],COUNTERPARTY_22769
08c6ac3285ca4b8ac21ad0aa9f6aef19,COMP_0793,invoice,2026-02-06,2026-03-08,2026-04-13 00:00:00,-93.15,0.0,EUR,EUR,1.0,paid,S.Fra /248 COUNTERPARTY_56174 Ef 1019A13039,COUNTERPARTY_56174
0b93424e857e85c75a9fa910235d1d5a,COMP_0001,invoice,2026-03-25,2026-03-25,2026-05-20 00:00:00,140.07,0.0,EUR,EUR,1.0,paid,N.Fra TB2026F/25 [COMPANY] Ef 1,COUNTERPARTY_03903
1288d25855b30f6103423786429f1af5,COMP_0793,invoice,2026-02-11,2026-02-11,2026-03-10 00:00:00,-188.29,0.0,EUR,EUR,1.0,paid,S.Fra /250 COUNTERPARTY_42909. Ef 126/305,COUNTERPARTY_42909
2ce72a74f5acd23e18993506d8507a8b,COMP_0793,invoice,2026-08-01,2026-08-01,2026-08-06 00:00:00,-217.8,0.0,EUR,EUR,1.0,paid,S.Fra /1801 COUNTERPARTY_07284 Ef 12.632,COUNTERPARTY_07284
39555c15579c0030a0be3d5ded29baa8,COMP_0793,invoice,2025-12-18,2025-12-18,2026-06-24 00:00:00,372.26,0.0,EUR,EUR,1.0,paid,N.Fra TB2025F/586 COUNTERPARTY_57710 Ef 1,COUNTERPARTY_57710
5ccb2be32a15e355ec91e82308af6458,COMP_0793,invoice,2026-05-01,2026-05-01,2026-07-21 00:00:00,-437.29,0.0,EUR,EUR,1.0,paid,S.Fra /1349 [COMPANY]. Ef [NUM],COUNTERPARTY_27469
6434e67c6edf38860f6d73d6de31fdf4,COMP_0793,invoice,2026-02-20,2026-02-20,2026-04-13 00:00:00,-193.54,0.0,EUR,EUR,1.0,paid,S.Fra /328 COUNTERPARTY_07783 Ef [NUM],COUNTERPARTY_49066
7541c04de23be2182be6a6e29322308a,COMP_0793,invoice,2026-06-11,2026-07-11,2026-07-22 00:00:00,-29.09,0.0,EUR,EUR,1.0,paid,S.Fra /1417 COUNTERPARTY_07226 Ef 1ES612TY8ABEI,COUNTERPARTY_18040
77cba5a3912f2c07e546c6014a93281a,COMP_0793,invoice,2026-06-23,2026-06-23,2026-07-20 00:00:00,7930.32,0.0,EUR,EUR,1.0,paid,N.Fra TB2026F/392 COUNTERPARTY_48639 Ef 1,COUNTERPARTY_48639
82c18c7c2a3b6c3efe8e1add57b82b7f,COMP_0793,invoice,2026-06-03,2026-07-03,2026-07-22 00:00:00,-8.99,0.0,EUR,EUR,1.0,paid,S.Fra /1350 COUNTERPARTY_07226 Ef 1ES610L5CABEI,COUNTERPARTY_18040
94a51d726c32ddbf512a54a93eb8b054,COMP_0793,invoice,2026-02-23,2026-03-25,2026-04-09 00:00:00,315.17,0.0,EUR,EUR,1.0,paid,N.Fra TB2026F/85 COUNTERPARTY_49557 Ef 1,COUNTERPARTY_49557
a575b139806d511ea2f4f1defb06d82b,COMP_0793,invoice,2026-06-09,2026-06-09,2026-07-22 00:00:00,-165.96,0.0,EUR,EUR,1.0,paid,S.Fra /1433 COUNTERPARTY_07226 Ef 1ES6127[X],COUNTERPARTY_18040
b971a3e153277f52aaedfe5332fe077f,COMP_0793,invoice,2026-06-23,2026-06-23,2026-08-06 00:00:00,-388.74,0.0,EUR,EUR,1.0,paid,S.Fra /1333 COUNTERPARTY_07783 Ef [NUM],COUNTERPARTY_49066
cac669b37aa1bee509ade616311f73c4,COMP_0793,invoice,2026-04-30,2026-05-30,2026-05-21 00:00:00,-116.36,0.0,EUR,EUR,1.0,paid,S.Fra /863 COUNTERPARTY_07226 Ef 1ES6S1[X],COUNTERPARTY_18040
d5e4afa266ea20c7538a079d5e924a6c,COMP_0793,invoice,2025-09-02,2025-09-02,2026-05-14 00:00:00,38.2,0.0,EUR,EUR,1.0,paid,N.Fra TB2025F/373 COUNTERPARTY_48877 Ef 1,COUNTERPARTY_48877
e109de44b9d0f67210236b0fbd7a6803,COMP_0793,invoice,2026-03-06,2026-03-06,2026-03-06 00:00:00,-163.22,-163.22,EUR,EUR,1.0,overdue,S.Fra /447 [COMPANY] Ef [REF],COUNTERPARTY_21065
e6da5b1982204199dd911e105ecda07f,COMP_0793,invoice,2026-05-05,2026-05-05,2026-07-20 00:00:00,33.99,0.0,EUR,EUR,1.0,paid,N.Fra TB2026F/290 COUNTERPARTY_10380 Ef 1,COUNTERPARTY_10380
eb22a502e10fc3027ad739cbf711d490,COMP_0793,invoice,2026-01-31,2026-03-02,2026-03-10 00:00:00,-221.43,0.0,EUR,EUR,1.0,paid,S.Fra /131 COUNTERPARTY_27660 Ef 1A/25793,COUNTERPARTY_27660
fd362b61b31e7cd786660434015427cc,COMP_0793,invoice,2026-07-31,2026-07-31,2026-07-31 00:00:00,-400.46,-400.46,EUR,EUR,1.0,overdue,S.Fra /1789 COUNTERPARTY_10436 Ef 1FA127895,COUNTERPARTY_10436
0219c919ea87139fbd0c83a0654b999c,COMP_0001,invoice,2026-02-03,2026-02-03,2026-05-20 00:00:00,-4529.03,0.0,EUR,EUR,1.0,paid,N.Fra TB2026F/13 [COMPANY] Ef 1,COUNTERPARTY_03903
111059d1c184b978ad217dccf61bde75,COMP_0793,invoice,2026-05-03,2026-06-02,2026-06-22 00:00:00,-14.29,0.0,EUR,EUR,1.0,paid,S.Fra /1078 COUNTERPARTY_07226 Ef 1ES6SF18ABEI,COUNTERPARTY_18040
1b35eb06f333a92c84b243e878281ec4,COMP_0001,invoice,2026-03-23,2026-04-22,2026-05-19 00:00:00,-149.46,0.0,EUR,EUR,1.0,paid,S.Fra /43 COUNTERPARTY_01023 Ef [REF],COUNTERPARTY_49480
31cce76589c814e60ae09a19a6990e5d,COMP_0793,invoice,2026-04-01,2026-04-01,2026-04-13 00:00:00,-29.04,0.0,EUR,EUR,1.0,paid,S.Fra /645 COUNTERPARTY_06745 Ef [NUM],COUNTERPARTY_06745
3384ba5b7684d6b83803b31bbf5b3e1d,COMP_0793,invoice,2026-05-14,2026-05-14,2026-05-21 00:00:00,-30.25,0.0,EUR,EUR,1.0,paid,S.Fra /901 COUNTERPARTY_27064 Ef 1F26/0147,COUNTERPARTY_47459
4c2bc771a7bd3df4c52a3d504972e2a1,COMP_0001,invoice,2026-05-13,2026-05-13,2026-06-13 00:00:00,14520.0,0.0,EUR,EUR,1.0,paid,N.Fra TB2026F/36 [COMPANY] Ef 1,COUNTERPARTY_03903
4c5b1f7ccefd76df0218c5d16a52767d,COMP_0793,invoice,2026-07-14,2026-08-13,2026-07-22 00:00:00,-199.95,0.0,EUR,EUR,1.0,paid,S.Fra /1633 COUNTERPARTY_07226 Ef 1ES61[X]9ABEI,COUNTERPARTY_18040
4df88fc0719f0e1bbfe736d20718ad4f,COMP_0793,invoice,2026-02-25,2026-02-25,2026-04-09 00:00:00,1005.26,0.0,EUR,EUR,1.0,paid,N.Fra TB2026F/91 COUNTERPARTY_47852 Ef 1,COUNTERPARTY_47852
53563123b175b1b3b7c011828710da0a,COMP_0793,invoice,2026-07-31,2026-07-31,2026-08-06 00:00:00,-290.4,0.0,EUR,EUR,1.0,paid,S.Fra /1802 COUNTERPARTY_45406 Ef 1TB-2026-F136,COUNTERPARTY_45406
6b3e847c371682ad5d6142642614c136,COMP_0001,invoice,2026-03-24,2026-04-23,2026-04-09 00:00:00,-9680.01,0.0,EUR,EUR,1.0,paid,S.Fra /45 COUNTERPARTY_08037 Ef 14,COUNTERPARTY_08037
9d4788ed4c495080974190c0fb2b7eeb,COMP_0793,invoice,2026-07-29,2026-08-28,2026-09-09 00:00:00,-32.46,0.0,EUR,EUR,1.0,paid,S.Fra /1721 COUNTERPARTY_23748 Ef 1FV[NUM],COUNTERPARTY_23748
a854099db99fe9d8be8b4e8758c5ca35,COMP_0793,invoice,2026-06-01,2026-07-01,2026-06-22 00:00:00,99.99,0.0,EUR,EUR,1.0,paid,S.Fra /1106 COUNTERPARTY_07226 Ef 1ES62[X],COUNTERPARTY_18040
a961e7a47482b396b83ba04a2fae619a,COMP_0001,invoice,2026-06-16,2026-07-16,2026-07-08 00:00:00,-14.15,0.0,EUR,EUR,1.0,paid,S.Fra /122 COUNTERPARTY_12457 Ef [NUM],COUNTERPARTY_94951
bd61419f6d15642fa954dbab36cacf23,COMP_0793,invoice,2026-06-02,2026-07-02,2026-06-22 00:00:00,99.99,0.0,EUR,EUR,1.0,paid,S.Fra /1112 COUNTERPARTY_07226 Ef 1ES62U03ABEC,COUNTERPARTY_18040
c56345e5162b7d91a7a25585ba21ba8a,COMP_0001,invoice,2026-03-25,2026-03-25,2026-05-20 00:00:00,9680.0,0.0,EUR,EUR,1.0,paid,N.Fra TB2026F/23 [COMPANY] Ef 1,COUNTERPARTY_03903
c87ff00309f76a663539496f19c6b0f5,COMP_0793,invoice,2026-07-22,2026-08-21,2026-08-21 00:00:00,2386.28,2386.28,EUR,EUR,1.0,overdue,N.Fra TB2026F/499 COUNTERPARTY_49557 Ef 1,COUNTERPARTY_49557
e333cdc51cb51344c1eb4478ebd96052,COMP_0001,invoice,2026-03-31,2026-04-30,2026-06-13 00:00:00,-118.69,0.0,EUR,EUR,1.0,paid,S.Fra /60 COUNTERPARTY_07183 Ef 1L/26/[NUM],COUNTERPARTY_50543
112d7588e6f69318cd881eebf762ead1,COMP_0793,invoice,2026-06-08,2026-06-08,2026-08-06 00:00:00,-9.08,0.0,EUR,EUR,1.0,paid,S.Fra /1377 COUNTERPARTY_00061 Ef [REF],COUNTERPARTY_22769
2074e5401ebee3b484216f7b599b82c7,COMP_0793,invoice,2026-05-21,2026-06-20,2026-08-06 00:00:00,-448.27,0.0,EUR,EUR,1.0,paid,S.Fra /1737 COUNTERPARTY_34270 Ef 1INV/2026/07534,COUNTERPARTY_34270
4cfe37021b179df8e5913ba937d36f31,COMP_0793,invoice,2026-06-23,2026-06-23,2026-07-20 00:00:00,591.33,0.0,EUR,EUR,1.0,paid,N.Fra TB2026F/419 COUNTERPARTY_47852 Ef 1,COUNTERPARTY_47852
4e7101aae7606191ff9c9251e612afc7,COMP_0793,invoice,2026-08-14,2026-08-14,2026-08-14 00:00:00,-901.45,-901.45,EUR,EUR,1.0,overdue,S.Fra /1920 COUNTERPARTY_120382 Ef 126/049,COUNTERPARTY_120382
6303fe35782bacac2e64d5798703774a,COMP_0793,invoice,2026-02-23,2026-02-23,2026-04-09 00:00:00,41597.5,0.0,EUR,EUR,1.0,paid,N.Fra TB2026F/76 COUNTERPARTY_19200 Ef 1,COUNTERPARTY_19200
65ef72ea0f1735d45a0aa3c2395dc47c,COMP_0793,invoice,2026-05-25,2026-05-25,2026-06-22 00:00:00,-169.6,0.0,EUR,EUR,1.0,paid,S.Fra /1041 COUNTERPARTY_54547 Ef 1F/2026/5,COUNTERPARTY_54547
6a67bdd02f271f09a0e477a55e394dc7,COMP_0793,invoice,2026-06-03,2026-06-03,2026-06-22 00:00:00,-29.65,0.0,EUR,EUR,1.0,paid,S.Fra /1178 COUNTERPARTY_07277. Ef 12026/643,COUNTERPARTY_07277
92a974ff39586ddf03bbaa084c35422b,COMP_0793,invoice,2026-02-23,2026-02-23,2026-04-13 00:00:00,-6050.0,0.0,EUR,EUR,1.0,paid,S.Fra /330 [COMPANY] Ef 116,COUNTERPARTY_22440
a1a3d19fffc305aa9314440b4dd1823e,COMP_0001,invoice,2026-05-08,2026-06-07,2026-06-13 00:00:00,-18.2,0.0,EUR,EUR,1.0,paid,S.Fra /88 COUNTERPARTY_12457 Ef [NUM],COUNTERPARTY_94951
a2f8301bc9748a5b6581f4bf0aa101f2,COMP_0793,invoice,2026-04-17,2026-04-17,2026-07-20 00:00:00,-1542.0,0.0,EUR,EUR,1.0,paid,S.Fra /712 COUNTERPARTY_120484 Ef [NUM],COUNTERPARTY_120484
b1ab29688d585dec761ce039c231095c,COMP_0001,invoice,2026-06-04,2026-07-04,2026-08-05 00:00:00,-74.95,0.0,EUR,EUR,1.0,paid,S.Fra /136 COUNTERPARTY_55558 Ef [NUM]/[NUM],COUNTERPARTY_120496
b604ecf37fe1053be905e05875ce2228,COMP_0793,invoice,2026-05-31,2026-05-31,2026-06-22 00:00:00,-642.51,0.0,EUR,EUR,1.0,paid,S.Fra /1046 COUNTERPARTY_33161 Ef 1S26/2534,COUNTERPARTY_47731
c0f503bb2f47cb8e44cbd4fcf4c8241c,COMP_0793,invoice,2026-04-10,2026-04-10,2026-08-06 00:00:00,-23.89,0.0,EUR,EUR,1.0,paid,S.Fra /[COMPANY] Ef 1058-0004-561330,COUNTERPARTY_102195
cb7e0b828747e24f0d32e1b3df59b7e8,COMP_0793,invoice,2026-05-05,2026-05-05,2026-07-20 00:00:00,38419.01,0.0,EUR,EUR,1.0,paid,N.Fra TB2026F/288 COUNTERPARTY_10380 Ef 1,COUNTERPARTY_10380
cf6755076010d5c2c38e507287c983f4,COMP_0793,invoice,2026-06-19,2026-07-19,2026-08-06 00:00:00,-22.0,0.0,EUR,EUR,1.0,paid,S.Fra /1619 COUNTERPARTY_01767 Ef 135,COUNTERPARTY_01767
edfab8b6b48149df6dbc7baef519cce3,COMP_0793,invoiceGroup,2026-04-13,2026-04-13,2026-04-13 00:00:00,-66096.48,-66096.48,EUR,EUR,1.0,overdue,Remesas Proveedor,
eeb2103e582584e1f862eeef9bc3cf29,COMP_0793,invoice,2025-10-17,2025-11-16,2026-07-22 00:00:00,-19.27,0.0,EUR,EUR,1.0,paid,S.Fra /1683 COUNTERPARTY_07226 Ef 1ES530DC3AEUI,COUNTERPARTY_18040
fdb8386149f5c43a1775a44dc53853f5,COMP_0001,invoice,2026-02-23,2026-02-23,2026-05-20 00:00:00,245.76,0.0,EUR,EUR,1.0,paid,N.Fra TB2026F/14 [COMPANY] Ef 1,COUNTERPARTY_03903
08150af858f81a6e9e4f132ec03a746e,COMP_0793,invoice,2026-08-28,2026-08-28,2026-08-28 00:00:00,-2800.91,-2800.91,EUR,EUR,1.0,overdue,S.Fra /1925 COUNTERPARTY_33161 Ef 1S26/5231,COUNTERPARTY_47731
0a73eda506ba6b4d1fe63a97ce38f68f,COMP_0878,invoice,2026-01-29,2026-01-29,2026-04-09 00:00:00,-1089.0,0.0,EUR,EUR,1.0,paid,S.Fra /42 COUNTERPARTY_40602 Ef 1FV26-2,COUNTERPARTY_40602
26ff9a9ef34e9fae6ecaa40e59960097,COMP_0001,invoice,2026-07-23,2026-08-22,2026-08-05 00:00:00,-9680.01,0.0,EUR,EUR,1.0,paid,S.Fra /158 COUNTERPARTY_08037 Ef 113,COUNTERPARTY_08037
49a9309f684274c2ba90148775a0d3c9,COMP_0793,invoice,2026-05-29,2026-06-28,2026-06-22 00:00:00,-29.0,0.0,EUR,EUR,1.0,paid,S.Fra /1043 COUNTERPARTY_18477 Ef [NUM]/AV,COUNTERPARTY_31747
5cc2f25f576aad267503b52cbcb308ab,COMP_0793,invoice,2026-07-22,2026-07-22,2026-07-22 00:00:00,716.9,716.9,EUR,EUR,1.0,overdue,N.Fra TB2026F/492 COUNTERPARTY_49692 Ef 1,COUNTERPARTY_49692
7974d000d37b05dddc45821dafae577c,COMP_0793,invoice,2026-07-01,2026-07-01,2026-07-20 00:00:00,-50.82,0.0,EUR,EUR,1.0,paid,S.Fra /1482 COUNTERPARTY_07284 Ef 12.152,COUNTERPARTY_07284
7afebfe335ee36c806007f5a0448fa64,COMP_0793,invoice,2026-04-28,2026-04-28,2026-06-24 00:00:00,1421.15,0.0,EUR,EUR,1.0,paid,N.Fra TB2026F/275 COUNTERPARTY_51678 Ef 1,COUNTERPARTY_51678
80b2d42e078c4fa5289bc9a673a83e60,COMP_0793,invoice,2026-04-30,2026-04-30,2026-05-21 00:00:00,-305.89,0.0,EUR,EUR,1.0,paid,S.Fra /911 COUNTERPARTY_30606 Ef 1S26/171,COUNTERPARTY_30606
833a786eadf3d461b6ef842e8846a2bf,COMP_0793,invoice,2026-07-17,2026-08-16,2026-07-22 00:00:00,6.99,0.0,EUR,EUR,1.0,paid,S.Fra /1638 COUNTERPARTY_07226 Ef 1ES63N6[X],COUNTERPARTY_18040
923cbdd0fcc31612162555d4f4b37d12,COMP_0793,invoice,2026-06-21,2026-07-21,2026-07-22 00:00:00,-10.88,0.0,EUR,EUR,1.0,paid,S.Fra /1365 COUNTERPARTY_07226 Ef 1ES615M3GABEI,COUNTERPARTY_18040
972925846b2e2c284568ecc647b2adae,COMP_0793,invoice,2025-12-31,2025-12-31,2026-04-09 00:00:00,417.74,0.0,EUR,EUR,1.0,paid,N.Fra TB2025F/638 COUNTERPARTY_51502 Ef 1,COUNTERPARTY_51502
9b275717299203a4e56dd22a56537643,COMP_0001,invoice,2026-04-13,2026-05-13,2026-06-13 00:00:00,-105.35,0.0,EUR,EUR,1.0,paid,S.Fra /62 COUNTERPARTY_24926 Ef [NUM]/5/26/000841,COUNTERPARTY_55414
ba2bce7b9cfb08f1a1385d492758c4a5,COMP_0793,invoice,2026-02-16,2026-02-16,2026-06-22 00:00:00,-83.49,0.0,EUR,EUR,1.0,paid,S.Fra /1008 COUNTERPARTY_17313 Ef 130168,COUNTERPARTY_17313
c6002107fe06d77cb6083efce6841d0d,COMP_0793,invoice,2026-04-08,2026-04-08,2026-05-20 00:00:00,-94.99,0.0,EUR,EUR,1.0,paid,S.Fra /[COMPANY] Ef [NUM],COUNTERPARTY_43184
e571c2da5212d5acee8765a7d8ffed95,COMP_0793,invoice,2026-07-31,2026-08-30,2026-08-06 00:00:00,-221.43,0.0,EUR,EUR,1.0,paid,S.Fra /1820 COUNTERPARTY_27660 Ef 126185,COUNTERPARTY_27660
f264b9ec5a99294ccefc8c12f478cd9b,COMP_0793,invoice,2026-07-29,2026-07-29,2026-07-29 00:00:00,448.91,448.91,EUR,EUR,1.0,overdue,N.Fra TB2026F/526 COUNTERPARTY_48877 Ef 1,COUNTERPARTY_48877
0061d9f38878bb39ce40ccf970b910b3,COMP_0793,invoice,2026-06-18,2026-07-18,2026-07-15 00:00:00,-32.01,0.0,EUR,EUR,1.0,paid,S.Fra /1268 COUNTERPARTY_10160 Ef 1F[NUM],COUNTERPARTY_35185
04733aea131f1e31b44960391c19a17b,COMP_0793,invoice,2026-07-08,2026-08-07,2026-07-15 00:00:00,-453.53,0.0,EUR,EUR,1.0,paid,S.Fra /1527 COUNTERPARTY_47799 Ef [NUM],COUNTERPARTY_47799
0f7c604afb1a055bbd35cfbe53419231,COMP_0001,invoice,2026-07-30,2026-08-29,2026-08-05 00:00:00,-12.7,0.0,EUR,EUR,1.0,paid,S.Fra /167 COUNTERPARTY_12457 Ef [NUM],COUNTERPARTY_94951
2349ed574265a9fc5cca0a46c44bebc8,COMP_0793,invoice,2026-07-01,2026-07-31,2026-07-22 00:00:00,-6.99,0.0,EUR,EUR,1.0,paid,S.Fra /1624 COUNTERPARTY_07226 Ef 1ES618[X],COUNTERPARTY_18040
2e3865381af3826796d068cdcc1025dc,COMP_0793,invoice,2026-05-01,2026-05-31,2026-05-21 00:00:00,-239.58,0.0,EUR,EUR,1.0,paid,S.Fra /829 COUNTERPARTY_35858 Ef 114[X]93-0021,COUNTERPARTY_35858
32526c94a3b41e0459ab358a3ce39958,COMP_0793,invoice,2026-07-31,2026-07-31,2026-07-31 00:00:00,-68.07,-68.07,EUR,EUR,1.0,overdue,S.Fra /1791 COUNTERPARTY_10436 Ef 1FA127892,COUNTERPARTY_10436
366bf532dfcbe1f6ae0c33ddb508addf,COMP_0001,invoice,2026-07-17,2026-08-16,2026-09-07 00:00:00,-117.75,0.0,EUR,EUR,1.0,paid,S.Fra /154 COUNTERPARTY_120897 Ef 1I6-10236,COUNTERPARTY_120897
403b8dfae4bdad88dd87c8a19af47294,COMP_0793,invoice,2026-08-26,2026-09-25,2026-09-10 00:00:00,-16.6,0.0,EUR,EUR,1.0,paid,S.Fra /1928 COUNTERPARTY_07226 Ef 1ES61L0[X],COUNTERPARTY_18040
4580183eb165ed4680905dfbdc78f7d8,COMP_0793,invoice,2026-03-31,2026-03-31,2026-04-13 00:00:00,-468.03,0.0,EUR,EUR,1.0,paid,S.Fra /664 COUNTERPARTY_30606 Ef 1S26/119,COUNTERPARTY_30606
52100f23b057d4a27b0dbc7d650fbfc2,COMP_0793,invoice,2026-03-17,2026-04-16,2026-04-09 00:00:00,-15.5,0.0,EUR,EUR,1.0,paid,S.Fra /574 COUNTERPARTY_07226 Ef 1ES6[X],COUNTERPARTY_18040
58097262f4082b3ac756fa60e80e0e10,COMP_0793,invoice,2026-05-19,2026-06-18,2026-07-15 00:00:00,-33.28,0.0,EUR,EUR,1.0,paid,S.Fra /948 COUNTERPARTY_10160 Ef [NUM],COUNTERPARTY_35185
656d442d3ee9c324bf4006e0387c5888,COMP_0793,invoice,2026-05-22,2026-05-22,2026-06-22 00:00:00,-1675.85,0.0,EUR,EUR,1.0,paid,S.Fra /1039 COUNTERPARTY_45358 Ef 12026/16115,COUNTERPARTY_45358
6681010dffb2bf10efd02f1b48bcbc2e,COMP_0001,invoice,2025-11-05,2025-11-05,2025-11-05 00:00:00,-1727.88,-1727.88,EUR,EUR,1.0,overdue,S.Fra /211 COUNTERPARTY_10587 Ef 12025-VN/FV[NUM],COUNTERPARTY_10587
66cd2a81c1045f665010955e461bb500,COMP_0793,invoice,2026-03-23,2026-03-23,2026-04-13 00:00:00,-557.81,0.0,EUR,EUR,1.0,paid,S.Fra /549 COUNTERPARTY_53905 Ef 17.239,COUNTERPARTY_53905
69e8a58f2311f8f26c4d1bed167fd8b4,COMP_0793,invoice,2026-08-25,2026-08-25,2026-08-25 00:00:00,-93.46,-93.46,EUR,EUR,1.0,overdue,S.Fra /1851 COUNTERPARTY_27278 Ef 1N2026/036997,COUNTERPARTY_27278
77c8d6fa9b3cf30b3677e5a47dbc4149,COMP_0793,invoice,2026-06-16,2026-06-16,2026-06-16 00:00:00,5650.86,5650.86,EUR,EUR,1.0,overdue,N.Fra TB2026F/386 COUNTERPARTY_48298 Ef 1,COUNTERPARTY_48298
8270f53f0d8632bd4b3309bf6aed17b5,COMP_0793,invoice,2026-07-01,2026-07-01,2026-08-06 00:00:00,-1.21,0.0,EUR,EUR,1.0,paid,S.Fra /1666 COUNTERPARTY_00061 Ef 12584,COUNTERPARTY_22769
9b5048b9f37f21b5b6dbd6a9f7783a0b,COMP_0793,invoice,2026-04-01,2026-04-01,2026-07-20 00:00:00,11073.15,0.0,EUR,EUR,1.0,paid,N.Fra TB2026F/211 COUNTERPARTY_10380 Ef 1,COUNTERPARTY_10380
a1023a31aaa8981ad40508cd1894fb27,COMP_0793,invoice,2026-04-08,2026-04-08,2026-06-22 00:00:00,-35.09,0.0,EUR,EUR,1.0,paid,S.Fra /798 COUNTERPARTY_00061 Ef [REF],COUNTERPARTY_22769
be05681af232e85b2d68fcb884ed4b79,COMP_0793,invoice,2026-04-30,2026-04-30,2026-07-20 00:00:00,-314.6,0.0,EUR,EUR,1.0,paid,S.Fra /759 COUNTERPARTY_121043 Ef 1845,COUNTERPARTY_121043
e66279f8bbc063364b7eb5b6c9c0d703,COMP_0793,invoice,2026-05-29,2026-06-27,2026-06-24 00:00:00,1440.77,0.0,EUR,EUR,1.0,paid,N.Fra TB2026F/342 COUNTERPARTY_49557 Ef 1,COUNTERPARTY_49557
e9607a63964acdd22b23e10317a20aeb,COMP_0793,invoice,2026-06-25,2026-06-25,2026-08-06 00:00:00,-1248.56,0.0,EUR,EUR,1.0,paid,S.Fra /1699 COUNTERPARTY_33161 Ef 1S26/3121,COUNTERPARTY_47731
ed02b4cd2a6c4cb6ff9d8b0c9d77f8ef,COMP_0793,invoice,2026-01-13,2026-02-12,2026-07-22 00:00:00,-57.77,0.0,EUR,EUR,1.0,paid,S.Fra /97 COUNTERPARTY_07226 Ef 1ES64[X],COUNTERPARTY_18040
0182f88d8593abde900e34183ad4e415,COMP_0793,invoice,2025-06-12,2025-07-12,2026-08-06 00:00:00,-143.84,0.0,EUR,EUR,1.0,paid,S.Fra /1793 COUNTERPARTY_51965 Ef 12025A/2832,COUNTERPARTY_57664
0b451dfffa59a55c01a27de5477150cc,COMP_0793,invoice,2026-08-11,2026-08-11,2026-08-11 00:00:00,-177.79,-177.79,EUR,EUR,1.0,overdue,S.Fra /1906 COUNTERPARTY_34275. Ef 1TB-2026-F522,COUNTERPARTY_34275
287fff8ce27ca05f8bfc3bc0ea418468,COMP_0793,invoice,2025-11-18,2025-11-18,2026-04-13 00:00:00,-6050.0,0.0,EUR,EUR,1.0,paid,S.Fra /1906 [COMPANY] Ef 1193,COUNTERPARTY_22440
28a5afb3a84069f689465b7c3c18da92,COMP_0793,invoice,2026-08-31,2026-09-30,2026-09-30 00:00:00,-327.67,-327.67,EUR,EUR,1.0,pending,S.Fra /2086 COUNTERPARTY_30606 Ef 1S26/445,COUNTERPARTY_30606
291672637aa1d4462278a35000ce1384,COMP_0793,invoice,2026-06-01,2026-06-01,2026-06-22 00:00:00,-29.04,0.0,EUR,EUR,1.0,paid,S.Fra /1164 COUNTERPARTY_06745 Ef [NUM],COUNTERPARTY_06745
31f58c05d801a9dbd7331f1be713e39a,COMP_0793,invoice,2026-03-25,2026-03-25,2026-04-13 00:00:00,-658.42,0.0,EUR,EUR,1.0,paid,S.Fra /559 COUNTERPARTY_31602 Ef 123/[TAXID],COUNTERPARTY_31602
3cf5a5d0d54766768084ba09b2f0ac6e,COMP_0793,invoice,2026-02-20,2026-02-20,2026-04-13 00:00:00,-13963.9,0.0,EUR,EUR,1.0,paid,S.Fra /515 COUNTERPARTY_107973 Ef 12752,COUNTERPARTY_107973
468179fd0f93899ff6de9fbb3feaa8f1,COMP_0001,invoice,2025-12-29,2026-01-28,2026-08-05 00:00:00,-170.1,0.0,EUR,EUR,1.0,paid,S.Fra /237 COUNTERPARTY_23347 Ef 1RR/250.808,COUNTERPARTY_23347
5f900e23eeccbf7790b39259effcbfd0,COMP_0793,invoice,2026-07-10,2026-07-10,2026-08-06 00:00:00,-663.87,0.0,EUR,EUR,1.0,paid,S.Fra /1596 COUNTERPARTY_33161 Ef 1S26/3699,COUNTERPARTY_47731
614345a83be615ae55d286060b0d0b4e,COMP_0793,invoice,2026-06-25,2026-06-25,2026-07-20 00:00:00,-461.49,0.0,EUR,EUR,1.0,paid,S.Fra /1326 COUNTERPARTY_33161 Ef 1S26/3116,COUNTERPARTY_47731
6344b6e46fb392dc8dad5cebd2d1e1f0,COMP_0793,invoice,2026-06-04,2026-07-04,2026-06-22 00:00:00,-390.1,0.0,EUR,EUR,1.0,paid,S.Fra /1191 COUNTERPARTY_48090 Ef 1GR26-92162,COUNTERPARTY_48090
64d76fc44c00c6ca17c59a827262470b,COMP_0001,invoice,2026-08-27,2026-09-26,2026-09-07 00:00:00,-14520.0,0.0,EUR,EUR,1.0,paid,S.Fra /187 COUNTERPARTY_09820 Ef 1F26/9,COUNTERPARTY_09820
7612dc19f182dd89f9fdb24f317282f5,COMP_0793,invoice,2026-07-03,2026-07-03,2026-07-03 00:00:00,27354.87,27354.87,EUR,EUR,1.0,overdue,N.Fra TB2026F/468 COUNTERPARTY_10380 Ef 1,COUNTERPARTY_10380
87ea3197a6e7c416f4eb526babebb1ad,COMP_0793,invoice,2026-06-16,2026-07-16,2026-07-22 00:00:00,-9.89,0.0,EUR,EUR,1.0,paid,S.Fra /1359 COUNTERPARTY_07226 Ef 1ES6148[X]8EI,COUNTERPARTY_18040
96ab23dd991725f5072f82f4cb1e46a2,COMP_0793,invoice,2026-07-31,2026-08-30,2026-09-09 00:00:00,-46191.17,0.0,EUR,EUR,1.0,paid,S.Fra /1880 COUNTERPARTY_18583 Ef [REF],COUNTERPARTY_18583
9e2d7a6d540d3851bec21ca450dc41ba,COMP_0793,invoice,2026-08-10,2026-08-10,2026-08-10 00:00:00,-0.3,-0.3,EUR,EUR,1.0,overdue,S.Fra /1976 COUNTERPARTY_00061 Ef [REF],COUNTERPARTY_22769
a136384f8aee566e269f8d350faa0e88,COMP_0793,invoice,2026-01-07,2026-02-06,2026-07-22 00:00:00,-23.99,0.0,EUR,EUR,1.0,paid,S.Fra /14 COUNTERPARTY_07226 Ef 1ES6[X],COUNTERPARTY_18040
a7276f6debb9ad1de2712178d1354b0d,COMP_0793,invoice,2026-08-05,2026-09-04,2026-09-09 00:00:00,-32.01,0.0,EUR,EUR,1.0,paid,S.Fra /1833 COUNTERPARTY_10160 Ef 1F[NUM],COUNTERPARTY_35185
b76926accc2631233334cef3e4d803eb,COMP_0793,invoice,2026-05-15,2026-05-15,2026-07-22 00:00:00,-18.25,0.0,EUR,EUR,1.0,paid,S.Fra /1063 COUNTERPARTY_07226 Ef 1ES6\A/[X],COUNTERPARTY_18040
ba2cf4ae0ac6ccfe8bd8c3a5d468752f,COMP_0793,invoice,2026-05-05,2026-05-05,2026-06-24 00:00:00,2007.52,0.0,EUR,EUR,1.0,paid,N.Fra TB2026F/285 COUNTERPARTY_48639 Ef 1,COUNTERPARTY_48639
bac2abd6d417e863975c0cf057216160,COMP_0793,invoice,2026-04-10,2026-04-10,2026-07-20 00:00:00,591.75,0.0,EUR,EUR,1.0,paid,N.Fra TB2026F/212 COUNTERPARTY_21959 Ef 1,COUNTERPARTY_21959
bce1d991e0ec358457ff5a7bd483a17c,COMP_0793,invoice,2026-03-16,2026-04-15,2026-04-09 00:00:00,-29.9,0.0,EUR,EUR,1.0,paid,S.Fra /632 COUNTERPARTY_07226 Ef 1ES6[X],COUNTERPARTY_18040
db3e861bd3046ed43d29ec440da7b3db,COMP_0793,invoice,2026-04-29,2026-04-29,2026-04-29 00:00:00,55509.73,55509.73,EUR,EUR,1.0,overdue,N.Fra TB2026F/282 COUNTERPARTY_106361. Ef 1,COUNTERPARTY_106361
0e37a83034484a238884a16a5ed64109,COMP_0793,invoice,2026-03-24,2026-03-24,2026-06-24 00:00:00,17999.6,0.0,EUR,EUR,1.0,paid,N.Fra TB2026F/152 COUNTERPARTY_49391 Ef 1,COUNTERPARTY_49391
11746e5ddfce2281cf18647bcb46e522,COMP_0793,invoice,2026-07-23,2026-07-23,2026-07-23 00:00:00,-294.55,-294.55,EUR,EUR,1.0,overdue,S.Fra /1744 COUNTERPARTY_07783 Ef [NUM],COUNTERPARTY_49066
20ac1baa5dd1aea4c7b38a0268a982d0,COMP_0793,invoice,2026-01-27,2026-01-27,2026-07-20 00:00:00,129.99,0.0,EUR,EUR,1.0,paid,N.Fra TB2026F/56 COUNTERPARTY_48298 Ef 1,COUNTERPARTY_48298
245feb4c7fb5a71d7bf1767cc35694ed,COMP_0001,invoice,2026-07-12,2026-08-11,2026-08-05 00:00:00,-97.25,0.0,EUR,EUR,1.0,paid,S.Fra /151 COUNTERPARTY_121420. Ef [NUM],COUNTERPARTY_121420
2d77a40ac656d69ca09ab5ebf226668c,COMP_0793,invoice,2026-08-11,2026-08-11,2026-08-11 00:00:00,-0.3,-0.3,EUR,EUR,1.0,overdue,S.Fra /1977 COUNTERPARTY_00061 Ef [REF],COUNTERPARTY_22769
329ad66fde622ef7aa583f4d700efcda,COMP_0793,invoice,2026-07-22,2026-07-22,2026-07-22 00:00:00,15185.74,15185.74,EUR,EUR,1.0,overdue,N.Fra TB2026F/508 COUNTERPARTY_49391 Ef 1,COUNTERPARTY_49391
41b55af04f66717380ab2810320fa51a,COMP_0793,invoice,2026-03-16,2026-03-16,2026-05-21 00:00:00,-419.8,0.0,EUR,EUR,1.0,paid,S.Fra /511 COUNTERPARTY_33161 Ef 1S26/1039,COUNTERPARTY_47731
4b3dd92d29f403b27e4f5ec9939f9202,COMP_0793,invoice,2026-06-12,2026-06-12,2026-07-20 00:00:00,-785.4,0.0,EUR,EUR,1.0,paid,S.Fra /1278 COUNTERPARTY_33161 Ef 1S26/2788,COUNTERPARTY_47731
4e8da6af5d4e129104f71af78fc4b8e0,COMP_0793,invoice,2026-04-28,2026-04-28,2026-06-24 00:00:00,67357.81,0.0,EUR,EUR,1.0,paid,N.Fra TB2026F/246 COUNTERPARTY_48639 Ef 1,COUNTERPARTY_48639
5ac7a403e382bfa6a1f1728156a427d6,COMP_0793,invoice,2026-08-08,2026-08-08,2026-08-08 00:00:00,-176.43,-176.43,EUR,EUR,1.0,overdue,S.Fra /1874 COUNTERPARTY_23799. Ef [NUM],COUNTERPARTY_28032
8106eaba64f246f27dd861d33596bc5f,COMP_0793,invoice,2026-07-15,2026-08-14,2026-08-14 00:00:00,-123.0,-123.0,EUR,EUR,1.0,overdue,S.Fra /1649 COUNTERPARTY_108362 Ef 1RES/126496,COUNTERPARTY_108362
92f89d96f4f483e9660a89c8b1fb4fd6,COMP_0793,invoice,2026-05-19,2026-06-18,2026-07-15 00:00:00,-33.28,0.0,EUR,EUR,1.0,paid,S.Fra /946 COUNTERPARTY_10160 Ef [NUM],COUNTERPARTY_35185
935fe2d18e406e2d6383d4b33bfa3eb3,COMP_0793,invoice,2026-06-24,2026-07-24,2026-07-27 00:00:00,-29.04,0.0,EUR,EUR,1.0,paid,S.Fra /1300 COUNTERPARTY_08655 Ef [NUM],COUNTERPARTY_121533
a9756e35c2a2453710300810fdc49215,COMP_0793,invoice,2026-07-07,2026-07-07,2026-08-06 00:00:00,-0.3,0.0,EUR,EUR,1.0,paid,S.Fra /1668 COUNTERPARTY_00061 Ef 15108,COUNTERPARTY_22769
ae977b21c1acb97ed79b0bd92f16422b,COMP_0001,invoice,2026-04-22,2026-05-22,2026-05-13 00:00:00,-7260.0,0.0,EUR,EUR,1.0,paid,S.Fra /66 COUNTERPARTY_26899 Ef 17,COUNTERPARTY_26899
b27d91373d9f06281fc43d30f3332e6c,COMP_0793,invoice,2026-03-26,2026-03-26,2026-06-24 00:00:00,16159.89,0.0,EUR,EUR,1.0,paid,N.Fra TB2026F/178 COUNTERPARTY_48639 Ef 1,COUNTERPARTY_48639
b7a45b1a685215647f8ea9198be1c43b,COMP_0793,invoice,2026-03-09,2026-04-08,2026-04-09 00:00:00,-27.7,0.0,EUR,EUR,1.0,paid,S.Fra /570 COUNTERPARTY_07226 Ef 1ES6[X],COUNTERPARTY_18040
c6d8afb67490c8ec8ad929f5b37aa35f,COMP_0793,invoice,2026-07-23,2026-07-23,2026-07-23 00:00:00,-300.95,-300.95,EUR,EUR,1.0,overdue,S.Fra /1743 COUNTERPARTY_07783 Ef [NUM],COUNTERPARTY_49066
cdbf8369f05e71c21233dd2ee9f9f9dd,COMP_0001,invoice,2026-03-15,2026-04-14,2026-04-09 00:00:00,-1419.96,0.0,EUR,EUR,1.0,paid,S.Fra /[COMPANY] Ef 1CI[NUM],COUNTERPARTY_28286
d95a18f0bfcf837064074a9e807d7330,COMP_0793,invoice,2026-08-04,2026-08-04,2026-08-04 00:00:00,28300.19,28300.19,EUR,EUR,1.0,overdue,N.Fra TB2026F/534 COUNTERPARTY_10380 Ef 1,COUNTERPARTY_10380
dd2ae449fa3e71406bf8dcfa470eb765,COMP_0793,invoice,2026-08-06,2026-08-06,2026-08-06 00:00:00,-6868.65,-6868.65,EUR,EUR,1.0,overdue,S.Fra /1894 [COMPANY] Ef 163,COUNTERPARTY_22440
e7c25aa5fa8c662129fa9ce3d83adf6b,COMP_0001,invoice,2026-03-31,2026-04-30,2026-06-13 00:00:00,-527.24,0.0,EUR,EUR,1.0,paid,S.Fra /57 COUNTERPARTY_07183 Ef 1L/26/[NUM],COUNTERPARTY_50543
07b45eac36a6f508b9e4926f296dadf1,COMP_0793,invoice,2026-01-02,2026-01-02,2026-06-22 00:00:00,-2013.44,0.0,EUR,EUR,1.0,paid,S.Fra /961 [COMPANY] Ef 11,COUNTERPARTY_22440
236c94938313c3486f4b6eb21b756856,COMP_0793,invoice,2026-04-30,2026-04-30,2026-05-21 00:00:00,-250.95,0.0,EUR,EUR,1.0,paid,S.Fra /937 COUNTERPARTY_30606 Ef 1S26/172,COUNTERPARTY_30606
2a42376be7951930b2412b31a12d3c85,COMP_0793,invoice,2026-08-10,2026-09-09,2026-09-10 00:00:00,-11.69,0.0,EUR,EUR,1.0,paid,S.Fra /1926 COUNTERPARTY_07226 Ef 1ES61[X],COUNTERPARTY_18040
324157dec295515ee6409cecadac8688,COMP_0793,invoice,2026-07-03,2026-07-03,2026-07-03 00:00:00,67.98,67.98,EUR,EUR,1.0,overdue,N.Fra TB2026F/472 COUNTERPARTY_10380 Ef 1,COUNTERPARTY_10380
37e1adfacf725fb18a48aa1a3a1ab12d,COMP_0793,invoice,2026-08-02,2026-09-01,2026-08-06 00:00:00,-17.99,0.0,EUR,EUR,1.0,paid,S.Fra /1773 COUNTERPARTY_07226 Ef 1ES61G5[X],COUNTERPARTY_18040
3f3fa6f1a64535ed0077acb5af7f5675,COMP_0793,invoice,2026-06-10,2026-07-10,2026-06-22 00:00:00,-106.0,0.0,EUR,EUR,1.0,paid,S.Fra /1235 COUNTERPARTY_48090 Ef 1GR26-92204,COUNTERPARTY_48090
462054f0ad6895352651361f87893d01,COMP_0793,invoice,2026-05-31,2026-05-31,2026-05-31 00:00:00,-184.36,-184.36,EUR,EUR,1.0,overdue,S.Fra /1152 COUNTERPARTY_07183 Ef [NUM],COUNTERPARTY_11469
4e1ce4f6b503ed847eacb1dc0048c5f1,COMP_0793,invoice,2026-05-29,2026-06-27,2026-07-20 00:00:00,76998.35,0.0,EUR,EUR,1.0,paid,N.Fra TB2026F/337 COUNTERPARTY_05961 Ef 1,COUNTERPARTY_05961
537668242712aa0089a1a4c76868f29f,COMP_0793,invoice,2026-02-23,2026-03-25,2026-04-09 00:00:00,1395.75,0.0,EUR,EUR,1.0,paid,N.Fra TB2026F/84 COUNTERPARTY_49557 Ef 1,COUNTERPARTY_49557
546391bf4c270bb7beaa7fcac3ccbf4f,COMP_0793,invoice,2026-02-18,2026-03-20,2026-03-10 00:00:00,-786.17,0.0,EUR,EUR,1.0,paid,S.Fra /295 COUNTERPARTY_48090 Ef 191578,COUNTERPARTY_48090
6726276677abbe9a4421475086904197,COMP_0793,invoice,2026-08-31,2026-09-30,2026-09-30 00:00:00,-248.66,-248.66,EUR,EUR,1.0,pending,S.Fra /2056 COUNTERPARTY_27660 Ef 1A/26270,COUNTERPARTY_27660
76bb492b56b9215c4e3ba804320391f4,COMP_0793,invoice,2026-06-26,2026-06-26,2026-06-26 00:00:00,-143.95,-143.95,EUR,EUR,1.0,overdue,S.Fra /1587 COUNTERPARTY_102511 Ef 1FV/[NUM],COUNTERPARTY_102511
8a4b9fd8ed645dc262d51e065ea56545,COMP_0793,invoice,2026-08-05,2026-09-04,2026-09-04 00:00:00,-466.09,-466.09,EUR,EUR,1.0,overdue,S.Fra /1840 COUNTERPARTY_22217 Ef 12026/AA/[NUM],COUNTERPARTY_22217
8c44b96545e23a8ad7d29a5faf195563,COMP_0793,invoice,2026-06-26,2026-07-26,2026-08-06 00:00:00,-34.34,0.0,EUR,EUR,1.0,paid,S.Fra /1459 COUNTERPARTY_23748 Ef 1FV[NUM],COUNTERPARTY_23748
8e3292a90009c727f574d05f3306f2aa,COMP_0793,invoice,2026-01-09,2026-02-08,2026-07-22 00:00:00,-19.97,0.0,EUR,EUR,1.0,paid,S.Fra /18 COUNTERPARTY_07226 Ef 1ES61[X],COUNTERPARTY_18040
a709216d7d99adb11881a2a850aa8366,COMP_0793,invoice,2026-02-20,2026-02-20,2026-04-13 00:00:00,-60.0,0.0,EUR,EUR,1.0,paid,S.Fra /327 COUNTERPARTY_07783 Ef [NUM],COUNTERPARTY_49066
d5f6716f7ec601150ebd70f0fb52fa3d,COMP_0793,invoice,2026-07-15,2026-08-14,2026-08-14 00:00:00,-141.19,-141.19,EUR,EUR,1.0,overdue,S.Fra /1972 COUNTERPARTY_48443 Ef [NUM],COUNTERPARTY_48443
e6a64c4c52811340a2d35621e4e2dd40,COMP_0793,invoice,2026-08-27,2026-08-27,2026-08-27 00:00:00,-219.02,-219.02,EUR,EUR,1.0,overdue,S.Fra /1917 COUNTERPARTY_43406. Ef 126FV2388,COUNTERPARTY_43406
f50ce2e22055045c838bcc01ea304b40,COMP_0793,invoice,2026-08-31,2026-08-31,2026-08-31 00:00:00,9375.75,9375.75,EUR,EUR,1.0,overdue,N.Fra TB2026F/576 COUNTERPARTY_49391 Ef 1,COUNTERPARTY_49391
01972978c3642aacc5e5140b2f83a492,COMP_0793,invoice,2026-07-21,2026-07-21,2026-08-06 00:00:00,-0.61,0.0,EUR,EUR,1.0,paid,S.Fra /1712 COUNTERPARTY_00061 Ef [REF],COUNTERPARTY_22769
11f6e6fdd439025a86f20581d33d1f36,COMP_0793,invoice,2026-07-15,2026-07-15,2026-08-06 00:00:00,-1080.54,0.0,EUR,EUR,1.0,paid,S.Fra /1565 COUNTERPARTY_49683 Ef [NUM],COUNTERPARTY_49683
259d95cbfdfb1237183e3b75ee152cf5,COMP_0793,invoice,2026-07-24,2026-07-24,2026-08-06 00:00:00,-31.84,0.0,EUR,EUR,1.0,paid,S.Fra /1765 COUNTERPARTY_07226 Ef 1ES61[X]2ABEI,COUNTERPARTY_18040
266a6bb28203df403f9c536ce0e00b89,COMP_0793,invoice,2026-02-26,2026-02-26,2026-04-09 00:00:00,135.94,0.0,EUR,EUR,1.0,paid,N.Fra TB2026F/132 COUNTERPARTY_04788 Ef 1,COUNTERPARTY_04788
3d6735f28d4727c005d5f0ffcf86f70c,COMP_0793,invoice,2026-04-18,2026-04-18,2026-06-22 00:00:00,-209.09,0.0,EUR,EUR,1.0,paid,S.Fra /718 COUNTERPARTY_23799. Ef 122055,COUNTERPARTY_28032
40f583f47c94ecbc4795cdb738ef3bcd,COMP_0793,invoice,2026-02-27,2026-02-27,2026-03-10 00:00:00,-199.25,0.0,EUR,EUR,1.0,paid,S.Fra /380 COUNTERPARTY_56541 Ef 126/991,COUNTERPARTY_56541
4f62c93658b35146fea5bd421a4ec405,COMP_0793,invoice,2025-07-28,2025-07-28,2026-05-14 00:00:00,921.2,0.0,EUR,EUR,1.0,paid,N.Fra TB2025F/332 COUNTERPARTY_48877 Ef 1,COUNTERPARTY_48877
66059717ed6a97fa77f9959dcc195b70,COMP_0793,invoice,2026-07-02,2026-08-01,2026-07-22 00:00:00,-17.9,0.0,EUR,EUR,1.0,paid,S.Fra /1627 COUNTERPARTY_07226 Ef 1ES618[X],COUNTERPARTY_18040
745ccdccbf1a15d8a488e7fc705a3876,COMP_0793,invoice,2026-07-31,2026-08-30,2026-08-06 00:00:00,-577.84,0.0,EUR,EUR,1.0,paid,S.Fra /1788 COUNTERPARTY_06729 Ef 1FM261132,COUNTERPARTY_06729
7d9252cb745a5d6bf2b1337386c656fc,COMP_0793,invoice,2026-08-31,2026-08-31,2026-08-31 00:00:00,87588.2,87588.2,EUR,EUR,1.0,overdue,N.Fra TB2026F/549 COUNTERPARTY_48298 Ef 1,COUNTERPARTY_48298
873ae626e6719a565aef291baa896806,COMP_0793,invoice,2026-02-27,2026-03-29,2026-04-09 00:00:00,-46191.17,0.0,EUR,EUR,1.0,paid,S.Fra /405 COUNTERPARTY_18583 Ef [REF],COUNTERPARTY_18583
928aabfdcea7c885652e2000764a90c5,COMP_0793,invoice,2026-08-31,2026-08-31,2026-08-31 00:00:00,2034.83,2034.83,EUR,EUR,1.0,overdue,N.Fra TB2026F/566 COUNTERPARTY_14508 Ef 1,COUNTERPARTY_14508
e1c4cb7070463a11ced8151dd766cdbc,COMP_0793,invoice,2026-04-15,2026-04-15,2026-06-22 00:00:00,-0.61,0.0,EUR,EUR,1.0,paid,S.Fra /801 COUNTERPARTY_00061 Ef [REF],COUNTERPARTY_22769
e374d322ca41ae15b075997ab6bf2780,COMP_0793,invoice,2026-05-29,2026-05-29,2026-06-01 00:00:00,911.69,911.69,EUR,EUR,1.0,overdue,N.Fra TB2026F/311 COUNTERPARTY_14912 Ef 1,COUNTERPARTY_14912
ecf2ffd8b02556608bb7f8cddcee71c7,COMP_0793,invoice,2026-01-02,2026-01-02,2026-06-22 00:00:00,-550.55,0.0,EUR,EUR,1.0,paid,S.Fra /960 [COMPANY] Ef 13,COUNTERPARTY_22440
167cea0d6e968a1662036eace851917b,COMP_0793,invoice,2026-06-03,2026-07-03,2026-07-20 00:00:00,-420.84,0.0,EUR,EUR,1.0,paid,S.Fra /1533 COUNTERPARTY_30606 Ef 1310,COUNTERPARTY_30606
541bfc0156cf5f7620a6fa4fc018a4f1,COMP_0793,invoice,2026-02-26,2026-02-26,2026-04-09 00:00:00,148.25,0.0,EUR,EUR,1.0,paid,N.Fra TB2026F/135 COUNTERPARTY_15482 Ef 1,COUNTERPARTY_15482
6cc9186656157d10a0ff78ad6c8e43ba,COMP_0793,invoice,2026-07-03,2026-07-03,2026-07-03 00:00:00,4888.97,4888.97,EUR,EUR,1.0,overdue,N.Fra TB2026F/471 COUNTERPARTY_10380 Ef 1,COUNTERPARTY_10380
9136ccd750b00de3a3f69241fd559f95,COMP_0793,invoice,2025-11-27,2025-11-27,2025-11-27 00:00:00,79.3,79.3,EUR,EUR,1.0,overdue,N.Fra TB2025F/542 COUNTERPARTY_48877 Ef 1,COUNTERPARTY_48877
c5e58afa6c7b9095c9e1e702cdd423db,COMP_0793,invoice,2026-02-26,2026-02-26,2026-02-26 00:00:00,345.54,345.54,EUR,EUR,1.0,overdue,N.Fra TB2026F/123 COUNTERPARTY_48877 Ef 1,COUNTERPARTY_48877
d9353a3f595de124af9b5e659eabc881,COMP_0001,invoice,2026-02-16,2026-02-16,2026-03-05 00:00:00,-89.54,0.0,EUR,EUR,1.0,paid,S.Fra /17 COUNTERPARTY_27064 Ef 1F26/0043,COUNTERPARTY_27064
da509421be37502f6dbcd22c47fd242e,COMP_0001,invoice,2025-12-03,2025-12-03,2026-05-20 00:00:00,409.06,0.0,EUR,EUR,1.0,paid,N.Fra TB2025F/196 [COMPANY] Ef 1,COUNTERPARTY_03903
de077f08dbbeee9f4424a1f046f66ad3,COMP_0793,invoice,2026-07-30,2026-07-30,2026-08-06 00:00:00,-276.71,0.0,EUR,EUR,1.0,paid,S.Fra /1756 COUNTERPARTY_44962 Ef 15618,COUNTERPARTY_44962
e253e8d1d056e80b24196dd10b548f91,COMP_0793,invoice,2026-05-29,2026-05-29,2026-05-29 00:00:00,-290.13,-290.13,EUR,EUR,1.0,overdue,S.Fra /2052 COUNTERPARTY_108311 Ef 1F26-261292,COUNTERPARTY_108311
e77fa4edf68f22c8c8a870b803cdf695,COMP_0793,invoice,2026-06-03,2026-07-03,2026-07-20 00:00:00,-154.0,0.0,EUR,EUR,1.0,paid,S.Fra /1265 COUNTERPARTY_122389 Ef [NUM],COUNTERPARTY_122389
f5002f8132ab0c0d65ffea9d430e05df,COMP_0793,invoice,2026-03-05,2026-04-04,2026-04-13 00:00:00,-1153.13,0.0,EUR,EUR,1.0,paid,S.Fra /453 COUNTERPARTY_60354 Ef 1FAV26/0841,COUNTERPARTY_60354
2151ecad9986418b262d9beeceb8b2c3,COMP_0001,invoice,2026-07-31,2026-08-30,2026-08-30 00:00:00,-205.86,-205.86,EUR,EUR,1.0,overdue,S.Fra /168 COUNTERPARTY_07183 Ef 1L/26/[NUM],COUNTERPARTY_50543
4759c306be6a09babf9d3e89d2fb8cec,COMP_0793,invoice,2026-04-30,2026-05-30,2026-05-21 00:00:00,-24870.68,0.0,EUR,EUR,1.0,paid,S.Fra /827 COUNTERPARTY_07215 Ef 1100,COUNTERPARTY_07215
5c637d1ac90b1fff4dfcd2cd2b2065e2,COMP_0793,invoice,2026-07-29,2026-07-29,2026-07-31 00:00:00,157.43,157.43,EUR,EUR,1.0,overdue,N.Fra TB2026F/532 COUNTERPARTY_15425 Ef 1,COUNTERPARTY_15425
5dd867f4cec468a58db1df80e9c3a354,COMP_0793,invoice,2026-03-24,2026-04-23,2026-08-06 00:00:00,-185.51,0.0,EUR,EUR,1.0,paid,S.Fra /1701 COUNTERPARTY_48090 Ef 191750,COUNTERPARTY_48090
5f036ce61fad6845bd26e19026b6fc8a,COMP_0793,invoice,2026-07-20,2026-07-20,2026-08-06 00:00:00,-0.61,0.0,EUR,EUR,1.0,paid,S.Fra /1710 COUNTERPARTY_00061 Ef [REF],COUNTERPARTY_22769
8c24774ac16d21c6b45eca10dadea9c3,COMP_0001,invoice,2026-08-06,2026-08-06,2026-09-07 00:00:00,5662.87,0.0,EUR,EUR,1.0,paid,N.Fra TB2026F/62 [COMPANY] Ef 1,COUNTERPARTY_03903
b00d3cfec205911395763bfc9b3573e4,COMP_0793,invoice,2026-04-07,2026-05-07,2026-05-20 00:00:00,-56.0,0.0,EUR,EUR,1.0,paid,S.Fra /681 COUNTERPARTY_112499 Ef 11.067,COUNTERPARTY_112499
c854501f00d94b23d08a8deb3c3bd4ac,COMP_0793,invoice,2025-10-31,2025-11-30,2026-04-13 00:00:00,-51.82,0.0,EUR,EUR,1.0,paid,S.Fra /471 COUNTERPARTY_51927 Ef 1DO/385,COUNTERPARTY_51927
f738ca74b12a2bf1128f9478447a441c,COMP_0793,invoice,2026-02-28,2026-03-30,2026-04-09 00:00:00,-50.75,0.0,EUR,EUR,1.0,paid,S.Fra /410 COUNTERPARTY_23748 Ef 1FV[NUM],COUNTERPARTY_23748
05c0d00d0228904b99ab47e9d4344c5b,COMP_0793,invoice,2026-02-23,2026-02-23,2026-04-13 00:00:00,-9680.0,0.0,EUR,EUR,1.0,paid,S.Fra /322 [COMPANY] Ef 117,COUNTERPARTY_22440
0951503a50a4fbac58144d2b2f55aca3,COMP_0793,invoice,2026-08-05,2026-08-05,2026-08-05 00:00:00,653.04,653.04,EUR,EUR,1.0,overdue,N.Fra TB2026F/539 COUNTERPARTY_110976 Ef 1,COUNTERPARTY_110976
56d121910c4161b4aa1fc380dea85eed,COMP_0793,invoice,2026-04-10,2026-04-10,2026-06-22 00:00:00,-156.09,0.0,EUR,EUR,1.0,paid,S.Fra /730 COUNTERPARTY_53905 Ef 18.829,COUNTERPARTY_53905
5c65eb6ac0d8eca963513477596ca002,COMP_0793,invoice,2026-01-23,2026-01-23,2026-01-23 00:00:00,2676.98,2676.98,EUR,EUR,1.0,overdue,N.Fra TB2026F/2 COUNTERPARTY_48298 Ef 1,COUNTERPARTY_48298
6a56636a95e863baf6004b8e16ede822,COMP_0793,invoice,2026-03-25,2026-03-25,2026-05-21 00:00:00,-20.0,0.0,EUR,EUR,1.0,paid,S.Fra /633 COUNTERPARTY_07783 Ef [NUM],COUNTERPARTY_49066
6ea10902966f4c22d05377e5ecedb93f,COMP_0001,invoice,2026-03-27,2026-04-26,2026-05-20 00:00:00,-96.35,0.0,EUR,EUR,1.0,paid,S.Fra /51 COUNTERPARTY_35207 Ef 12026/1668,COUNTERPARTY_35207
71cfc4c3d007c7a527c402911cc352b9,COMP_0793,invoice,2025-09-29,2025-09-29,2026-05-14 00:00:00,423.5,0.0,EUR,EUR,1.0,paid,N.Fra TB2025F/417 COUNTERPARTY_48877 Ef 1,COUNTERPARTY_48877
731cc8bfca0d613b3f621c1b4fca7a81,COMP_0793,invoice,2026-07-31,2026-07-31,2026-07-31 00:00:00,-544.5,-544.5,EUR,EUR,1.0,overdue,S.Fra /1871 COUNTERPARTY_39698 Ef [NUM],COUNTERPARTY_39698
81ba353d5fdee0b5c65309cdd5a8d55e,COMP_0793,invoice,2026-04-28,2026-04-28,2026-05-20 00:00:00,-14520.0,0.0,EUR,EUR,1.0,paid,S.Fra /861 [COMPANY] Ef 131,COUNTERPARTY_22440
932ff8b495e5a99b39b51c89211d124b,COMP_0793,invoice,2026-04-27,2026-04-27,2026-06-24 00:00:00,18260.61,0.0,EUR,EUR,1.0,paid,N.Fra TB2026F/237 COUNTERPARTY_49692 Ef 1,COUNTERPARTY_49692
9c87809a393cf8d0577b4ceaddec5149,COMP_0793,invoice,2026-08-26,2026-09-25,2026-09-10 00:00:00,-360.54,0.0,EUR,EUR,1.0,paid,S.Fra /1915 COUNTERPARTY_47799 Ef [NUM],COUNTERPARTY_47799
a1c263af204cec62c8ba1687eef288d8,COMP_0793,invoice,2026-08-31,2026-09-30,2026-09-30 00:00:00,-579.48,-579.48,EUR,EUR,1.0,pending,S.Fra /1991 COUNTERPARTY_23805 Ef [NUM],COUNTERPARTY_23805
a95c835c86128dd2af7b359eb250ecc8,COMP_0001,invoice,2026-01-27,2026-02-26,2026-08-05 00:00:00,-1119.84,0.0,EUR,EUR,1.0,paid,S.Fra /1 COUNTERPARTY_23347 Ef 1260.041,COUNTERPARTY_23347
b676534b082e1a8833295795337c2180,COMP_0793,invoice,2026-02-25,2026-02-25,2026-04-09 00:00:00,43868.11,0.0,EUR,EUR,1.0,paid,N.Fra TB2026F/98 COUNTERPARTY_10380 Ef 1,COUNTERPARTY_10380
c02284f3da5c6464c562843b587c2188,COMP_0793,invoice,2026-07-31,2026-08-30,2026-08-30 00:00:00,-205.7,-205.7,EUR,EUR,1.0,overdue,S.Fra /1903 COUNTERPARTY_30606 Ef 1S26/378,COUNTERPARTY_30606
ca19834b0ecee0e891fd9fa3f599a8d8,COMP_0793,invoice,2026-05-07,2026-06-06,2026-06-22 00:00:00,-32.51,0.0,EUR,EUR,1.0,paid,S.Fra /1030 COUNTERPARTY_07226 Ef 1ES6[X]7ABEI,COUNTERPARTY_18040
d30671ff073b1bc78aa9872179e69645,COMP_0793,invoice,2026-06-23,2026-06-23,2026-08-06 00:00:00,-1248.04,0.0,EUR,EUR,1.0,paid,S.Fra /1315 COUNTERPARTY_07783 Ef [NUM],COUNTERPARTY_49066
da1d65d8702c9c70251210e9dd0a58c1,COMP_0793,invoice,2026-02-26,2026-02-26,2026-02-26 00:00:00,563.88,563.88,EUR,EUR,1.0,overdue,N.Fra TB2026F/125 COUNTERPARTY_48877 Ef 1,COUNTERPARTY_48877
028623cfbddad5c8d52d6566d9507ce6,COMP_0001,invoice,2026-05-08,2026-06-07,2026-06-13 00:00:00,-75.23,0.0,EUR,EUR,1.0,paid,S.Fra /89 COUNTERPARTY_24926 Ef [NUM]/5/26/001377,COUNTERPARTY_55414
068b253f5502848babe74b57349f5674,COMP_0793,invoice,2026-06-26,2026-07-26,2026-08-06 00:00:00,-32.33,0.0,EUR,EUR,1.0,paid,S.Fra /1460 COUNTERPARTY_23748 Ef 1FV[NUM],COUNTERPARTY_23748
0aa3ff9e8ffe2478ba012ecf12018f9f,COMP_0793,invoice,2026-01-27,2026-01-27,2026-04-09 00:00:00,135.96,0.0,EUR,EUR,1.0,paid,N.Fra TB2026F/20 COUNTERPARTY_10380 Ef 1,COUNTERPARTY_10380
182c2c83350dd89257a682f97d37eb97,COMP_0793,invoice,2026-05-22,2026-05-22,2026-06-22 00:00:00,-193.54,0.0,EUR,EUR,1.0,paid,S.Fra /1036 COUNTERPARTY_07783 Ef [NUM],COUNTERPARTY_49066
194e6090433d23cc5f90c0def0627f16,COMP_0793,invoice,2026-02-28,2026-02-28,2026-08-06 00:00:00,-121.15,0.0,EUR,EUR,1.0,paid,S.Fra /1686 COUNTERPARTY_27018 Ef 1V26-00327,COUNTERPARTY_27018
1bfa831a5eb927478f518046fb4775c5,COMP_0793,invoice,2026-06-23,2026-06-23,2026-08-06 00:00:00,-193.54,0.0,EUR,EUR,1.0,paid,S.Fra /1344 COUNTERPARTY_07783 Ef [NUM],COUNTERPARTY_49066
26c3209732236a0d16d45013c2596fb4,COMP_0793,invoice,2026-06-16,2026-07-16,2026-07-22 00:00:00,-58.92,0.0,EUR,EUR,1.0,paid,S.Fra /1358 COUNTERPARTY_07226 Ef 1ES614[X],COUNTERPARTY_18040
46005a0df3fa897c1d5940eb76eab5d5,COMP_0793,invoice,2026-01-27,2026-01-27,2026-04-09 00:00:00,8893.54,0.0,EUR,EUR,1.0,paid,N.Fra TB2026F/19 COUNTERPARTY_10380 Ef 1,COUNTERPARTY_10380
4bc553d5b17eeaad77a5a249411f04f7,COMP_0793,invoice,2025-12-17,2025-12-17,2026-05-21 00:00:00,-350.93,0.0,EUR,EUR,1.0,paid,S.Fra /697 COUNTERPARTY_07783 Ef [NUM],COUNTERPARTY_49066
51c360b08c4f2143d3dc9927159a898f,COMP_0793,invoice,2026-01-04,2026-01-04,2026-04-10 00:00:00,-437.29,0.0,EUR,EUR,1.0,paid,S.Fra /480 [COMPANY]. Ef [NUM],COUNTERPARTY_27469
51f105a52eae6f70ebb102e61b967666,COMP_0001,invoice,2026-07-31,2026-08-30,2026-08-30 00:00:00,-135.65,-135.65,EUR,EUR,1.0,overdue,S.Fra /169 COUNTERPARTY_07183 Ef 1L/26/[NUM],COUNTERPARTY_50543
5b91e530c40325dd0c52c595f10c8dc0,COMP_0793,invoice,2026-07-27,2026-07-27,2026-08-06 00:00:00,-189.49,0.0,EUR,EUR,1.0,paid,S.Fra /1751 COUNTERPARTY_33161 Ef 1S26/4173,COUNTERPARTY_47731
6498f53544f9deda2ec2f7c0324db042,COMP_0793,invoice,2026-05-14,2026-05-14,2026-05-14 00:00:00,-223.78,-223.78,EUR,EUR,1.0,overdue,S.Fra /[COMPANY] Ef [REF],COUNTERPARTY_18441
6e4eeecc265ceafdd1ba4ab3dd028dfc,COMP_0793,invoice,2026-07-08,2026-08-07,2026-07-15 00:00:00,-2372.86,0.0,EUR,EUR,1.0,paid,S.Fra /1531 COUNTERPARTY_47799 Ef [NUM],COUNTERPARTY_47799
8459ecd356101d2ce8d9702e9da14053,COMP_0878,invoice,2026-07-10,2026-08-09,2026-08-05 00:00:00,-24.22,0.0,EUR,EUR,1.0,paid,S.Fra /184 COUNTERPARTY_55923 Ef [NUM],COUNTERPARTY_123055
8861b7b754417613b356390ec57f5565,COMP_0793,invoice,2026-07-23,2026-07-23,2026-07-23 00:00:00,294372.16,294372.16,EUR,EUR,1.0,overdue,N.Fra TB2026F/516 COUNTERPARTY_44045 Ef 1,COUNTERPARTY_44045
8bd7497ee72e5254a285fc5ff56a1d17,COMP_0001,invoice,2026-08-31,2026-09-30,2026-09-30 00:00:00,-407.19,-407.19,EUR,EUR,1.0,pending,S.Fra /199 COUNTERPARTY_07183 Ef 194980,COUNTERPARTY_50543
95c1d547633e0e02ce7c270070cb1dfb,COMP_0793,invoice,2026-08-31,2026-08-31,2026-08-31 00:00:00,17817.73,17817.73,EUR,EUR,1.0,overdue,N.Fra TB2026F/556 COUNTERPARTY_49692 Ef 1,COUNTERPARTY_49692
9a6345292dad51e96e2a64d00cc044d5,COMP_0793,invoice,2026-06-25,2026-06-25,2026-07-20 00:00:00,-151.76,0.0,EUR,EUR,1.0,paid,S.Fra /1325 COUNTERPARTY_33161 Ef 1S26/3118,COUNTERPARTY_47731
9c2bdf0646aadc19de1497a81af34246,COMP_0793,invoice,2026-06-30,2026-06-30,2026-07-20 00:00:00,-968.0,0.0,EUR,EUR,1.0,paid,S.Fra /1374 COUNTERPARTY_49814 Ef 153/2026,COUNTERPARTY_49814
a23ec0740061db789d254f02ba02030a,COMP_0793,invoice,2026-07-16,2026-07-16,2026-08-06 00:00:00,-1695.82,0.0,EUR,EUR,1.0,paid,S.Fra /1726 COUNTERPARTY_123092. Ef 1A[NUM],COUNTERPARTY_123092
abf2d9f3aab2dc9f98eef0c994803f27,COMP_0793,invoice,2026-08-06,2026-08-06,2026-08-06 00:00:00,-240.11,-240.11,EUR,EUR,1.0,overdue,S.Fra /[COMPANY] Ef [REF],COUNTERPARTY_18441
b6da8f544eb6f43ebf21f2ed4de25902,COMP_0793,invoice,2026-07-24,2026-07-24,2026-08-06 00:00:00,-10.99,0.0,EUR,EUR,1.0,paid,S.Fra /1763 COUNTERPARTY_07226 Ef 1ES61EEA2ABEI,COUNTERPARTY_18040
c6f10d40c69820da592964991ebe202e,COMP_0001,invoice,2026-07-29,2026-08-28,2026-08-28 00:00:00,-52.04,-52.04,EUR,EUR,1.0,overdue,S.Fra /165 COUNTERPARTY_24926 Ef [NUM]/5/26/005170,COUNTERPARTY_55414
d03a35161b0e54f33828aa4ce7e2733c,COMP_0793,invoice,2026-02-23,2026-02-23,2026-04-09 00:00:00,14576.62,0.0,EUR,EUR,1.0,paid,N.Fra TB2026F/87 COUNTERPARTY_49391 Ef 1,COUNTERPARTY_49391
ee3078bb4e845c7e44797f053e0a513e,COMP_0793,invoice,2026-06-19,2026-06-19,2026-07-20 00:00:00,-355.01,0.0,EUR,EUR,1.0,paid,S.Fra /1292 COUNTERPARTY_33161 Ef 1S26/3003,COUNTERPARTY_47731
f3e3266a5843a78a2cdfabc5a1e2a46c,COMP_0793,invoice,2026-08-31,2026-09-30,2026-09-30 00:00:00,-24870.68,-24870.68,EUR,EUR,1.0,pending,S.Fra /1992 COUNTERPARTY_07215 Ef 12026/212,COUNTERPARTY_07215
f606b651f81e7d2b49985a282215c2b4,COMP_0001,invoice,2026-03-25,2026-03-25,2026-05-20 00:00:00,480.09,0.0,EUR,EUR,1.0,paid,N.Fra TB2026F/24 [COMPANY] Ef 1,COUNTERPARTY_03903
22d501724eaee02f3aec661b204fc259,COMP_0001,invoice,2026-05-16,2026-06-15,2026-06-13 00:00:00,-65.2,0.0,EUR,EUR,1.0,paid,S.Fra /96 COUNTERPARTY_24926 Ef [NUM]/5/26/001145,COUNTERPARTY_55414
22d778342ee7b78c2b265c27362a9a9c,COMP_0793,invoice,2026-04-01,2026-04-01,2026-04-13 00:00:00,-33.88,0.0,EUR,EUR,1.0,paid,S.Fra /642 COUNTERPARTY_07284 Ef 11.065,COUNTERPARTY_07284
27dc1accb9c1eafdc6b64b89074eb445,COMP_0001,invoice,2026-04-22,2026-05-22,2026-05-19 00:00:00,-200.13,0.0,EUR,EUR,1.0,paid,S.Fra /[COMPANY] Ef 1ZB26-[NUM],COUNTERPARTY_28286
2ad3e097a6c6337fcd72e36ec159f543,COMP_0793,invoice,2026-05-29,2026-05-29,2026-05-29 00:00:00,635.96,635.96,EUR,EUR,1.0,overdue,N.Fra TB2026F/360 COUNTERPARTY_110976 Ef 1,COUNTERPARTY_110976
380b599100bf62a3e8a705610792a3cc,COMP_0793,invoice,2026-04-29,2026-04-29,2026-07-27 00:00:00,-746.12,0.0,EUR,EUR,1.0,paid,N.Fra [X]/9 COUNTERPARTY_110976 Ef 1,COUNTERPARTY_110976
3fdb529d762696f0e06cd8103db778c5,COMP_0793,invoice,2026-05-08,2026-05-08,2026-06-22 00:00:00,-12.66,0.0,EUR,EUR,1.0,paid,S.Fra /1052 COUNTERPARTY_07226 Ef 1ES6U17RABEI,COUNTERPARTY_18040
69cbac5606308cc574e6afdec84018d9,COMP_0793,invoice,2026-01-27,2026-01-27,2026-06-24 00:00:00,53.18,0.0,EUR,EUR,1.0,paid,N.Fra TB2026F/34 COUNTERPARTY_57710 Ef 1,COUNTERPARTY_57710
8b19433bd870fd664dc5aaa15b0a7669,COMP_0793,invoice,2026-02-26,2026-02-26,2026-02-26 00:00:00,84.05,84.05,EUR,EUR,1.0,overdue,N.Fra TB2026F/126 COUNTERPARTY_48877 Ef 1,COUNTERPARTY_48877
8e02ff63e862b2a2d5a682692d08154b,COMP_0793,invoice,2026-06-23,2026-07-23,2026-07-20 00:00:00,945.51,0.0,EUR,EUR,1.0,paid,N.Fra TB2026F/414 COUNTERPARTY_49557 Ef 1,COUNTERPARTY_49557
bdaf4a45c464282022cbc630d5a8b925,COMP_0793,invoice,2026-03-26,2026-03-26,2026-04-13 00:00:00,-1175.39,0.0,EUR,EUR,1.0,paid,S.Fra /521 COUNTERPARTY_42909. Ef 126/669,COUNTERPARTY_42909
cfc5cb5c32fa50b1fb10a31b65f0f339,COMP_0793,invoice,2026-01-31,2026-01-31,2026-04-13 00:00:00,-16.6,0.0,EUR,EUR,1.0,paid,S.Fra /470 COUNTERPARTY_10802 Ef [NUM],COUNTERPARTY_10802
d73f7cd8d6848ceba695ae28061e1ad4,COMP_0001,invoice,2026-05-31,2026-06-30,2026-06-13 00:00:00,-285.63,0.0,EUR,EUR,1.0,paid,S.Fra /116 COUNTERPARTY_07183 Ef 153771,COUNTERPARTY_50543
d76b4f758f6ee7ccf3d1321caf299450,COMP_0001,invoice,2026-03-31,2026-03-31,2026-05-19 00:00:00,-84.52,0.0,EUR,EUR,1.0,paid,S.Fra /58 COUNTERPARTY_51811 Ef 1CI[NUM]-0326,COUNTERPARTY_51811
ebc1386bdaeffb0d09ef7e1badc1d408,COMP_0793,invoice,2026-07-30,2026-07-30,2026-07-30 00:00:00,-491.14,-491.14,EUR,EUR,1.0,overdue,S.Fra /1883 COUNTERPARTY_108311 Ef 1F26-261936,COUNTERPARTY_108311
f49a215bc43132d240dbdcd4148eb4db,COMP_0793,invoice,2026-06-23,2026-06-23,2026-10-13 00:00:00,17247.36,17247.36,EUR,EUR,1.0,overdue,N.Fra TB2026F/424 COUNTERPARTY_49692 Ef 1,COUNTERPARTY_49692
19d81de697fc3a139e5a48d69d34d286,COMP_0793,invoice,2026-02-02,2026-03-04,2026-07-22 00:00:00,-12.99,0.0,EUR,EUR,1.0,paid,S.Fra /390 COUNTERPARTY_07226 Ef 1ES6[X],COUNTERPARTY_18040
1a504e803b0f1f39c6119f41d0d6bb79,COMP_0793,invoice,2026-02-25,2026-02-25,2026-04-09 00:00:00,11627.39,0.0,EUR,EUR,1.0,paid,N.Fra TB2026F/92 COUNTERPARTY_14508 Ef 1,COUNTERPARTY_14508
2348db2374868e6ab2b017a81a5b10d9,COMP_0793,invoice,2026-04-15,2026-04-15,2026-08-06 00:00:00,-10.88,0.0,EUR,EUR,1.0,paid,S.Fra /711 COUNTERPARTY_106598 Ef 12026/1402,COUNTERPARTY_106598
323d112495df3fb318b8563eec6a7a13,COMP_0793,invoice,2026-05-31,2026-06-30,2026-06-22 00:00:00,-221.43,0.0,EUR,EUR,1.0,paid,S.Fra /1231 COUNTERPARTY_27660 Ef 1A/26049,COUNTERPARTY_27660
37d4fe5340acd521b412b10784423d79,COMP_0793,invoice,2026-06-25,2026-06-25,2026-07-20 00:00:00,-1091.42,0.0,EUR,EUR,1.0,paid,S.Fra /1324 COUNTERPARTY_123502 Ef 1A[NUM],COUNTERPARTY_123502
38f458385f1a7c9a40a99f4afa68362c,COMP_0793,invoice,2026-07-14,2026-08-13,2026-08-06 00:00:00,-400.2,0.0,EUR,EUR,1.0,paid,S.Fra /1602 COUNTERPARTY_47799 Ef [NUM],COUNTERPARTY_47799
3e4b46c4edb272870e148211683fa53e,COMP_0001,invoice,2026-04-30,2026-05-30,2026-06-13 00:00:00,-165.14,0.0,EUR,EUR,1.0,paid,S.Fra /75 COUNTERPARTY_07183 Ef 1L/26/[NUM],COUNTERPARTY_50543
461d94a522ad6abfe4d4e168f7a098f8,COMP_0793,invoice,2026-07-14,2026-08-13,2026-08-06 00:00:00,-1050.18,0.0,EUR,EUR,1.0,paid,S.Fra /1599 COUNTERPARTY_47799 Ef [NUM],COUNTERPARTY_47799
4f0e30320c8dbc20146453a93ce09f9a,COMP_0793,invoice,2026-05-31,2026-05-31,2026-08-06 00:00:00,-90.47,0.0,EUR,EUR,1.0,paid,S.Fra /1594 COUNTERPARTY_10802 Ef [NUM],COUNTERPARTY_10802
53f4e1d18f3744c8446e8ab9cb54ea80,COMP_0793,invoice,2026-01-13,2026-03-14,2026-03-10 00:00:00,-2891.9,0.0,EUR,EUR,1.0,paid,S.Fra /100 COUNTERPARTY_122265 Ef 176988,COUNTERPARTY_123528
5905236af1b34f89cd71e8a8f19819a3,COMP_0793,invoice,2026-07-31,2026-08-30,2026-08-06 00:00:00,-277.09,0.0,EUR,EUR,1.0,paid,S.Fra /1826 COUNTERPARTY_27660 Ef 126188,COUNTERPARTY_27660
591923ab581c97b66e48ebcd851dde2b,COMP_0001,invoice,2026-08-01,2026-08-31,2026-08-05 00:00:00,-394.14,0.0,EUR,EUR,1.0,paid,S.Fra /172 COUNTERPARTY_06292 Ef [NUM],COUNTERPARTY_38023
5f63905521af0c665df80105e59638fd,COMP_0793,invoice,2026-07-30,2026-07-30,2026-08-06 00:00:00,-254.1,0.0,EUR,EUR,1.0,paid,S.Fra /1694 COUNTERPARTY_33161 Ef 1S26/4321,COUNTERPARTY_47731
6d1c4ea33c2a6f552aedb6f391e39171,COMP_0793,invoice,2026-03-25,2026-04-24,2026-06-24 00:00:00,360.19,0.0,EUR,EUR,1.0,paid,N.Fra TB2026F/169 COUNTERPARTY_49557 Ef 1,COUNTERPARTY_49557
78603acbf819cfa2a0626d6188130b0a,COMP_0793,invoice,2026-08-13,2026-08-13,2026-08-13 00:00:00,-444.89,-444.89,EUR,EUR,1.0,overdue,S.Fra /1907 COUNTERPARTY_33161 Ef 1S26/4860,COUNTERPARTY_47731
88f7dee7973355e7f76f2d10787cc614,COMP_0793,invoice,2026-02-25,2026-02-25,2026-04-09 00:00:00,73766.9,0.0,EUR,EUR,1.0,paid,N.Fra TB2026F/119 COUNTERPARTY_48639 Ef 1,COUNTERPARTY_48639
9232c45521327dbb2e845efc06788cea,COMP_0793,invoice,2026-05-14,2026-05-14,2026-06-22 00:00:00,-194.39,0.0,EUR,EUR,1.0,paid,S.Fra /920 COUNTERPARTY_123605 Ef 1F26/3754,COUNTERPARTY_123605
9648c9fc98caeeb20f7e4552c85cd354,COMP_0793,invoice,2026-04-01,2026-04-01,2026-07-20 00:00:00,135.96,0.0,EUR,EUR,1.0,paid,N.Fra TB2026F/210 COUNTERPARTY_10380 Ef 1,COUNTERPARTY_10380
9a2d1f6bff1c753643ce742a85c03b21,COMP_0793,invoice,2026-08-31,2026-09-30,2026-09-30 00:00:00,-72.12,-72.12,EUR,EUR,1.0,pending,S.Fra /1933 COUNTERPARTY_07226 Ef 1ES61M0[X],COUNTERPARTY_18040
9ab08941f4f681bc14aed898b45ae5f8,COMP_0793,invoice,2026-02-15,2026-03-17,2026-04-09 00:00:00,-241.56,0.0,EUR,EUR,1.0,paid,S.Fra /294 COUNTERPARTY_18405 Ef 1FVT26-10511,COUNTERPARTY_18405
c236e326b680a2b486e96a6047308c1f,COMP_0793,invoice,2026-05-21,2026-06-20,2026-07-22 00:00:00,-32.97,0.0,EUR,EUR,1.0,paid,S.Fra /1086 COUNTERPARTY_07226 Ef 1ES6X6[X],COUNTERPARTY_18040
d131f56d2418416c978d6705571b3742,COMP_0793,invoice,2026-09-01,2026-09-01,2026-09-01 00:00:00,-217.8,-217.8,EUR,EUR,1.0,overdue,S.Fra /2070 COUNTERPARTY_07284 Ef 12.986,COUNTERPARTY_07284
d42b00735dbbc551a456eb40b275edae,COMP_0793,invoice,2026-04-01,2026-05-01,2026-04-13 00:00:00,-46.94,0.0,EUR,EUR,1.0,paid,S.Fra /676 COUNTERPARTY_10795 Ef 11E49726L,COUNTERPARTY_23778
fdeda147bd087e5a40e9d0f79931f6e0,COMP_0793,invoice,2026-07-16,2026-07-16,2026-08-06 00:00:00,-541.17,0.0,EUR,EUR,1.0,paid,S.Fra /1608 COUNTERPARTY_37369 Ef 11-[NUM],COUNTERPARTY_37369
1125a55274b5ca46dcd5b7a8a555703e,COMP_0793,invoice,2026-07-30,2026-07-30,2026-07-30 00:00:00,-3.76,-3.76,EUR,EUR,1.0,overdue,S.Fra /1783 COUNTERPARTY_123732 Ef 1A/[NUM],COUNTERPARTY_123732
16900bb52ad0b29e9b1a25bf38e2a089,COMP_0878,invoice,2026-05-31,2026-05-31,2026-08-05 00:00:00,-413.9,0.0,EUR,EUR,1.0,paid,S.Fra /146 COUNTERPARTY_37772 Ef 14318,COUNTERPARTY_37772
3ee9ecec17663d079e05ff2af2cd5774,COMP_0793,invoice,2026-08-31,2026-08-31,2026-08-31 00:00:00,14479.43,14479.43,EUR,EUR,1.0,overdue,N.Fra TB2026F/578 COUNTERPARTY_49391 Ef 1,COUNTERPARTY_49391
3f3b5139ca4500aeaa4ea32f8633f311,COMP_0793,invoice,2026-07-01,2026-07-01,2026-07-20 00:00:00,-29.04,0.0,EUR,EUR,1.0,paid,S.Fra /1477 COUNTERPARTY_06745 Ef [NUM],COUNTERPARTY_06745
538c23ab2a7498627a76a785329060c2,COMP_0793,invoice,2026-08-25,2026-08-25,2026-08-25 00:00:00,-2177.42,-2177.42,EUR,EUR,1.0,overdue,S.Fra /1878 COUNTERPARTY_33161 Ef 1S26/5106,COUNTERPARTY_47731
5ab7c50b52fef2ef1562327adfa12de1,COMP_0793,invoice,2026-05-14,2026-05-14,2026-05-14 00:00:00,-232.1,-232.1,EUR,EUR,1.0,overdue,S.Fra /[COMPANY] Ef [REF],COUNTERPARTY_18441
63bda80146ff43e6ee0a086589021633,COMP_0793,invoice,2026-06-19,2026-06-19,2026-07-22 00:00:00,-7.99,0.0,EUR,EUR,1.0,paid,S.Fra /1435 COUNTERPARTY_07226 Ef 1ES6159[X],COUNTERPARTY_18040
72b93e37b13e1125558d3703f8e359ba,COMP_0793,invoice,2026-01-27,2026-01-27,2026-04-09 00:00:00,37676.7,0.0,EUR,EUR,1.0,paid,N.Fra TB2026F/18 COUNTERPARTY_10380 Ef 1,COUNTERPARTY_10380
83fc181a2c2a1154c2365961d3275636,COMP_0793,invoice,2026-07-22,2026-07-22,2026-07-22 00:00:00,13109.04,13109.04,EUR,EUR,1.0,overdue,N.Fra TB2026F/491 COUNTERPARTY_49692 Ef 1,COUNTERPARTY_49692
88e6a2461fc9a79e92ac9a9041b0498d,COMP_0001,invoice,2026-04-28,2026-04-28,2026-06-13 00:00:00,33402.53,0.0,EUR,EUR,1.0,paid,N.Fra TB2026F/29 [COMPANY] Ef 1,COUNTERPARTY_03903
8f94f7330868f605ae6505b7cf6036e6,COMP_0793,invoice,2026-04-01,2026-04-01,2026-04-13 00:00:00,-29.04,0.0,EUR,EUR,1.0,paid,S.Fra /643 COUNTERPARTY_06745 Ef [NUM],COUNTERPARTY_06745
92f2b13775eb83fd653e70a0d6e844af,COMP_0878,invoice,2026-07-31,2026-07-31,2026-07-31 00:00:00,-103.46,-103.46,EUR,EUR,1.0,overdue,S.Fra /198 COUNTERPARTY_104781 Ef 11672,COUNTERPARTY_104781
9ede12b9474ee8174bc939d8e8cc0c36,COMP_0793,invoice,2026-07-03,2026-07-03,2026-07-03 00:00:00,10442.4,10442.4,EUR,EUR,1.0,overdue,N.Fra TB2026F/473 COUNTERPARTY_10380 Ef 1,COUNTERPARTY_10380
c9d24b10a2e0ca9f0b2ff10efab63e60,COMP_0793,invoice,2026-05-11,2026-05-11,2026-07-20 00:00:00,-111.42,0.0,EUR,EUR,1.0,paid,S.Fra /918 COUNTERPARTY_17871 Ef 1FRAV.554651,COUNTERPARTY_17871
e59313d9547100ec224f3891955c72f2,COMP_0793,invoice,2026-01-31,2026-03-02,2026-03-10 00:00:00,-248.66,0.0,EUR,EUR,1.0,paid,S.Fra /129 COUNTERPARTY_27660 Ef 1A/25794,COUNTERPARTY_27660
09ccf2b9df83a45729d0ce5425463f87,COMP_0793,invoice,2026-01-22,2026-02-21,2026-07-22 00:00:00,-45.56,0.0,EUR,EUR,1.0,paid,S.Fra /37 COUNTERPARTY_07226 Ef 1ES64[X],COUNTERPARTY_18040
2b9059e61e468174c2e6cf93628877d6,COMP_0001,invoice,2026-04-23,2026-05-23,2026-05-19 00:00:00,-158.52,0.0,EUR,EUR,1.0,paid,S.Fra /68 COUNTERPARTY_01023 Ef [REF],COUNTERPARTY_49480
2ba2c5ad686a97d475576a519cf63e3b,COMP_0793,invoice,2026-07-07,2026-07-07,2026-08-06 00:00:00,-42.65,0.0,EUR,EUR,1.0,paid,S.Fra /1705 COUNTERPARTY_00061 Ef [REF],COUNTERPARTY_22769
319fc80f0c98624282c0e021bfc9590f,COMP_0001,invoice,2024-11-22,2024-12-22,2024-12-22 00:00:00,-124.99,-124.99,EUR,EUR,1.0,overdue,S.Fra /90 COUNTERPARTY_124001 Ef [REF],COUNTERPARTY_124001
31ffdc07bf601ab31b38b862f2b5fc40,COMP_0001,invoice,2026-03-22,2026-04-21,2026-04-09 00:00:00,-200.13,0.0,EUR,EUR,1.0,paid,S.Fra /[COMPANY] Ef 1ZB26-[NUM],COUNTERPARTY_28286
3b39dc4cdc5fb3d2b6d6741362e523a5,COMP_0793,invoice,2026-03-26,2026-03-26,2026-06-24 00:00:00,4825.53,0.0,EUR,EUR,1.0,paid,N.Fra TB2026F/179 COUNTERPARTY_48639 Ef 1,COUNTERPARTY_48639
4394c393d82e461c3d526dd7d2402740,COMP_0001,invoice,2026-07-09,2026-07-09,2026-07-09 00:00:00,62920.0,62920.0,EUR,EUR,1.0,overdue,N.Fra TB2026F/52 COUNTERPARTY_29645 Ef 1,COUNTERPARTY_29645
5f8aff0a455619dfefe3d93190e5e307,COMP_0793,invoice,2026-07-23,2026-07-23,2026-07-23 00:00:00,-20.0,-20.0,EUR,EUR,1.0,overdue,S.Fra /1714 COUNTERPARTY_07783 Ef [NUM],COUNTERPARTY_49066
6cae6367e5c8d9afdcb38b9247627f8b,COMP_0001,invoice,2026-03-27,2026-04-26,2026-05-20 00:00:00,-55.3,0.0,EUR,EUR,1.0,paid,S.Fra /49 COUNTERPARTY_49050 Ef 1IJ5284,COUNTERPARTY_49050
71461cefdbf6e460f84c51ed7e69ff0e,COMP_0793,invoice,2026-05-12,2026-05-12,2026-06-22 00:00:00,-5.98,0.0,EUR,EUR,1.0,paid,S.Fra /1056 COUNTERPARTY_07226 Ef 1ES6UR71ABEI,COUNTERPARTY_18040
8d335d0af804d91d387074bca70f9e37,COMP_0793,invoice,2025-10-28,2025-10-28,2026-06-24 00:00:00,47.58,0.0,EUR,EUR,1.0,paid,N.Fra TB2025F/476 COUNTERPARTY_48877 Ef 1,COUNTERPARTY_48877
97bfd19b1e59fa5313b8d06c153ed92b,COMP_0793,invoice,2026-05-07,2026-05-07,2026-05-21 00:00:00,-551.4,0.0,EUR,EUR,1.0,paid,S.Fra /897 COUNTERPARTY_42909. Ef 126/990,COUNTERPARTY_42909
984c42612cf58b8860d9992f4822f46b,COMP_0001,invoice,2026-06-25,2026-07-25,2026-07-08 00:00:00,-100.87,0.0,EUR,EUR,1.0,paid,S.Fra /135 COUNTERPARTY_24926 Ef [NUM]/5/26/000641,COUNTERPARTY_55414
ba719324293d2010a298f7554870f7e2,COMP_0793,invoice,2026-06-15,2026-06-15,2026-07-20 00:00:00,-60.87,0.0,EUR,EUR,1.0,paid,S.Fra /1246 COUNTERPARTY_124123 Ef 1A[NUM],COUNTERPARTY_124123
caed44670855a029975f1640d3e49c4a,COMP_0793,invoice,2026-07-22,2026-07-22,2026-07-22 00:00:00,60674.4,60674.4,EUR,EUR,1.0,overdue,N.Fra TB2026F/490 COUNTERPARTY_48639 Ef 1,COUNTERPARTY_48639
cda26d164e9f463335b35eb5f9c58171,COMP_0001,invoice,2026-05-13,2026-05-13,2026-06-13 00:00:00,6050.0,0.0,EUR,EUR,1.0,paid,N.Fra TB2026F/39 [COMPANY] Ef 1,COUNTERPARTY_03903
ffa6b804595873468df592d919b8e252,COMP_0793,invoice,2026-06-23,2026-07-23,2026-07-23 00:00:00,17987.59,17987.59,EUR,EUR,1.0,overdue,N.Fra TB2026F/420 COUNTERPARTY_54687 Ef 1,COUNTERPARTY_54687
08d95b8ac9384274d21fdc733141c6f2,COMP_0793,invoice,2026-07-15,2026-08-14,2026-08-06 00:00:00,-1019.56,0.0,EUR,EUR,1.0,paid,S.Fra /1818 COUNTERPARTY_48575 Ef 12,COUNTERPARTY_48575
1424b6f4aa32683eb21c0a7a4a6e09d3,COMP_0793,invoice,2026-04-10,2026-04-10,2026-06-22 00:00:00,-152.69,0.0,EUR,EUR,1.0,paid,S.Fra /958 COUNTERPARTY_60713 Ef 11938/26,COUNTERPARTY_60713
1a36de9d7260578502cfc84383cc1777,COMP_0793,invoice,2026-07-15,2026-08-14,2026-08-06 00:00:00,-194.05,0.0,EUR,EUR,1.0,paid,S.Fra /1606 COUNTERPARTY_18477 Ef [NUM]/AV,COUNTERPARTY_31747
202a84749b4084b347851d354c257947,COMP_0793,invoice,2026-06-21,2026-07-21,2026-07-20 00:00:00,-55.0,0.0,EUR,EUR,1.0,paid,S.Fra /1270 COUNTERPARTY_24362 Ef 1SIB-[NUM],COUNTERPARTY_124229
29a8300dc9c51683a185be001ddfa879,COMP_0001,invoice,2026-08-30,2026-09-29,2026-09-07 00:00:00,-153.32,0.0,EUR,EUR,1.0,paid,S.Fra /193 COUNTERPARTY_107415 Ef 11-4943,COUNTERPARTY_107415
2a008bdcb012aef1c8166357d9ee854b,COMP_0793,invoice,2025-09-02,2025-09-02,2026-05-14 00:00:00,709.48,0.0,EUR,EUR,1.0,paid,N.Fra TB2025F/371 COUNTERPARTY_48877 Ef 1,COUNTERPARTY_48877
305b3e7557cb409b5d533b966c22e13d,COMP_0793,invoice,2025-09-29,2025-09-29,2026-05-14 00:00:00,485.71,0.0,EUR,EUR,1.0,paid,N.Fra TB2025F/416 COUNTERPARTY_48877 Ef 1,COUNTERPARTY_48877
3ba98e0da4d8c9c6ee110fdb04ca5737,COMP_0793,invoice,2026-02-26,2026-02-26,2026-04-09 00:00:00,38.88,0.0,EUR,EUR,1.0,paid,N.Fra TB2026F/141 COUNTERPARTY_39290 Ef 1,COUNTERPARTY_39290
3c289a77db843b414554748a71e8c988,COMP_0793,invoice,2026-02-04,2026-03-06,2026-04-13 00:00:00,-269.25,0.0,EUR,EUR,1.0,paid,S.Fra /244 COUNTERPARTY_26642 Ef 1F260163,COUNTERPARTY_26642
48275866afbf6a3ed62b09522d40f9c0,COMP_0793,invoice,2026-05-20,2026-05-20,2026-08-06 00:00:00,-216.06,0.0,EUR,EUR,1.0,paid,S.Fra /1593 COUNTERPARTY_09541 Ef [NUM],COUNTERPARTY_09541
64ee25d1c0c263ad6bbcf33c1d1755a5,COMP_0793,invoice,2026-02-27,2026-02-27,2026-03-10 00:00:00,-968.0,0.0,EUR,EUR,1.0,paid,S.Fra /346 COUNTERPARTY_49814 Ef 123/2026,COUNTERPARTY_49814
993765204ecd278841ff5cd6de0bf3f1,COMP_0793,invoice,2026-06-23,2026-06-23,2026-07-20 00:00:00,8229.57,0.0,EUR,EUR,1.0,paid,N.Fra TB2026F/400 COUNTERPARTY_48639 Ef 1,COUNTERPARTY_48639
b1b59854d8654fe74c3c29ae93a668a4,COMP_0793,invoice,2026-03-26,2026-03-26,2026-04-13 00:00:00,-27.23,0.0,EUR,EUR,1.0,paid,S.Fra /523 COUNTERPARTY_42909. Ef 126/687,COUNTERPARTY_42909
ca5a01ce8fd4cf6d81755eec132f1d30,COMP_0793,invoice,2026-03-17,2026-04-16,2026-04-16 00:00:00,-245.39,-245.39,EUR,EUR,1.0,overdue,S.Fra /496 COUNTERPARTY_48052 Ef 1A364665,COUNTERPARTY_48052
cadeea01879b1bc16349ce413e810bbb,COMP_0793,invoice,2026-07-09,2026-07-09,2026-08-06 00:00:00,-19.97,0.0,EUR,EUR,1.0,paid,S.Fra /1706 COUNTERPARTY_00061 Ef [REF],COUNTERPARTY_22769
f0f12e2104a313bb54ea9e8467547b46,COMP_0793,invoice,2025-11-01,2025-12-01,2026-04-13 00:00:00,-184.89,0.0,EUR,EUR,1.0,paid,S.Fra /668 COUNTERPARTY_02692 Ef 126FF043729,COUNTERPARTY_50210
f74d1fa06a8c0b17bf62d4e8dc1ea2ed,COMP_0878,invoice,2026-04-15,2026-05-15,2026-07-08 00:00:00,-872.56,0.0,EUR,EUR,1.0,paid,S.Fra /134 COUNTERPARTY_37113 Ef [NUM],COUNTERPARTY_37113
0adeb39de56f44fe4da49b198f278bcd,COMP_0001,invoice,2025-12-03,2025-12-03,2026-05-20 00:00:00,475.92,0.0,EUR,EUR,1.0,paid,N.Fra TB2025F/197 [COMPANY] Ef 1,COUNTERPARTY_03903
0d91d98a1a11c07c83dfd8871fcde47b,COMP_0793,invoice,2026-08-31,2026-08-31,2026-08-31 00:00:00,-1519.52,-1519.52,EUR,EUR,1.0,overdue,S.Fra /2058 COUNTERPARTY_111409 Ef 10836/26,COUNTERPARTY_111409
1486e5c0ce9fdc79a3352a1f2601d3d4,COMP_0793,invoice,2026-02-25,2026-02-25,2026-04-09 00:00:00,18716.23,0.0,EUR,EUR,1.0,paid,N.Fra TB2026F/101 COUNTERPARTY_49692 Ef 1,COUNTERPARTY_49692
33db7820ec687a3d6bca5febd5e6a7d1,COMP_0793,invoice,2026-05-29,2026-05-29,2026-05-29 00:00:00,448.91,448.91,EUR,EUR,1.0,overdue,N.Fra TB2026F/309 COUNTERPARTY_48877 Ef 1,COUNTERPARTY_48877
3acc577d5cda07890110a4b54b69e296,COMP_0793,invoice,2026-06-30,2026-06-30,2026-07-20 00:00:00,-788.52,0.0,EUR,EUR,1.0,paid,S.Fra /1509 COUNTERPARTY_65284 Ef [NUM],COUNTERPARTY_65284
5b837005a9d31e7cdc6daaf3c48a3e20,COMP_0793,invoice,2026-03-27,2026-03-27,2026-03-27 00:00:00,448.91,448.91,EUR,EUR,1.0,overdue,N.Fra TB2026F/188 COUNTERPARTY_48877 Ef 1,COUNTERPARTY_48877
6c1452ff2b896d43528188eda6ee07c3,COMP_0793,invoice,2026-06-30,2026-06-30,2026-07-20 00:00:00,-272.08,0.0,EUR,EUR,1.0,paid,S.Fra /1398 COUNTERPARTY_56541 Ef 126/3344,COUNTERPARTY_56541
796d2267b3d84011649dfce424e0a035,COMP_0793,invoice,2026-06-29,2026-06-29,2026-07-20 00:00:00,-545.34,0.0,EUR,EUR,1.0,paid,S.Fra /1427 COUNTERPARTY_44962 Ef 15415,COUNTERPARTY_44962
79d93247e90b8c049fe78e3e46eb7f96,COMP_0793,invoice,2026-06-03,2026-06-03,2026-07-20 00:00:00,11085.06,0.0,EUR,EUR,1.0,paid,N.Fra TB2026F/375 COUNTERPARTY_10380 Ef 1,COUNTERPARTY_10380
881e5d86d8c724ee3007a59632c7ca65,COMP_0793,invoice,2026-05-29,2026-05-29,2026-07-20 00:00:00,14407.93,0.0,EUR,EUR,1.0,paid,N.Fra TB2026F/351 COUNTERPARTY_49692 Ef 1,COUNTERPARTY_49692
9e99a278859f233140869419f06c1c48,COMP_0793,invoice,2026-06-02,2026-06-02,2026-07-20 00:00:00,146.92,0.0,EUR,EUR,1.0,paid,N.Fra TB2026F/364 COUNTERPARTY_29645 Ef 1,COUNTERPARTY_33449
aa090dd97801ed372024be61635a205b,COMP_0793,invoice,2026-07-31,2026-07-31,2026-07-31 00:00:00,-69.76,-69.76,EUR,EUR,1.0,overdue,S.Fra /1787 COUNTERPARTY_10436 Ef 1FA127891,COUNTERPARTY_10436
c1f50dcdc041995f810838fbcf01659a,COMP_0793,invoice,2026-03-01,2026-03-01,2026-04-13 00:00:00,-222.64,0.0,EUR,EUR,1.0,paid,S.Fra /473 COUNTERPARTY_07284 Ef 1732,COUNTERPARTY_07284
c85cd8860706df2bbc391c0f61ef69fb,COMP_0793,invoice,2026-05-29,2026-05-29,2026-07-20 00:00:00,15558.28,0.0,EUR,EUR,1.0,paid,N.Fra TB2026F/354 COUNTERPARTY_49692 Ef 1,COUNTERPARTY_49692
cf738848b2171cf32e743eb556e5b587,COMP_0793,invoice,2026-09-01,2026-09-01,2026-09-10 00:00:00,-29.04,0.0,EUR,EUR,1.0,paid,S.Fra /2020 COUNTERPARTY_06745 Ef [NUM],COUNTERPARTY_06745
d5a1856e8da94c89adfee224e8187438,COMP_0793,invoice,2026-06-30,2026-07-30,2026-07-20 00:00:00,-577.84,0.0,EUR,EUR,1.0,paid,S.Fra /1397 COUNTERPARTY_06729 Ef 1FM260971,COUNTERPARTY_06729
d85638c93f324a6e601abf4d6f38631f,COMP_0793,invoice,2026-07-01,2026-07-31,2026-08-06 00:00:00,-46.94,0.0,EUR,EUR,1.0,paid,S.Fra /1464 COUNTERPARTY_10795 Ef 11E96358L,COUNTERPARTY_23778
ed464ebd274ff2e598948fe7ce1b79ca,COMP_0793,invoice,2026-05-29,2026-05-29,2026-07-20 00:00:00,1892.68,0.0,EUR,EUR,1.0,paid,N.Fra TB2026F/330 COUNTERPARTY_49391 Ef 1,COUNTERPARTY_49391
fc2c0b0860d76bf3e53869cbc823ee61,COMP_0001,invoice,2026-08-10,2026-09-09,2026-09-07 00:00:00,-9680.01,0.0,EUR,EUR,1.0,paid,S.Fra /180 COUNTERPARTY_08037 Ef 1TB2026F15,COUNTERPARTY_08037
1e8b6744883092cf0dd2a7ed3c0c5829,COMP_0001,invoice,2026-03-31,2026-04-30,2026-06-13 00:00:00,-115.62,0.0,EUR,EUR,1.0,paid,S.Fra /59 COUNTERPARTY_07183 Ef 1L/26/[NUM],COUNTERPARTY_50543
2b388af036e54c9a5a9b2b711efafaf2,COMP_0793,invoice,2026-02-06,2026-02-06,2026-07-20 00:00:00,519.73,0.0,EUR,EUR,1.0,paid,N.Fra TB2026F/72 COUNTERPARTY_21959 Ef 1,COUNTERPARTY_21959
365831fb9efd9fe48d0788de9ecb1526,COMP_0793,invoice,2025-12-23,2025-12-23,2026-04-13 00:00:00,14520.0,0.0,EUR,EUR,1.0,paid,S.Fra /2050 [COMPANY] Ef 11,COUNTERPARTY_22440
4258f2b4b1b71f22a680af5bc84fbb02,COMP_0793,invoice,2026-04-26,2026-05-26,2026-05-21 00:00:00,-192.87,0.0,EUR,EUR,1.0,paid,S.Fra /811 COUNTERPARTY_48090 Ef 1GR26-91879,COUNTERPARTY_48090
496c665d58863c5c73b8f880bb05caab,COMP_0793,invoice,2026-06-16,2026-06-16,2026-06-16 00:00:00,233.19,233.19,EUR,EUR,1.0,overdue,N.Fra TB2026F/384 COUNTERPARTY_124743 Ef 1,COUNTERPARTY_124743
692011fe19256ffcacfe422e7be5121c,COMP_0793,invoice,2026-06-23,2026-06-23,2026-10-13 00:00:00,18312.85,18312.85,EUR,EUR,1.0,overdue,N.Fra TB2026F/425 COUNTERPARTY_49692 Ef 1,COUNTERPARTY_49692
7489dec97deb827fd7df1ab2550fa4f5,COMP_0793,invoice,2026-01-27,2026-01-27,2026-07-20 00:00:00,46.46,0.0,EUR,EUR,1.0,paid,N.Fra TB2026F/59 COUNTERPARTY_48298 Ef 1,COUNTERPARTY_48298
751f898f3553a5ec562c25786229e692,COMP_0793,invoice,2026-05-29,2026-05-29,2026-07-20 00:00:00,72869.13,0.0,EUR,EUR,1.0,paid,N.Fra TB2026F/296 COUNTERPARTY_48639 Ef 1,COUNTERPARTY_48639
77517d6c4f0b285df043e771bf00c63a,COMP_0793,invoice,2026-07-15,2026-07-15,2026-08-06 00:00:00,-311.58,0.0,EUR,EUR,1.0,paid,S.Fra /1566 COUNTERPARTY_49683 Ef [NUM],COUNTERPARTY_49683
789d6487a6353c73800163f7be187cc0,COMP_0793,invoice,2026-07-31,2026-07-31,2026-07-31 00:00:00,-727.92,-727.92,EUR,EUR,1.0,overdue,S.Fra /1779 COUNTERPARTY_23799. Ef [NUM],COUNTERPARTY_28032
87c0bd5b154e915bf45650430504ba0f,COMP_0793,invoice,2026-07-31,2026-08-30,2026-08-06 00:00:00,-281.87,0.0,EUR,EUR,1.0,paid,S.Fra /1817 COUNTERPARTY_58340 Ef 11723,COUNTERPARTY_58340
a226e42c5ad3487d0854c220d2fef33d,COMP_0793,invoice,2026-04-15,2026-05-15,2026-05-21 00:00:00,-35.79,0.0,EUR,EUR,1.0,paid,S.Fra /736 COUNTERPARTY_60762 Ef [REF],COUNTERPARTY_124825
c3c8e1d00430d08da8a0f42136f77091,COMP_0793,invoice,2026-06-20,2026-06-20,2026-07-22 00:00:00,-2.69,0.0,EUR,EUR,1.0,paid,S.Fra /1438 COUNTERPARTY_07226 Ef 1ES615H4ZABEI,COUNTERPARTY_18040
ccc65ef0ef6ab3cdd7c02fa664415fb8,COMP_0001,invoice,2026-06-15,2026-07-15,2026-08-05 00:00:00,-77.75,0.0,EUR,EUR,1.0,paid,S.Fra /120 COUNTERPARTY_124854 Ef [NUM],COUNTERPARTY_124854
cd62b2ee702806d09255603c6e54fecb,COMP_0793,invoice,2026-02-15,2026-03-17,2026-03-10 00:00:00,-928.06,0.0,EUR,EUR,1.0,paid,S.Fra /333 COUNTERPARTY_63425. Ef 1026/126,COUNTERPARTY_63425
d5756af4070c8cca425ec7d452e4e175,COMP_0001,invoice,2026-06-02,2026-07-02,2026-07-08 00:00:00,-123.99,0.0,EUR,EUR,1.0,paid,S.Fra /114 COUNTERPARTY_24926 Ef [NUM]/5/26/001634,COUNTERPARTY_55414
dc600a459212583059a5efa7a503c1b2,COMP_0793,invoice,2026-06-30,2026-07-30,2026-07-20 00:00:00,-24870.68,0.0,EUR,EUR,1.0,paid,S.Fra /1488 COUNTERPARTY_07215 Ef 1160,COUNTERPARTY_07215
decf8160d5a39bd09e157b2c34670eba,COMP_0793,invoice,2026-07-18,2026-08-17,2026-07-22 00:00:00,-56.99,0.0,EUR,EUR,1.0,paid,S.Fra /1640 COUNTERPARTY_07226 Ef 1ES61CS3RABEI,COUNTERPARTY_18040
f23b391eb1da9fa0c052fcd62995949d,COMP_0793,invoice,2026-07-23,2026-08-22,2026-08-22 00:00:00,-87.9,-87.9,EUR,EUR,1.0,overdue,S.Fra /1727 COUNTERPARTY_86629 Ef 1FT[NUM]/[NUM],COUNTERPARTY_124910
fb3224a8adebc135897fe94e83fa7ef9,COMP_0793,invoice,2026-07-08,2026-07-08,2026-08-06 00:00:00,-629.2,0.0,EUR,EUR,1.0,paid,S.Fra /1557 COUNTERPARTY_33161 Ef 1S26/3595,COUNTERPARTY_47731
fc9d04929683d565b18d22cb27d75927,COMP_0793,invoice,2026-01-27,2026-01-27,2026-07-20 00:00:00,117.78,0.0,EUR,EUR,1.0,paid,N.Fra TB2026F/57 COUNTERPARTY_48298 Ef 1,COUNTERPARTY_48298
018ed415859f251d845e36d6a1121c02,COMP_0793,invoice,2026-03-10,2026-04-09,2026-04-13 00:00:00,-37.53,0.0,EUR,EUR,1.0,paid,S.Fra /527 COUNTERPARTY_116506 Ef [NUM],COUNTERPARTY_116506
1152be2d663bf0e57119867aeb6b2df8,COMP_0793,invoice,2026-07-18,2026-07-18,2026-07-18 00:00:00,-3388.0,-3388.0,EUR,EUR,1.0,overdue,S.Fra /1568 COUNTERPARTY_23799. Ef [NUM],COUNTERPARTY_28032
17b535b38509b3c01818e52a69c58e58,COMP_0001,invoice,2026-05-13,2026-05-13,2026-06-13 00:00:00,6047.28,0.0,EUR,EUR,1.0,paid,N.Fra TB2026F/41 [COMPANY] Ef 1,COUNTERPARTY_03903
1e74087e10885a57f79581df18c84275,COMP_0793,invoice,2026-06-30,2026-07-30,2026-07-20 00:00:00,-106.24,0.0,EUR,EUR,1.0,paid,S.Fra /1521 COUNTERPARTY_30606 Ef 1309,COUNTERPARTY_30606
229a1be6d490eb736f8c03cacd7f4a2e,COMP_0793,invoice,2026-06-26,2026-06-26,2026-06-26 00:00:00,448.91,448.91,EUR,EUR,1.0,overdue,N.Fra TB2026F/441 COUNTERPARTY_48877 Ef 1,COUNTERPARTY_48877
3d94563f72894536c3f46bc900d711cc,COMP_0793,invoice,2026-05-29,2026-06-27,2026-06-24 00:00:00,17561.73,0.0,EUR,EUR,1.0,paid,N.Fra TB2026F/344 COUNTERPARTY_49557 Ef 1,COUNTERPARTY_49557
3e54fd08c402cf90e17bc52f189e8e88,COMP_0793,invoice,2026-01-31,2026-03-02,2026-03-10 00:00:00,-281.87,0.0,EUR,EUR,1.0,paid,S.Fra /242 COUNTERPARTY_58340 Ef 1192,COUNTERPARTY_58340
74ecb2628fc7d56a634f645a0262eda8,COMP_0793,invoice,2026-06-26,2026-06-26,2026-07-20 00:00:00,8.26,0.0,EUR,EUR,1.0,paid,N.Fra TB2026F/449 COUNTERPARTY_06351 Ef 1,COUNTERPARTY_06351
81418201e6ef13d75e7fdd3d79c287d8,COMP_0793,invoice,2026-06-23,2026-06-23,2026-06-23 00:00:00,1419.51,1419.51,EUR,EUR,1.0,overdue,N.Fra TB2026F/411 COUNTERPARTY_49391 Ef 1,COUNTERPARTY_49391
860a70d6df7d80bb49e49e2839488eda,COMP_0793,invoice,2026-03-26,2026-03-26,2026-06-24 00:00:00,23042.8,0.0,EUR,EUR,1.0,paid,N.Fra TB2026F/173 COUNTERPARTY_48639 Ef 1,COUNTERPARTY_48639
993696444ff5ab5f7cadd7504840d7f2,COMP_0793,invoice,2025-12-31,2026-01-30,2026-07-15 00:00:00,-183.44,0.0,EUR,EUR,1.0,paid,S.Fra /1051 COUNTERPARTY_30606 Ef 1S25/676,COUNTERPARTY_30606
a02112f6594e425bf9a2fdc6efdbfe53,COMP_0001,invoice,2026-02-26,2026-03-28,2026-08-05 00:00:00,-411.09,0.0,EUR,EUR,1.0,paid,S.Fra /28 COUNTERPARTY_23347 Ef 1RR/260.117,COUNTERPARTY_23347
a6e35c24edaba16380c653e8d68a3d0d,COMP_0001,invoice,2026-06-29,2026-07-29,2026-07-08 00:00:00,-14520.0,0.0,EUR,EUR,1.0,paid,S.Fra /137 COUNTERPARTY_09820 Ef 17,COUNTERPARTY_09820
b3759f8e5a1ba57e0ef94538b0e52a8c,COMP_0793,invoice,2026-03-30,2026-03-30,2026-05-21 00:00:00,-1331.0,0.0,EUR,EUR,1.0,paid,S.Fra /652 COUNTERPARTY_33161 Ef 1S26/1246,COUNTERPARTY_47731
be0fb8c8dcbc9efa2ad2168dca5e9d44,COMP_0793,invoice,2026-05-07,2026-05-07,2026-05-21 00:00:00,-612.77,0.0,EUR,EUR,1.0,paid,S.Fra /896 COUNTERPARTY_42909. Ef 126/989,COUNTERPARTY_42909
cf2194f6f22cd543f6de82c0e2f66e7a,COMP_0793,invoice,2026-05-13,2026-05-13,2026-05-20 00:00:00,-6047.28,0.0,EUR,EUR,1.0,paid,S.Fra /910 [COMPANY] Ef 136,COUNTERPARTY_22440
da39f5363a39d5ccbb9f640b2c4af24e,COMP_0793,invoice,2026-06-04,2026-07-04,2026-07-04 00:00:00,-157.3,-157.3,EUR,EUR,1.0,overdue,S.Fra /1170 COUNTERPARTY_107173 Ef 1CB-RE-2026-121147,COUNTERPARTY_107173
dee8fb01a908edbb47ae6aab2a019091,COMP_0793,invoice,2026-09-01,2026-09-01,2026-09-01 00:00:00,-50.82,-50.82,EUR,EUR,1.0,overdue,S.Fra /2069 COUNTERPARTY_07284 Ef 12.987,COUNTERPARTY_07284
f435a6b2b70dc4d114b1a09f0fe8f299,COMP_0793,invoice,2026-06-23,2026-06-23,2026-07-20 00:00:00,10124.87,0.0,EUR,EUR,1.0,paid,N.Fra TB2026F/399 COUNTERPARTY_48639 Ef 1,COUNTERPARTY_48639
1804f4a2613aa08d92e9e93355f196c6,COMP_0793,invoice,2026-05-31,2026-06-30,2026-07-15 00:00:00,-217.07,0.0,EUR,EUR,1.0,paid,S.Fra /1239 COUNTERPARTY_30606 Ef 1S26/209,COUNTERPARTY_30606
1e7bd513bb54c863c16c8a14e3805956,COMP_0793,invoice,2026-07-22,2026-08-21,2026-08-21 00:00:00,85147.49,85147.49,EUR,EUR,1.0,overdue,N.Fra TB2026F/501 COUNTERPARTY_49557 Ef 1,COUNTERPARTY_49557
408af068be8ae2fdcbf989478863adf2,COMP_0793,invoice,2026-05-26,2026-05-26,2026-06-22 00:00:00,-629.2,0.0,EUR,EUR,1.0,paid,S.Fra /1003 COUNTERPARTY_33161 Ef 1S26/2378,COUNTERPARTY_47731
4a1d5776d322b66b1f7860d9d7eea2c2,COMP_0001,invoice,2026-05-13,2026-06-12,2026-05-13 00:00:00,-9680.01,0.0,EUR,EUR,1.0,paid,S.Fra /87 COUNTERPARTY_08037 Ef 17,COUNTERPARTY_08037
719a131c63b4e89bcba8eaee378ed32d,COMP_0793,invoice,2026-05-07,2026-06-06,2026-06-22 00:00:00,-20.93,0.0,EUR,EUR,1.0,paid,S.Fra /1082 COUNTERPARTY_07226 Ef 1ES6[X]5ABEI,COUNTERPARTY_18040
72ecce5597df99a475bedfa0996baaa5,COMP_0001,invoice,2026-05-04,2026-06-03,2026-05-20 00:00:00,-100.0,0.0,EUR,EUR,1.0,paid,S.Fra /81 COUNTERPARTY_17285 Ef [NUM],COUNTERPARTY_17285
79d9a7361d83f71db6f55ecf5f51b116,COMP_0793,invoice,2026-03-03,2026-04-02,2026-04-13 00:00:00,-223.6,0.0,EUR,EUR,1.0,paid,S.Fra /478 COUNTERPARTY_31602 Ef 123B/[TAXID],COUNTERPARTY_31602
8b153c69317838fe7818337c0488d471,COMP_0793,invoice,2026-08-01,2026-08-01,2026-08-06 00:00:00,-33.88,0.0,EUR,EUR,1.0,paid,S.Fra /1804 COUNTERPARTY_07284 Ef 12.631,COUNTERPARTY_07284
9cfd0da36e88b527919b6322d55c522d,COMP_0793,invoice,2026-06-29,2026-07-29,2026-07-20 00:00:00,-14.34,0.0,EUR,EUR,1.0,paid,S.Fra /1461 COUNTERPARTY_31108 Ef 12026/238,COUNTERPARTY_31108
a50d86c333a7fd6a87c50523d68a31c6,COMP_0793,invoice,2026-06-02,2026-07-02,2026-06-22 00:00:00,99.99,0.0,EUR,EUR,1.0,paid,S.Fra /1114 COUNTERPARTY_07226 Ef 1ES62U08ABEC,COUNTERPARTY_18040
b7fce983c75e1a4c3b1d6c6caafa6811,COMP_0793,invoice,2026-01-27,2026-01-27,2026-04-09 00:00:00,12136.31,0.0,EUR,EUR,1.0,paid,N.Fra TB2026F/30 COUNTERPARTY_14508 Ef 1,COUNTERPARTY_14508
d0597fae473520878de9a342fddf8d95,COMP_0793,invoice,2026-08-17,2026-10-16,2026-10-16 00:00:00,-225.54,-225.54,EUR,EUR,1.0,pending,S.Fra /1899 COUNTERPARTY_42722 Ef 1F[NUM],COUNTERPARTY_42722
ea2e9f3359db8538d403b288d225d083,COMP_0793,invoice,2026-08-31,2026-08-31,2026-08-31 00:00:00,35783.46,35783.46,EUR,EUR,1.0,overdue,N.Fra TB2026F/563 COUNTERPARTY_47852 Ef 1,COUNTERPARTY_47852
ebedae1323a20dcab00e76381b51ddd1,COMP_0793,invoice,2025-12-23,2025-12-23,2026-04-13 00:00:00,9680.0,0.0,EUR,EUR,1.0,paid,S.Fra /2049 [COMPANY] Ef 12,COUNTERPARTY_22440
f3919f64ca7a155e6a96fa7a890e8b14,COMP_0793,invoice,2026-08-31,2026-09-30,2026-09-30 00:00:00,-161.31,-161.31,EUR,EUR,1.0,pending,S.Fra /1932 COUNTERPARTY_07226 Ef 1ES61LY21ABEI,COUNTERPARTY_18040
f639eddb859f9c65e2ce97b297f87094,COMP_0793,invoice,2026-03-17,2026-04-16,2026-04-16 00:00:00,-429.21,-429.21,EUR,EUR,1.0,overdue,S.Fra /498 COUNTERPARTY_48052 Ef 1A364667,COUNTERPARTY_48052
f730417a9128a2e7620d165ad2576ef3,COMP_0878,invoice,2026-08-31,2026-08-31,2026-08-31 00:00:00,-176.91,-176.91,EUR,EUR,1.0,overdue,S.Fra /218 COUNTERPARTY_37772 Ef 1FV26/007076,COUNTERPARTY_37772
fafc23389dcd504639c75c46f674d1c3,COMP_0793,invoice,2026-05-05,2026-05-05,2026-06-22 00:00:00,-0.3,0.0,EUR,EUR,1.0,paid,S.Fra /1185 COUNTERPARTY_00061 Ef [REF],COUNTERPARTY_22769
fb4dfd92a23d809535d64b5cb7899910,COMP_0793,invoice,2026-07-01,2026-07-01,2026-07-01 00:00:00,826.39,826.39,EUR,EUR,1.0,overdue,N.Fra TB2026F/465 COUNTERPARTY_110976 Ef 1,COUNTERPARTY_110976
04bfa7778e1d83106529b8206a05bbdf,COMP_0001,invoice,2026-01-02,2026-01-02,2026-05-20 00:00:00,2013.44,0.0,EUR,EUR,1.0,paid,N.Fra TB2026F/1 [COMPANY] Ef 1,COUNTERPARTY_03903
332563bb7fbd7339e04d7fae80b8387f,COMP_0793,invoice,2026-06-23,2026-06-23,2026-08-06 00:00:00,-0.3,0.0,EUR,EUR,1.0,paid,S.Fra /1382 COUNTERPARTY_00061 Ef [REF],COUNTERPARTY_22769
465d26a13b6638086f0eea9ad34f9dc6,COMP_0793,invoice,2026-03-27,2026-03-27,2026-06-24 00:00:00,228.51,0.0,EUR,EUR,1.0,paid,N.Fra TB2026F/198 COUNTERPARTY_51678 Ef 1,COUNTERPARTY_51678
476a8069c8e6bdca6aad9b626d945734,COMP_0793,invoice,2026-04-29,2026-04-29,2026-04-29 00:00:00,-254.1,-254.1,EUR,EUR,1.0,overdue,S.Fra /1870 COUNTERPARTY_31602 Ef 123/[TAXID],COUNTERPARTY_31602
5cd303da76489ac6cdacec787b536178,COMP_0793,invoice,2026-01-27,2026-01-27,2026-07-20 00:00:00,367.34,0.0,EUR,EUR,1.0,paid,N.Fra TB2026F/58 COUNTERPARTY_48298 Ef 1,COUNTERPARTY_48298
83f6569d11485ea42925df7da660736b,COMP_0793,invoice,2026-07-15,2026-08-14,2026-07-22 00:00:00,-54.0,0.0,EUR,EUR,1.0,paid,S.Fra /1634 COUNTERPARTY_07226 Ef 1ES61BV60ABEI,COUNTERPARTY_18040
c4561bfdf1b8f93dd43ffde1ded19507,COMP_0793,invoice,2026-06-16,2026-07-16,2026-07-22 00:00:00,-7.55,0.0,EUR,EUR,1.0,paid,S.Fra /1356 COUNTERPARTY_07226 Ef 1ES614BC9ABEI,COUNTERPARTY_18040
cc0313c8c21938939d15dd612f00aef2,COMP_0793,invoice,2026-08-16,2026-09-15,2026-09-15 00:00:00,-94.59,-94.59,EUR,EUR,1.0,pending,S.Fra /1980 COUNTERPARTY_18405 Ef 1FVT26-56619,COUNTERPARTY_18405
d5b645cfda6f8d7a21a244f745847bbe,COMP_0793,invoice,2026-02-26,2026-02-26,2026-02-26 00:00:00,1051.33,1051.33,EUR,EUR,1.0,overdue,N.Fra TB2026F/122 COUNTERPARTY_48877 Ef 1,COUNTERPARTY_48877
ef48046522993288c99a704cf3c0bc3a,COMP_0793,invoice,2026-06-05,2026-06-05,2026-08-06 00:00:00,-0.3,0.0,EUR,EUR,1.0,paid,S.Fra /1376 COUNTERPARTY_00061 Ef [REF],COUNTERPARTY_22769
f0580c7f2df4a31cef1b57fd98852b0c,COMP_0793,invoice,2026-03-05,2026-04-04,2026-04-13 00:00:00,-465.69,0.0,EUR,EUR,1.0,paid,S.Fra /462 COUNTERPARTY_22217 Ef 12026/AA/[NUM],COUNTERPARTY_22217
063aafa086f85f711d2de2001d57ab0c,COMP_0793,invoice,2026-01-27,2026-01-27,2026-01-27 00:00:00,448.91,448.91,EUR,EUR,1.0,overdue,N.Fra TB2026F/41 COUNTERPARTY_48877 Ef 1,COUNTERPARTY_48877
0a4ae6a4f3af6286a329eb11111a50a9,COMP_0793,invoice,2026-07-22,2026-08-21,2026-08-06 00:00:00,-120.0,0.0,EUR,EUR,1.0,paid,S.Fra /1652 COUNTERPARTY_07226 Ef 1ES61DT06ABEI,COUNTERPARTY_18040
0b38fcc297c93bdc1847dffaeef17972,COMP_0793,invoice,2026-06-01,2026-07-01,2026-06-22 00:00:00,99.99,0.0,EUR,EUR,1.0,paid,S.Fra /1110 COUNTERPARTY_07226 Ef 1ES62[X],COUNTERPARTY_18040
0d1126ebabce0c5cdc118b34375850b2,COMP_0793,invoice,2026-07-27,2026-07-27,2026-08-06 00:00:00,-1291.61,0.0,EUR,EUR,1.0,paid,S.Fra /1717 COUNTERPARTY_33161 Ef 1S26/4132,COUNTERPARTY_47731
1e4a6edf8e54c8030e5c4369d911449a,COMP_0793,invoice,2026-08-19,2026-09-18,2026-09-10 00:00:00,-50.82,0.0,EUR,EUR,1.0,paid,S.Fra /2015 COUNTERPARTY_07226 Ef 1ES61JCB3ABEI,COUNTERPARTY_18040
1e84aa8748ec1347874d197892b9449d,COMP_0001,invoice,2026-04-28,2026-04-28,2026-06-13 00:00:00,14520.0,0.0,EUR,EUR,1.0,paid,N.Fra TB2026F/31 [COMPANY] Ef 1,COUNTERPARTY_03903
279039557f31271e946a8a6f684cc3cb,COMP_0793,invoice,2026-05-25,2026-05-25,2026-06-22 00:00:00,-45.22,0.0,EUR,EUR,1.0,paid,S.Fra /1040 COUNTERPARTY_60713 Ef 12.813/26,COUNTERPARTY_60713
3d2cad4d916b9919690a391f41199956,COMP_0793,invoice,2026-03-31,2026-03-31,2026-04-13 00:00:00,-968.0,0.0,EUR,EUR,1.0,paid,S.Fra /584 COUNTERPARTY_49814 Ef 126/2026,COUNTERPARTY_49814
4acc8aae63a77c25c5f220e724905b1e,COMP_0793,invoice,2026-07-23,2026-07-23,2026-07-23 00:00:00,-2676.98,-2676.98,EUR,EUR,1.0,overdue,N.Fra [X]/20 COUNTERPARTY_48298 Ef 1,COUNTERPARTY_48298
55957086f107ed20757b71ee89c98db2,COMP_0793,invoice,2026-07-08,2026-07-08,2026-08-06 00:00:00,-629.2,0.0,EUR,EUR,1.0,paid,S.Fra /1559 COUNTERPARTY_33161 Ef 1S26/3594,COUNTERPARTY_47731
5948a2c8388eee3049d158894ef9d52e,COMP_0793,invoice,2026-01-28,2026-01-28,2026-03-10 00:00:00,-660.3,0.0,EUR,EUR,1.0,paid,S.Fra /72 COUNTERPARTY_125738 Ef 1F/2026/34,COUNTERPARTY_125738
659c258ad779f184269ecc27ad54f161,COMP_0793,invoice,2026-08-27,2026-09-26,2026-09-09 00:00:00,-378.76,0.0,EUR,EUR,1.0,paid,S.Fra /1918 COUNTERPARTY_18477 Ef [NUM]/AV,COUNTERPARTY_31747
6802dff31add24016a928008e842a1fa,COMP_0793,invoice,2026-06-03,2026-06-03,2026-07-20 00:00:00,28618.68,0.0,EUR,EUR,1.0,paid,N.Fra TB2026F/370 COUNTERPARTY_10380 Ef 1,COUNTERPARTY_10380
6a9dbbb80b11a578185e4628709b2ce3,COMP_0793,invoice,2026-07-30,2026-07-30,2026-08-06 00:00:00,-74.05,0.0,EUR,EUR,1.0,paid,S.Fra /1795 COUNTERPARTY_33161 Ef 1S26/4372,COUNTERPARTY_47731
77c727eadad857ac5de5614887e9a40a,COMP_0793,invoice,2026-06-30,2026-07-30,2026-07-20 00:00:00,-666.81,0.0,EUR,EUR,1.0,paid,S.Fra /1384 COUNTERPARTY_12085 Ef [NUM],COUNTERPARTY_12085
7becffaaff2d239389a7cb3bc8bc5ce7,COMP_0793,invoice,2026-05-29,2026-05-29,2026-07-20 00:00:00,22806.16,0.0,EUR,EUR,1.0,paid,N.Fra TB2026F/353 COUNTERPARTY_49692 Ef 1,COUNTERPARTY_49692
85875895f8b81f4304d028c7b538cc35,COMP_0793,invoice,2026-02-03,2026-02-03,2026-04-13 00:00:00,4529.03,0.0,EUR,EUR,1.0,paid,S.Fra /7 [COMPANY] Ef 113,COUNTERPARTY_22440
9864f8f156a63b61f376e01f02b2d107,COMP_0001,invoice,2026-04-28,2026-05-28,2026-05-13 00:00:00,-14520.0,0.0,EUR,EUR,1.0,paid,S.Fra /71 COUNTERPARTY_09820 Ef 14,COUNTERPARTY_09820
bf4affd8083f530002f7a227c56b2693,COMP_0793,invoice,2026-06-26,2026-06-26,2026-06-26 00:00:00,231.4,231.4,EUR,EUR,1.0,overdue,N.Fra TB2026F/438 COUNTERPARTY_48877 Ef 1,COUNTERPARTY_48877
da18c92f9b0b3a6c18fd4d4d5d88dffc,COMP_0001,invoice,2026-02-23,2026-02-23,2026-05-20 00:00:00,9680.0,0.0,EUR,EUR,1.0,paid,N.Fra TB2026F/17 [COMPANY] Ef 1,COUNTERPARTY_03903
dac96c40d52ff70e3ac181b0f9972124,COMP_0793,invoice,2026-07-08,2026-08-07,2026-07-15 00:00:00,-1945.89,0.0,EUR,EUR,1.0,paid,S.Fra /1532 COUNTERPARTY_47799 Ef [NUM],COUNTERPARTY_47799
e07af5aa26ee1a95cf830fc95fe7d20c,COMP_0793,invoice,2026-04-30,2026-05-30,2026-05-21 00:00:00,-248.66,0.0,EUR,EUR,1.0,paid,S.Fra /921 COUNTERPARTY_27660 Ef 1A/25973NE0,COUNTERPARTY_27660
e432b72bdba03e7f1d85a04f72080f4c,COMP_0001,invoice,2026-02-17,2026-03-19,2026-08-05 00:00:00,-84.7,0.0,EUR,EUR,1.0,paid,S.Fra /19 COUNTERPARTY_23347 Ef 1SC/260.040,COUNTERPARTY_23347
e5d44bb0afc87bde236013e2107787a7,COMP_0793,invoice,2026-07-22,2026-07-22,2026-07-22 00:00:00,-9843.29,-9843.29,EUR,EUR,1.0,overdue,N.Fra [X]/19 COUNTERPARTY_49692 Ef 1,COUNTERPARTY_49692
e77d39174e48179e25d7392ffbad83b5,COMP_0793,invoice,2026-07-30,2026-08-29,2026-08-06 00:00:00,-23.07,0.0,EUR,EUR,1.0,paid,S.Fra /1757 COUNTERPARTY_07226 Ef 1ES61[X],COUNTERPARTY_18040
ed4599fa4127978b9399d32b322cba0e,COMP_0001,invoice,2026-03-25,2026-03-25,2026-05-20 00:00:00,14520.0,0.0,EUR,EUR,1.0,paid,N.Fra TB2026F/22 [COMPANY] Ef 1,COUNTERPARTY_03903
f964e50a33182439ded4af3e25407d80,COMP_0793,invoice,2026-06-26,2026-06-26,2026-06-26 00:00:00,243.15,243.15,EUR,EUR,1.0,overdue,N.Fra TB2026F/435 COUNTERPARTY_38924 Ef 1,COUNTERPARTY_38924
03fe4378a6fcaf8fd2f4f8a332f07c86,COMP_0793,invoice,2026-02-25,2026-03-27,2026-04-09 00:00:00,114.74,0.0,EUR,EUR,1.0,paid,N.Fra TB2026F/107 COUNTERPARTY_54687 Ef 1,COUNTERPARTY_54687
0469f3d4c823f009fba6377c03217ac0,COMP_0001,invoice,2026-04-28,2026-04-28,2026-06-13 00:00:00,6047.28,0.0,EUR,EUR,1.0,paid,N.Fra TB2026F/30 [COMPANY] Ef 1,COUNTERPARTY_03903
161b5259189ffbd7def30dc22d33bdd3,COMP_0793,invoice,2026-06-25,2026-06-25,2026-08-06 00:00:00,-982.14,0.0,EUR,EUR,1.0,paid,S.Fra /1703 COUNTERPARTY_33161 Ef 1S26/3120,COUNTERPARTY_47731
1c2510ffe08fd2ae4020248d64d7f94c,COMP_0793,invoice,2026-05-04,2026-06-03,2026-05-21 00:00:00,-316.8,0.0,EUR,EUR,1.0,paid,S.Fra /830 COUNTERPARTY_48090 Ef 1GR26-91949,COUNTERPARTY_48090
20441e0a8e39bd22a346cb97591bd3a0,COMP_0793,invoice,2026-07-22,2026-07-22,2026-08-06 00:00:00,-35.98,0.0,EUR,EUR,1.0,paid,S.Fra /1760 COUNTERPARTY_07226 Ef 1ES61DST5ABEI,COUNTERPARTY_18040
40083c7942d073907f63d8495e64f3c7,COMP_0793,invoice,2026-08-07,2026-08-07,2026-08-07 00:00:00,-390.23,-390.23,EUR,EUR,1.0,overdue,S.Fra /1905 COUNTERPARTY_33161 Ef 1S26/4678,COUNTERPARTY_47731
52513b6712c9c1216b286b3c5c9bce09,COMP_0793,invoice,2026-06-11,2026-07-11,2026-06-22 00:00:00,-5033.6,0.0,EUR,EUR,1.0,paid,S.Fra /1261 COUNTERPARTY_59985 Ef 18,COUNTERPARTY_59985
52971aa3284270cd5f8ee2c800dab626,COMP_0001,invoice,2026-02-23,2026-02-23,2026-05-20 00:00:00,14520.0,0.0,EUR,EUR,1.0,paid,N.Fra TB2026F/15 [COMPANY] Ef 1,COUNTERPARTY_03903
53d4eb36fdb109224f00974c724850a6,COMP_0793,invoice,2026-05-29,2026-05-29,2026-05-29 00:00:00,84.05,84.05,EUR,EUR,1.0,overdue,N.Fra TB2026F/308 COUNTERPARTY_48877 Ef 1,COUNTERPARTY_48877
63c94afe3dced4e89fa26b81e6da2a9e,COMP_0001,invoice,2026-03-25,2026-03-25,2026-05-20 00:00:00,30555.71,0.0,EUR,EUR,1.0,paid,N.Fra TB2026F/20 [COMPANY] Ef 1,COUNTERPARTY_03903
70de648b16db83546ea192c9a251ce03,COMP_0793,invoice,2026-05-29,2026-05-29,2026-07-20 00:00:00,8179.7,0.0,EUR,EUR,1.0,paid,N.Fra TB2026F/299 COUNTERPARTY_48639 Ef 1,COUNTERPARTY_48639
8f82b385267c65b2b076dc6b35af0067,COMP_0793,invoice,2026-05-22,2026-05-22,2026-06-22 00:00:00,-1373.77,0.0,EUR,EUR,1.0,paid,S.Fra /1163 COUNTERPARTY_02242 Ef [NUM],COUNTERPARTY_56974
9b92a1e3a4c6c7b31fcf72c5cdc2cd20,COMP_0793,invoice,2026-07-03,2026-07-03,2026-07-20 00:00:00,143.39,0.0,EUR,EUR,1.0,paid,N.Fra TB2026F/474 COUNTERPARTY_29645 Ef 1,COUNTERPARTY_33449
9c449ed74791b49722457fe727c5ca1f,COMP_0793,invoice,2026-08-31,2026-09-30,2026-09-30 00:00:00,-106.9,-106.9,EUR,EUR,1.0,pending,S.Fra /1931 COUNTERPARTY_07226 Ef 1ES61[X],COUNTERPARTY_18040
a58f9a90795ec657df5e71f5421a0e99,COMP_0793,invoice,2026-09-01,2026-09-01,2026-09-01 00:00:00,-619.7,-619.7,EUR,EUR,1.0,overdue,S.Fra /2084 COUNTERPARTY_11720 Ef 1A[NUM],COUNTERPARTY_11720
d13630be81e112e507cfbdadb14af101,COMP_0001,invoice,2026-07-22,2026-08-21,2026-08-05 00:00:00,-200.13,0.0,EUR,EUR,1.0,paid,S.Fra /[COMPANY] Ef 1ZB26-[NUM],COUNTERPARTY_28286
d7b37ec3e8091e1353b017e2e179d2d3,COMP_0793,invoice,2026-05-29,2026-06-27,2026-06-24 00:00:00,17987.59,0.0,EUR,EUR,1.0,paid,N.Fra TB2026F/338 COUNTERPARTY_54687 Ef 1,COUNTERPARTY_54687
f5f5d56c98a369f7cc5371ac79f9d1e7,COMP_0001,invoice,2026-05-18,2026-05-18,2026-05-18 00:00:00,-185.2,-185.2,EUR,EUR,1.0,overdue,S.Fra /99 COUNTERPARTY_01678 Ef 1ES6W8M6ABEI,COUNTERPARTY_48241
ffaf07337b0366eb0a0e2b29029ecd0b,COMP_0793,invoice,2026-07-30,2026-07-30,2026-08-06 00:00:00,-462.95,0.0,EUR,EUR,1.0,paid,S.Fra /1731 COUNTERPARTY_33161 Ef 1S26/4323,COUNTERPARTY_47731
09d1c8015e781fd7015f645f99aaeb04,COMP_0793,invoice,2026-03-25,2026-03-25,2026-04-13 00:00:00,-108.3,0.0,EUR,EUR,1.0,paid,S.Fra /555 [COMPANY] Ef 126,COUNTERPARTY_22440
1b4a7dc876fc6d43748f1f7a89cb67f6,COMP_0793,invoice,2026-02-16,2026-02-16,2026-03-10 00:00:00,-1048.67,0.0,EUR,EUR,1.0,paid,S.Fra /251 COUNTERPARTY_42909. Ef 1654,COUNTERPARTY_42909
3d13700df28e9880e5655550b5a7e54c,COMP_0793,invoice,2026-05-31,2026-05-31,2026-06-22 00:00:00,-23.29,0.0,EUR,EUR,1.0,paid,S.Fra /1075 COUNTERPARTY_40223 Ef 1A-6621,COUNTERPARTY_40223
45c44eefdc2be70ed1a09b9578f82107,COMP_0793,invoice,2026-03-31,2026-04-30,2026-04-13 00:00:00,-358.77,0.0,EUR,EUR,1.0,paid,S.Fra /673 COUNTERPARTY_27660 Ef 1A/25888,COUNTERPARTY_27660
646ed9963af3edd364060408fa7ee96d,COMP_0793,invoice,2026-06-02,2026-06-02,2026-06-22 00:00:00,-700.0,0.0,EUR,EUR,1.0,paid,S.Fra /1026 COUNTERPARTY_37981 Ef 1B2026-1266,COUNTERPARTY_37981
6c0ebe011127a2f5c20d5b209d0b89c9,COMP_0793,invoice,2026-02-25,2026-02-25,2026-06-24 00:00:00,1131.83,0.0,EUR,EUR,1.0,paid,N.Fra TB2026F/94 COUNTERPARTY_14508 Ef 1,COUNTERPARTY_14508
7416552b6b01194f5530e8202b6a553e,COMP_0793,invoice,2026-06-08,2026-07-08,2026-07-22 00:00:00,-21.32,0.0,EUR,EUR,1.0,paid,S.Fra /1415 COUNTERPARTY_07226 Ef 1ES611[X],COUNTERPARTY_18040
78dbc0ba78e3e877b7cb53cceb18aae6,COMP_0793,invoice,2026-04-28,2026-04-28,2026-06-24 00:00:00,52581.99,0.0,EUR,EUR,1.0,paid,N.Fra TB2026F/245 COUNTERPARTY_48639 Ef 1,COUNTERPARTY_48639
998a4cb52baa19558c80107ebbf6052f,COMP_0001,invoice,2025-10-22,2025-10-22,2026-05-20 00:00:00,12100.0,0.0,EUR,EUR,1.0,paid,N.Fra TB2025F/177 [COMPANY] Ef 1,COUNTERPARTY_03903
a0e7afc1a958391cfa75bacd4d9cb36a,COMP_0001,invoice,2026-05-18,2026-05-18,2026-05-18 00:00:00,-185.2,-185.2,EUR,EUR,1.0,overdue,S.Fra /100 COUNTERPARTY_01678 Ef 1ES6W8M3ABEI,COUNTERPARTY_48241
b562735fdf2f26c15c13bbf14c6d7ef6,COMP_0793,invoice,2026-07-12,2026-08-11,2026-09-09 00:00:00,-519.34,0.0,EUR,EUR,1.0,paid,S.Fra /1881 COUNTERPARTY_18405 Ef 1FVT26-48698,COUNTERPARTY_18405
be2bd9de7171f736ad426760233504bc,COMP_0001,invoice,2026-03-02,2026-04-01,2026-08-05 00:00:00,-42.35,0.0,EUR,EUR,1.0,paid,S.Fra /30 COUNTERPARTY_23347 Ef 1SC/260.053,COUNTERPARTY_23347
c00bbe8b28468cc0be0aeabb2d545c72,COMP_0793,invoice,2025-09-05,2025-09-05,2026-05-21 00:00:00,32.39,0.0,EUR,EUR,1.0,paid,S.Fra /1115 COUNTERPARTY_44986 Ef 1L22200,COUNTERPARTY_44986
ce6b34fbd556c64c5cd3621e8cf0af60,COMP_0793,invoice,2026-05-29,2026-05-29,2026-06-24 00:00:00,9999.99,0.0,EUR,EUR,1.0,paid,N.Fra TB2026F/334 COUNTERPARTY_20173 Ef 1,COUNTERPARTY_48413
ece37aba821262ac88ce612530e54006,COMP_0793,invoice,2026-08-11,2026-08-11,2026-08-11 00:00:00,-1146.48,-1146.48,EUR,EUR,1.0,overdue,S.Fra /1888 COUNTERPARTY_33161 Ef 1S26/4775,COUNTERPARTY_47731
ed0fa044cf3284c9c43ed78e3ec540e4,COMP_0793,invoice,2026-05-30,2026-06-29,2026-06-22 00:00:00,-325.84,0.0,EUR,EUR,1.0,paid,S.Fra /1142 COUNTERPARTY_31108 Ef 12026/175,COUNTERPARTY_31108
f94fb81fadb8cc3ef6da19f324680075,COMP_0793,invoice,2025-09-02,2025-09-02,2026-05-14 00:00:00,305.62,0.0,EUR,EUR,1.0,paid,N.Fra TB2025F/372 COUNTERPARTY_48877 Ef 1,COUNTERPARTY_48877
555c70ca5877bdfed10cf7de82f7a778,COMP_0793,invoice,2026-02-10,2026-03-12,2026-03-10 00:00:00,-661.35,0.0,EUR,EUR,1.0,paid,S.Fra /289 COUNTERPARTY_48090 Ef 191545,COUNTERPARTY_48090
569f3f2c5b144f732b3e191e263e3e8f,COMP_0793,invoice,2026-05-10,2026-07-09,2026-05-21 00:00:00,281.71,0.0,EUR,EUR,1.0,paid,S.Fra /884 COUNTERPARTY_20173 Ef 12468,COUNTERPARTY_20173
588401e2e39ba0fa001a52b02faf9c02,COMP_0001,invoice,2026-03-26,2026-04-25,2026-08-05 00:00:00,-169.4,0.0,EUR,EUR,1.0,paid,S.Fra /47 COUNTERPARTY_23347 Ef 1SC/260.073,COUNTERPARTY_23347
6bfba07d8ea170a8767239f9a81a97c4,COMP_0793,invoice,2026-06-30,2026-07-30,2026-07-20 00:00:00,-305.53,0.0,EUR,EUR,1.0,paid,S.Fra /1522 COUNTERPARTY_27660 Ef 1A/26118,COUNTERPARTY_27660
6c5aa7ed1ef597cdb0d37cfd3d48a177,COMP_0793,invoice,2026-02-16,2026-02-16,2026-03-10 00:00:00,-129.0,0.0,EUR,EUR,1.0,paid,S.Fra /252 COUNTERPARTY_27064 Ef 1F26/0037,COUNTERPARTY_47459
74dd687103990aa175c5c8e895a4a6e3,COMP_0001,invoice,2026-06-19,2026-07-19,2026-07-08 00:00:00,-78.04,0.0,EUR,EUR,1.0,paid,S.Fra /126 COUNTERPARTY_24926 Ef [NUM]/5/26/001705,COUNTERPARTY_55414
7b4e383caab0c94977170f5d2e8a45eb,COMP_0793,invoice,2026-07-29,2026-07-29,2026-08-06 00:00:00,-757.82,0.0,EUR,EUR,1.0,paid,S.Fra /1754 COUNTERPARTY_33161 Ef 1S26/4308,COUNTERPARTY_47731
7c0ae431178e05f5b33436725d6f1778,COMP_0793,invoice,2026-08-22,2026-09-21,2026-09-10 00:00:00,-67.76,0.0,EUR,EUR,1.0,paid,S.Fra /2016 COUNTERPARTY_07226 Ef 1ES61K0[X],COUNTERPARTY_18040
828dc6943d22e80770f012c08ab6b52a,COMP_0793,invoice,2025-10-28,2025-10-28,2026-06-24 00:00:00,334.14,0.0,EUR,EUR,1.0,paid,N.Fra TB2025F/473 COUNTERPARTY_48877 Ef 1,COUNTERPARTY_48877
8c3807acccf2c9755ac1f1bcb17c8aa6,COMP_0793,invoice,2026-07-19,2026-08-18,2026-09-09 00:00:00,-202.41,0.0,EUR,EUR,1.0,paid,S.Fra /1884 COUNTERPARTY_18405 Ef 1FVT26-50476,COUNTERPARTY_18405
9f9ff9682f3b2f73c1fabbe81c672d27,COMP_0001,invoice,2026-07-23,2026-07-23,2026-09-07 00:00:00,32.46,0.0,EUR,EUR,1.0,paid,N.Fra TB2026F/58 [COMPANY] Ef 1,COUNTERPARTY_03903
a4c3dc5e21656b79dc2b6ad968f4853c,COMP_0793,invoice,2026-05-29,2026-05-29,2026-06-01 00:00:00,606.94,606.94,EUR,EUR,1.0,overdue,N.Fra TB2026F/358 COUNTERPARTY_03429 Ef 1,COUNTERPARTY_03429
abffb5deeab286ddde3fb8aa584701ff,COMP_0793,invoice,2026-07-22,2026-07-22,2026-07-22 00:00:00,9843.29,9843.29,EUR,EUR,1.0,overdue,N.Fra TB2026F/493 COUNTERPARTY_49692 Ef 1,COUNTERPARTY_49692
b871b7a8df5a24d8e5a5b5caa87416a1,COMP_0793,invoice,2026-02-25,2026-02-25,2026-04-09 00:00:00,22453.5,0.0,EUR,EUR,1.0,paid,N.Fra TB2026F/104 COUNTERPARTY_49692 Ef 1,COUNTERPARTY_49692
bc0970759edc3ea21ae2d3b124a254a0,COMP_0878,invoice,2026-08-10,2026-10-09,2026-10-09 00:00:00,-25.35,-25.35,EUR,EUR,1.0,pending,S.Fra /203 COUNTERPARTY_39999 Ef [NUM],COUNTERPARTY_39999
bfc63e3b4b62b5ccff9c39911a07ada5,COMP_0001,invoice,2026-06-01,2026-07-01,2026-07-08 00:00:00,-318.15,0.0,EUR,EUR,1.0,paid,S.Fra /145 COUNTERPARTY_07183 Ef 130DE,COUNTERPARTY_50543
c1b623f6e358250348ed8d2bc577ea02,COMP_0793,invoice,2026-07-22,2026-07-22,2026-07-22 00:00:00,12622.88,12622.88,EUR,EUR,1.0,overdue,N.Fra TB2026F/498 COUNTERPARTY_49692 Ef 1,COUNTERPARTY_49692
f271ab4514ffe125a69e4be6bdfc3c5c,COMP_0793,invoice,2026-07-22,2026-07-22,2026-07-22 00:00:00,19102.58,19102.58,EUR,EUR,1.0,overdue,N.Fra TB2026F/486 COUNTERPARTY_48639 Ef 1,COUNTERPARTY_48639
f34b2bb3cadbab0d17b05ad05593319b,COMP_0793,invoice,2026-05-18,2026-06-17,2026-07-15 00:00:00,-321.86,0.0,EUR,EUR,1.0,paid,S.Fra /995 COUNTERPARTY_30606 Ef 1S26/197,COUNTERPARTY_30606
095de06440254236cfc8f23b4afc8fe7,COMP_0793,invoice,2026-03-20,2026-04-19,2026-04-19 00:00:00,-381.63,-381.63,EUR,EUR,1.0,overdue,S.Fra /562 COUNTERPARTY_48052 Ef 164881,COUNTERPARTY_48052
12cd6dfcf7dddbcd1bf473e9047e4256,COMP_0793,invoice,2026-03-25,2026-03-25,2026-06-24 00:00:00,846.0,0.0,EUR,EUR,1.0,paid,N.Fra TB2026F/172 COUNTERPARTY_15652 Ef 1,COUNTERPARTY_15652
35913079f5aeda13db2022c51137d3a6,COMP_0793,invoice,2026-03-18,2026-04-17,2026-04-17 00:00:00,-214.45,-214.45,EUR,EUR,1.0,overdue,S.Fra /561 COUNTERPARTY_48052 Ef 1A364780,COUNTERPARTY_48052
39f8b115c8935044d4ba816a45a17669,COMP_0793,invoice,2026-06-29,2026-06-29,2026-07-20 00:00:00,-1605.33,0.0,EUR,EUR,1.0,paid,S.Fra /1448 COUNTERPARTY_33161 Ef 1S26/3261,COUNTERPARTY_47731
3bbbbdd3e291b4b735d6afe80c8c656d,COMP_0793,invoice,2025-12-31,2025-12-31,2025-12-31 00:00:00,423.5,423.5,EUR,EUR,1.0,overdue,N.Fra TB2025F/622 COUNTERPARTY_48877 Ef 1,COUNTERPARTY_48877
42c0d683764cf52fbe889459708b668f,COMP_0793,invoice,2026-08-31,2026-08-31,2026-08-31 00:00:00,6452.11,6452.11,EUR,EUR,1.0,overdue,N.Fra TB2026F/554 COUNTERPARTY_49692 Ef 1,COUNTERPARTY_49692
50555d101854754dc8b4d10be52923a8,COMP_0793,invoice,2026-07-31,2026-08-30,2026-08-30 00:00:00,-468.03,-468.03,EUR,EUR,1.0,overdue,S.Fra /1868 COUNTERPARTY_30606 Ef 1S26/379,COUNTERPARTY_30606
5dc2eb1b4f7551416c435e2c26ae3b7d,COMP_0793,invoice,2026-08-31,2026-08-31,2026-08-31 00:00:00,9999.99,9999.99,EUR,EUR,1.0,overdue,N.Fra TB2026F/547 COUNTERPARTY_20173 Ef 1,COUNTERPARTY_48413
621ce773f7d44ea8399ce04cf44004b9,COMP_0793,invoice,2026-02-13,2026-02-13,2026-03-10 00:00:00,-1846.41,0.0,EUR,EUR,1.0,paid,S.Fra /433 COUNTERPARTY_33161 Ef 1564,COUNTERPARTY_47731
6bcb32a0b67bc4d81dc8444501d20040,COMP_0793,invoice,2026-02-28,2026-03-30,2026-04-13 00:00:00,50.98,0.0,EUR,EUR,1.0,paid,S.Fra /411 COUNTERPARTY_18405 Ef 1AVT26-01184,COUNTERPARTY_18405
6e55bd3425814ac8ef6c6bf3faf53f39,COMP_0793,invoice,2026-06-23,2026-06-23,2026-07-20 00:00:00,16347.74,0.0,EUR,EUR,1.0,paid,N.Fra TB2026F/404 COUNTERPARTY_49391 Ef 1,COUNTERPARTY_49391
71757adcf64df244dea2cfd9db097f3a,COMP_0793,invoice,2026-05-29,2026-05-29,2026-07-20 00:00:00,696.51,0.0,EUR,EUR,1.0,paid,N.Fra TB2026F/301 COUNTERPARTY_59651 Ef 1,COUNTERPARTY_59651
923ce8202e44eca69dc7be4c6948f596,COMP_0793,invoice,2026-03-15,2026-03-15,2026-04-13 00:00:00,-72.47,0.0,EUR,EUR,1.0,paid,S.Fra /510 COUNTERPARTY_123732 Ef 1A/[NUM],COUNTERPARTY_123732
c9e07155b4803d76c45f4d767ef8df6a,COMP_0793,invoice,2026-07-20,2026-07-20,2026-07-20 00:00:00,541.11,541.11,EUR,EUR,1.0,overdue,N.Fra TB2026F/479 COUNTERPARTY_48298 Ef 1,COUNTERPARTY_48298
d1c5affc2d1c9f256081182a5eaaca69,COMP_0793,invoice,2025-09-02,2025-09-02,2026-05-14 00:00:00,423.5,0.0,EUR,EUR,1.0,paid,N.Fra TB2025F/375 COUNTERPARTY_48877 Ef 1,COUNTERPARTY_48877
ffa8d7c84083f705360644633c08222a,COMP_0793,invoice,2026-08-06,2026-08-06,2026-09-10 00:00:00,-340.29,0.0,EUR,EUR,1.0,paid,S.Fra /1849 [COMPANY] Ef [REF],COUNTERPARTY_21065
0b96e0da56da8f9e90837cbfb903532c,COMP_0793,invoice,2026-07-02,2026-08-01,2026-07-22 00:00:00,-66.02,0.0,EUR,EUR,1.0,paid,S.Fra /1628 COUNTERPARTY_07226 Ef 1ES618PI4ABEI,COUNTERPARTY_18040
1abbc7aa48eb4173d00f2b64f6a8a0ec,COMP_0793,invoice,2026-06-16,2026-07-16,2026-07-22 00:00:00,-16.73,0.0,EUR,EUR,1.0,paid,S.Fra /1355 COUNTERPARTY_07226 Ef 1ES614[X],COUNTERPARTY_18040
2185d9df54638d35b08f4f2bdfb1a165,COMP_0793,invoice,2026-07-15,2026-08-14,2026-07-22 00:00:00,-20.28,0.0,EUR,EUR,1.0,paid,S.Fra /1635 COUNTERPARTY_07226 Ef 1ES61C30PABEI,COUNTERPARTY_18040
32b55c927924a7b6c17d171c165cd575,COMP_0793,invoice,2026-01-09,2026-02-08,2026-07-22 00:00:00,-95.97,0.0,EUR,EUR,1.0,paid,S.Fra /19 COUNTERPARTY_07226 Ef 1ES619W4ABEI,COUNTERPARTY_18040
37a0a388005e1552eb0596d9f572daf2,COMP_0793,invoice,2025-07-24,2025-07-24,2025-07-24 00:00:00,200.0,200.0,EUR,EUR,1.0,overdue,N.Fra TB2025F/297 COUNTERPARTY_126836 Ef 1,COUNTERPARTY_126836
6e5af19723838556951315850c1a068f,COMP_0001,invoice,2026-02-27,2026-03-29,2026-03-05 00:00:00,-14520.0,0.0,EUR,EUR,1.0,paid,S.Fra /29 COUNTERPARTY_09820 Ef 12,COUNTERPARTY_09820
7f213b94939de6cc6f8e01b8096baec2,COMP_0793,invoice,2026-02-23,2026-02-23,2026-04-13 00:00:00,-245.76,0.0,EUR,EUR,1.0,paid,S.Fra /325 [COMPANY] Ef 114,COUNTERPARTY_22440
bec2d68ff7384f4f4181767022635e7c,COMP_0793,invoice,2026-06-23,2026-07-23,2026-07-20 00:00:00,14361.97,0.0,EUR,EUR,1.0,paid,N.Fra TB2026F/415 COUNTERPARTY_49557 Ef 1,COUNTERPARTY_49557
c00a240ed0310e03a0ce65aafb409b0b,COMP_0793,invoice,2026-06-23,2026-06-23,2026-07-20 00:00:00,28110.14,0.0,EUR,EUR,1.0,paid,N.Fra TB2026F/418 COUNTERPARTY_47852 Ef 1,COUNTERPARTY_47852
c22b254460fbc40f5963a496bf0b60b8,COMP_0793,invoice,2026-08-01,2026-08-31,2026-09-10 00:00:00,-239.58,0.0,EUR,EUR,1.0,paid,S.Fra /1798 COUNTERPARTY_35858 Ef 114[X]93-0024,COUNTERPARTY_35858
c7c442ac9933e31351c7e4258f09d3e6,COMP_0793,invoice,2026-06-30,2026-06-30,2026-07-20 00:00:00,-45.38,0.0,EUR,EUR,1.0,paid,S.Fra /1395 COUNTERPARTY_56541 Ef 1A26/165,COUNTERPARTY_56541
cdfd88920df6d8e8292ebf9776c12d8f,COMP_0793,invoice,2026-02-20,2026-02-20,2026-04-13 00:00:00,-607.76,0.0,EUR,EUR,1.0,paid,S.Fra /329 COUNTERPARTY_07783 Ef [NUM],COUNTERPARTY_49066
d21a63d162f01474d649d4150e5268a3,COMP_0793,invoice,2026-07-16,2026-08-15,2026-07-22 00:00:00,-39.0,0.0,EUR,EUR,1.0,paid,S.Fra /1636 COUNTERPARTY_07226 Ef 1ES61C87NABEI,COUNTERPARTY_18040
e186d5c83df9be4c80b87302bac77a81,COMP_0793,invoice,2026-06-22,2026-06-22,2026-07-22 00:00:00,-65.04,0.0,EUR,EUR,1.0,paid,S.Fra /1442 COUNTERPARTY_07226 Ef 1ES615[X],COUNTERPARTY_18040
eec943fdfc33525746fca60c292c27d0,COMP_0001,invoice,2026-06-01,2026-07-01,2026-07-08 00:00:00,-126.63,0.0,EUR,EUR,1.0,paid,S.Fra /143 COUNTERPARTY_07183 Ef 130DE,COUNTERPARTY_50543
090111c01e8b64545b96d34c83e2afe8,COMP_0793,invoice,2026-04-21,2026-04-21,2026-05-21 00:00:00,-55.0,0.0,EUR,EUR,1.0,paid,S.Fra /714 COUNTERPARTY_24362 Ef 1SIB-[NUM],COUNTERPARTY_124229
0a1a6d49d92ec4f578f82b56cf6bd5aa,COMP_0793,invoice,2026-02-25,2026-02-25,2026-04-09 00:00:00,27435.18,0.0,EUR,EUR,1.0,paid,N.Fra TB2026F/96 COUNTERPARTY_10380 Ef 1,COUNTERPARTY_10380
0c34080bf9a08d767750af3d40d83a16,COMP_0878,invoice,2026-04-30,2026-04-30,2026-08-05 00:00:00,-139.3,0.0,EUR,EUR,1.0,paid,S.Fra /129 COUNTERPARTY_37772 Ef 1FV26/003416,COUNTERPARTY_37772
1460de4eb9647c628773afb945a7b1d0,COMP_0001,invoice,2025-11-19,2025-12-19,2026-08-05 00:00:00,-79.86,0.0,EUR,EUR,1.0,paid,S.Fra /216 COUNTERPARTY_23347 Ef 1VP/250.048,COUNTERPARTY_23347
1ee00a411a18d636ad0ce3fcaa21da5c,COMP_0001,invoice,2026-03-31,2026-04-30,2026-04-09 00:00:00,-14520.0,0.0,EUR,EUR,1.0,paid,S.Fra /53 COUNTERPARTY_09820 Ef 13,COUNTERPARTY_09820
327b6a831121dd64a81df11fc4a3b9a7,COMP_0793,invoice,2026-04-30,2026-04-30,2026-05-21 00:00:00,-41.93,0.0,EUR,EUR,1.0,paid,S.Fra /793 COUNTERPARTY_40223 Ef 1A-6433,COUNTERPARTY_40223
339eb8dbe3e1e66162d9e5991cc17664,COMP_0001,invoice,2026-03-25,2026-03-25,2026-05-20 00:00:00,293.69,0.0,EUR,EUR,1.0,paid,N.Fra TB2026F/28 [COMPANY] Ef 1,COUNTERPARTY_03903
33e6379aab43faf5559f1ca1e7b40b7a,COMP_0793,invoice,2026-02-28,2026-03-30,2026-04-09 00:00:00,-349.46,0.0,EUR,EUR,1.0,paid,S.Fra /412 COUNTERPARTY_23805 Ef [NUM],COUNTERPARTY_23805
3f74b2c3a130dee0b3f79ac0768e3652,COMP_0793,invoice,2026-06-26,2026-06-26,2026-08-06 00:00:00,-0.3,0.0,EUR,EUR,1.0,paid,S.Fra /1383 COUNTERPARTY_00061 Ef [REF],COUNTERPARTY_22769
484289a22fd143add41b00bca483677e,COMP_0793,invoice,2026-06-02,2026-06-02,2026-07-20 00:00:00,146.92,0.0,EUR,EUR,1.0,paid,N.Fra TB2026F/367 COUNTERPARTY_29645 Ef 1,COUNTERPARTY_33449
546e2005d5942e9926666ee2275f7c57,COMP_0793,invoice,2026-08-03,2026-09-02,2026-08-06 00:00:00,-35.8,0.0,EUR,EUR,1.0,paid,S.Fra /1775 COUNTERPARTY_07226 Ef 1ES61G9K5ABEI,COUNTERPARTY_18040
6ef242d1612729792b253a17747fe8b0,COMP_0793,invoice,2026-06-01,2026-06-01,2026-06-22 00:00:00,-33.88,0.0,EUR,EUR,1.0,paid,S.Fra /1047 COUNTERPARTY_07284 Ef 11.786,COUNTERPARTY_07284
86a6bf79277b8a636e000556dad4a2b3,COMP_0793,invoice,2026-03-26,2026-03-26,2026-06-24 00:00:00,13865.58,0.0,EUR,EUR,1.0,paid,N.Fra TB2026F/174 COUNTERPARTY_48639 Ef 1,COUNTERPARTY_48639
ac5e39a8fce25b7693e0e20fa3ddbb3a,COMP_0793,invoice,2026-01-12,2026-01-12,2026-03-10 00:00:00,-510.58,0.0,EUR,EUR,1.0,paid,S.Fra /20 COUNTERPARTY_42909. Ef 126/36,COUNTERPARTY_42909
b14ff4e0cc6ff6a25dcfdecdd2dc0067,COMP_0793,invoice,2026-06-16,2026-07-16,2026-07-22 00:00:00,-27.5,0.0,EUR,EUR,1.0,paid,S.Fra /1357 COUNTERPARTY_07226 Ef 1ES61492TABEI,COUNTERPARTY_18040
b663724695d268e401df3a9be3076ce6,COMP_0793,invoice,2026-05-20,2026-05-20,2026-06-22 00:00:00,-651.22,0.0,EUR,EUR,1.0,paid,S.Fra /968 COUNTERPARTY_33161 Ef 1S26/2255,COUNTERPARTY_47731
cad58682f6851c710e5d46032e5b04f1,COMP_0793,invoice,2026-05-11,2026-05-11,2026-05-20 00:00:00,-538.15,0.0,EUR,EUR,1.0,paid,S.Fra /944 COUNTERPARTY_42922 Ef 1717,COUNTERPARTY_42922
e8254644abde8f8b07d2e9fb34327c96,COMP_0793,invoice,2026-05-29,2026-05-29,2026-06-22 00:00:00,-419.27,0.0,EUR,EUR,1.0,paid,S.Fra /982 COUNTERPARTY_127271. Ef 122.018869,COUNTERPARTY_127271
07d204291df3863bad104ede8f00b0ad,COMP_0793,invoice,2026-01-27,2026-01-27,2026-01-27 00:00:00,479.61,479.61,EUR,EUR,1.0,overdue,N.Fra TB2026F/39 COUNTERPARTY_48877 Ef 1,COUNTERPARTY_48877
0e396e3d9bde548a9d1e8fc6a569b715,COMP_0793,invoice,2026-02-23,2026-02-23,2026-04-13 00:00:00,-14520.0,0.0,EUR,EUR,1.0,paid,S.Fra /331 [COMPANY] Ef 115,COUNTERPARTY_22440
1c2d7e59b2a9ed7c274d6b64d84b3e93,COMP_0793,invoice,2026-03-17,2026-03-17,2026-05-21 00:00:00,-32.33,0.0,EUR,EUR,1.0,paid,S.Fra /699 COUNTERPARTY_119679. Ef [NUM],COUNTERPARTY_119679
2195d0fe3b5bd1f17a4c1fdd67e3ed6b,COMP_0793,invoice,2026-07-22,2026-07-22,2026-07-22 00:00:00,9999.99,9999.99,EUR,EUR,1.0,overdue,N.Fra TB2026F/481 COUNTERPARTY_20173 Ef 1,COUNTERPARTY_48413
23215a6328ef9860f57091cd755c84ec,COMP_0793,invoice,2026-06-05,2026-06-05,2026-06-22 00:00:00,-908.54,0.0,EUR,EUR,1.0,paid,S.Fra /1194 COUNTERPARTY_33161 Ef 1S26/2607,COUNTERPARTY_47731
26a28370ce660a2a06d20e72db74dd3f,COMP_0793,invoice,2026-03-28,2026-04-27,2026-04-09 00:00:00,-65.0,0.0,EUR,EUR,1.0,paid,S.Fra /578 COUNTERPARTY_07226 Ef 1ES6[X],COUNTERPARTY_18040
307e6a37ad08243c2514fdbf5f45a746,COMP_0793,invoice,2026-05-26,2026-06-25,2026-08-06 00:00:00,-149.42,0.0,EUR,EUR,1.0,paid,S.Fra /1734 COUNTERPARTY_34270 Ef 1INV/2026/07850,COUNTERPARTY_34270
3e4483aa8c71f934e1bd48873f6cba37,COMP_0001,invoice,2026-05-13,2026-05-13,2026-06-13 00:00:00,9680.0,0.0,EUR,EUR,1.0,paid,N.Fra TB2026F/37 [COMPANY] Ef 1,COUNTERPARTY_03903
3edfb4861fbe0f1380b38e6b7d737646,COMP_0793,invoice,2026-06-26,2026-06-26,2026-06-26 00:00:00,222.91,222.91,EUR,EUR,1.0,overdue,N.Fra TB2026F/453 COUNTERPARTY_51678 Ef 1,COUNTERPARTY_51678
50c377e3d61fd4bf3263f2df3ee17a84,COMP_0793,invoice,2026-04-01,2026-04-01,2026-07-20 00:00:00,13006.19,0.0,EUR,EUR,1.0,paid,N.Fra TB2026F/209 COUNTERPARTY_10380 Ef 1,COUNTERPARTY_10380
520064ffd3981c4963f3f1ff2b2f1545,COMP_0793,invoice,2026-04-28,2026-04-28,2026-07-27 00:00:00,746.12,0.0,EUR,EUR,1.0,paid,N.Fra TB2026F/254 COUNTERPARTY_110976 Ef 1,COUNTERPARTY_110976
6789b22e9b083e8710581269163dca7a,COMP_0793,invoice,2026-06-17,2026-07-17,2026-07-20 00:00:00,-353.32,0.0,EUR,EUR,1.0,paid,S.Fra /1272 COUNTERPARTY_60354 Ef 1FAV26/2215,COUNTERPARTY_60354
6a861a30b4753e816837111bb4c906a5,COMP_0001,invoice,2026-08-31,2026-09-30,2026-09-07 00:00:00,-3819.43,0.0,EUR,EUR,1.0,paid,S.Fra /194 COUNTERPARTY_23347 Ef 1RR/260.646,COUNTERPARTY_23347
7a52a63ca456dcdd43f72c92eab3eac0,COMP_0793,invoice,2026-05-22,2026-05-22,2026-06-22 00:00:00,-83.57,0.0,EUR,EUR,1.0,paid,S.Fra /1067 COUNTERPARTY_127400 Ef 1F26/335,COUNTERPARTY_127400
86e1fbfa27f110a0c84130e65283264e,COMP_0793,invoice,2026-07-22,2026-07-22,2026-08-06 00:00:00,-1090.94,0.0,EUR,EUR,1.0,paid,S.Fra /1713 COUNTERPARTY_33161 Ef 1S26/4037,COUNTERPARTY_47731
92ef032b2312827deaefca3ff5d47ae3,COMP_0793,invoice,2026-04-28,2026-04-28,2026-06-24 00:00:00,29127.7,0.0,EUR,EUR,1.0,paid,N.Fra TB2026F/247 COUNTERPARTY_48639 Ef 1,COUNTERPARTY_48639
943b945b85c435423b5f7bd5b5cff09b,COMP_0793,invoice,2026-02-23,2026-03-25,2026-04-09 00:00:00,16178.34,0.0,EUR,EUR,1.0,paid,N.Fra TB2026F/86 COUNTERPARTY_49557 Ef 1,COUNTERPARTY_49557
a8d66d2fb4267a439c0ae5afc55f0468,COMP_0793,invoice,2026-04-30,2026-05-30,2026-08-06 00:00:00,-423.21,0.0,EUR,EUR,1.0,paid,S.Fra /1794 COUNTERPARTY_51816 Ef 12026K/26,COUNTERPARTY_51816
ca62e4f5d0cde60a4c2f33a296443299,COMP_0793,invoice,2026-02-25,2026-02-25,2026-04-09 00:00:00,16611.1,0.0,EUR,EUR,1.0,paid,N.Fra TB2026F/103 COUNTERPARTY_49692 Ef 1,COUNTERPARTY_49692
d07686755ff0d66e93a29825b5cd2f87,COMP_0793,invoice,2026-04-30,2026-05-30,2026-05-21 00:00:00,-221.43,0.0,EUR,EUR,1.0,paid,S.Fra /923 COUNTERPARTY_27660 Ef 1A/25972NE0,COUNTERPARTY_27660
d8e26440fb2ca9d09b15d8da565ec300,COMP_0793,invoice,2026-06-26,2026-07-26,2026-07-22 00:00:00,-97.14,0.0,EUR,EUR,1.0,paid,S.Fra /1369 COUNTERPARTY_07226 Ef 1ES61739AABEI,COUNTERPARTY_18040
df4cf79c0b025929010f2dafbe4bcf2f,COMP_0793,invoice,2026-07-02,2026-08-01,2026-08-01 00:00:00,-44.44,-44.44,EUR,EUR,1.0,overdue,S.Fra /1938 COUNTERPARTY_127483 Ef [NUM],COUNTERPARTY_127483
dfa66653f4d5e1080670e1c27a135518,COMP_0793,invoice,2026-03-16,2026-03-16,2026-05-21 00:00:00,-1064.84,0.0,EUR,EUR,1.0,paid,S.Fra /512 COUNTERPARTY_33161 Ef 1S26/1038,COUNTERPARTY_47731
f5c2fc527613bdf09b8487dbc5579a1e,COMP_0793,invoice,2026-08-08,2026-08-08,2026-08-08 00:00:00,38.85,38.85,EUR,EUR,1.0,overdue,S.Fra /1873 COUNTERPARTY_23799. Ef [NUM],COUNTERPARTY_28032
08860b367215fe9a5cda394f72382e41,COMP_0793,invoice,2026-03-24,2026-03-24,2026-06-24 00:00:00,87588.2,0.0,EUR,EUR,1.0,paid,N.Fra TB2026F/150 COUNTERPARTY_48298 Ef 1,COUNTERPARTY_48298
15c4a77259e8ae3cbe15174277cb6a0e,COMP_0793,invoice,2026-05-29,2026-05-29,2026-06-22 00:00:00,-3460.6,0.0,EUR,EUR,1.0,paid,S.Fra /980 COUNTERPARTY_15356 Ef 111,COUNTERPARTY_22140
25bc3b5958030e7d019a45afd38b7471,COMP_0793,invoice,2026-02-28,2026-02-28,2026-03-10 00:00:00,-629.2,0.0,EUR,EUR,1.0,paid,S.Fra /381 COUNTERPARTY_33161 Ef 1S26/802,COUNTERPARTY_47731
646676e42df84a163aa3e7984786696e,COMP_0793,invoice,2026-06-22,2026-06-22,2026-07-20 00:00:00,-127.19,0.0,EUR,EUR,1.0,paid,S.Fra /1321 COUNTERPARTY_44962 Ef 15325,COUNTERPARTY_44962
6c3093d4529078259a0818cf520efd72,COMP_0793,invoice,2026-06-30,2026-07-30,2026-07-22 00:00:00,-40.38,0.0,EUR,EUR,1.0,paid,S.Fra /1371 COUNTERPARTY_07226 Ef 1ES6181[X],COUNTERPARTY_18040
7405f3a403e7cb287bc263c7cc2c9f09,COMP_0793,invoice,2026-04-14,2026-05-14,2026-07-15 00:00:00,-79.05,0.0,EUR,EUR,1.0,paid,S.Fra /732 COUNTERPARTY_07466. Ef [NUM],COUNTERPARTY_57689
80637ac9c4813bca9c3033405d949120,COMP_0793,invoice,2026-07-31,2026-08-30,2026-08-06 00:00:00,-111.32,0.0,EUR,EUR,1.0,paid,S.Fra /1814 COUNTERPARTY_27660 Ef 126189,COUNTERPARTY_27660
8ed5cb10f9d8b9b2d2004508f5969d96,COMP_0793,invoice,2026-07-22,2026-07-22,2026-07-22 00:00:00,29277.33,29277.33,EUR,EUR,1.0,overdue,N.Fra TB2026F/487 COUNTERPARTY_48639 Ef 1,COUNTERPARTY_48639
a6539dd507d4310b74d457cb3accaf51,COMP_0793,invoice,2025-03-20,2025-04-19,2026-07-22 00:00:00,-9.95,0.0,EUR,EUR,1.0,paid,S.Fra /267 COUNTERPARTY_07226 Ef 1ES5[X],COUNTERPARTY_18040
a67957ea642f557cadabbaa5cb2af3e6,COMP_0793,invoice,2026-01-07,2026-02-06,2026-07-22 00:00:00,-67.68,0.0,EUR,EUR,1.0,paid,S.Fra /12 COUNTERPARTY_07226 Ef 1ES6[X],COUNTERPARTY_18040
a7248b1211b0033ed0b91e3d4d48f176,COMP_0793,invoice,2026-07-27,2026-07-27,2026-07-27 00:00:00,38900.92,38900.92,EUR,EUR,1.0,overdue,N.Fra TB2026F/520 COUNTERPARTY_116351 Ef 1,COUNTERPARTY_116351
aadd879ccb8cf48adfc4438ff3342bc6,COMP_0793,invoice,2026-04-28,2026-04-28,2026-04-28 00:00:00,50.43,50.43,EUR,EUR,1.0,overdue,N.Fra TB2026F/263 COUNTERPARTY_48877 Ef 1,COUNTERPARTY_48877
dc4030f377e37e97991383c9840b413c,COMP_0793,invoice,2026-06-05,2026-06-05,2026-06-05 00:00:00,1436.54,1436.54,EUR,EUR,1.0,overdue,N.Fra TB2026F/378 COUNTERPARTY_48298 Ef 1,COUNTERPARTY_48298
ebeaea3840fea32c05b7c2f7b4aaca5b,COMP_0793,invoice,2026-06-26,2026-06-26,2026-07-15 00:00:00,-90.75,0.0,EUR,EUR,1.0,paid,S.Fra /1301 COUNTERPARTY_61740 Ef 1TB-2026-B1178,COUNTERPARTY_61740
ed9155f1830e6c95a00e39647e11f7f8,COMP_0001,invoice,2026-07-11,2026-08-10,2026-08-05 00:00:00,-97.13,0.0,EUR,EUR,1.0,paid,S.Fra /150 COUNTERPARTY_127731 Ef [NUM],COUNTERPARTY_127731
f5aea96fb4bc5f29aa045c56234aa0e9,COMP_0793,invoice,2026-03-27,2026-03-27,2026-04-09 00:00:00,6.62,0.0,EUR,EUR,1.0,paid,N.Fra TB2026F/195 COUNTERPARTY_06351 Ef 1,COUNTERPARTY_06351
f8bf3c22241fba6d7cec92c9133d677a,COMP_0793,invoice,2026-08-31,2026-09-30,2026-09-30 00:00:00,-323.51,-323.51,EUR,EUR,1.0,pending,S.Fra /1990 COUNTERPARTY_51473 Ef 1F26-2722,COUNTERPARTY_51473
fc2b8aee463f1ea45ae5c530e1cf4e7f,COMP_0793,invoice,2026-03-31,2026-03-31,2026-04-13 00:00:00,-822.8,0.0,EUR,EUR,1.0,paid,S.Fra /602 COUNTERPARTY_65284 Ef 126083,COUNTERPARTY_65284
29d57b992431f5f134bab02efadc2e9f,COMP_0793,invoice,2026-07-30,2026-07-30,2026-08-06 00:00:00,-655.58,0.0,EUR,EUR,1.0,paid,S.Fra /1693 COUNTERPARTY_33161 Ef 1S26/4322,COUNTERPARTY_47731
2ca0b6ad12a4259812789b60b8ee3fb8,COMP_0793,invoice,2026-03-24,2026-03-24,2026-06-24 00:00:00,18967.94,0.0,EUR,EUR,1.0,paid,N.Fra TB2026F/153 COUNTERPARTY_49391 Ef 1,COUNTERPARTY_49391
3712b5a102206513b0610818d8ffcb17,COMP_0793,invoice,2026-07-29,2026-08-28,2026-08-06 00:00:00,-183.34,0.0,EUR,EUR,1.0,paid,S.Fra /1752 COUNTERPARTY_47799 Ef [NUM],COUNTERPARTY_47799
3eb9baa66c9827db0f0ebcb092a0b5d4,COMP_0001,invoice,2026-02-23,2026-02-23,2026-03-05 00:00:00,-7260.0,0.0,EUR,EUR,1.0,paid,S.Fra /26 COUNTERPARTY_26899 Ef 13,COUNTERPARTY_26899
4203aed0c496abe974a969f1f8d78720,COMP_0793,invoice,2026-06-25,2026-06-25,2026-08-06 00:00:00,-338.27,0.0,EUR,EUR,1.0,paid,S.Fra /1736 COUNTERPARTY_33161 Ef 1S26/3115,COUNTERPARTY_47731
597d158d1c2e355aab33a65fd527ace0,COMP_0793,invoice,2026-02-23,2026-02-23,2026-04-09 00:00:00,1720.62,0.0,EUR,EUR,1.0,paid,N.Fra TB2026F/88 COUNTERPARTY_49391 Ef 1,COUNTERPARTY_49391
5ff5fff7feecb7181bbe66c7231b83c9,COMP_0793,invoice,2026-06-23,2026-06-23,2026-10-13 00:00:00,9843.29,9843.29,EUR,EUR,1.0,overdue,N.Fra TB2026F/423 COUNTERPARTY_49692 Ef 1,COUNTERPARTY_49692
681a707278df5c9413cd8518d9b53f8a,COMP_0793,invoice,2026-01-31,2026-03-02,2026-03-10 00:00:00,-84.4,0.0,EUR,EUR,1.0,paid,S.Fra /279 COUNTERPARTY_48443 Ef [NUM],COUNTERPARTY_48443
72a64cf2d6eb3064876a2e778c39d63c,COMP_0793,invoice,2026-04-24,2026-04-24,2026-06-22 00:00:00,-5.75,0.0,EUR,EUR,1.0,paid,S.Fra /807 COUNTERPARTY_00061 Ef [REF],COUNTERPARTY_22769
803ae8239ae51f5f8fd6f3173cfd94e3,COMP_0793,invoice,2026-05-21,2026-06-20,2026-07-22 00:00:00,-699.96,0.0,EUR,EUR,1.0,paid,S.Fra /1088 COUNTERPARTY_07226 Ef 1ES6X654ABEI,COUNTERPARTY_18040
90df77fb4522c5f7aa9aae37b72cdd3c,COMP_0793,invoice,2025-09-30,2025-09-30,2026-08-06 00:00:00,-122.56,0.0,EUR,EUR,1.0,paid,S.Fra /1687 COUNTERPARTY_27018 Ef 1V25-01518,COUNTERPARTY_27018
9dc5e552096cdf8fcf9cdd86f76ef84c,COMP_0793,invoice,2026-03-25,2026-03-25,2026-04-13 00:00:00,-14520.0,0.0,EUR,EUR,1.0,paid,S.Fra /563 [COMPANY] Ef 122,COUNTERPARTY_22440
a0adf577d2240c469a6958e664da09b7,COMP_0793,invoice,2026-06-18,2026-06-18,2026-07-20 00:00:00,-890.14,0.0,EUR,EUR,1.0,paid,S.Fra /1291 COUNTERPARTY_127871 Ef 1A203516,COUNTERPARTY_127871
ab1d22632968e7ef5d8239cba8ed373c,COMP_0793,invoice,2026-07-01,2026-07-01,2026-07-01 00:00:00,985.94,985.94,EUR,EUR,1.0,overdue,N.Fra TB2026F/464 COUNTERPARTY_110976 Ef 1,COUNTERPARTY_110976
f4dbb2a25c1db5179a42e12cc7eeb5d5,COMP_0793,invoice,2026-05-18,2026-06-17,2026-07-15 00:00:00,-677.6,0.0,EUR,EUR,1.0,paid,S.Fra /994 COUNTERPARTY_30606 Ef 1S26/196,COUNTERPARTY_30606
088f7e13d32131890112d0823e027b19,COMP_0001,invoice,2026-08-06,2026-08-06,2026-09-07 00:00:00,6868.65,0.0,EUR,EUR,1.0,paid,N.Fra TB2026F/63 [COMPANY] Ef 1,COUNTERPARTY_03903
2857774015d7c592ed39fd061b623869,COMP_0793,invoice,2026-07-31,2026-07-31,2026-07-31 00:00:00,20.07,20.07,EUR,EUR,1.0,overdue,S.Fra /1784 COUNTERPARTY_23799. Ef [NUM],COUNTERPARTY_28032
38c8e6a2584ba59355d661ce737649c7,COMP_0793,invoice,2026-07-24,2026-07-24,2026-08-06 00:00:00,-3.85,0.0,EUR,EUR,1.0,paid,S.Fra /1766 COUNTERPARTY_07226 Ef 1ES61[X],COUNTERPARTY_18040
3cdb373a13bd765421a0682123b34089,COMP_0793,invoice,2026-07-11,2026-07-11,2026-07-11 00:00:00,-334.09,-334.09,EUR,EUR,1.0,overdue,S.Fra /1550 COUNTERPARTY_23799. Ef [NUM],COUNTERPARTY_28032
45308d105f0ec386e8c1acdc7152c876,COMP_0793,invoice,2026-02-25,2026-02-25,2026-07-20 00:00:00,29157.77,0.0,EUR,EUR,1.0,paid,N.Fra TB2026F/97 COUNTERPARTY_10380 Ef 1,COUNTERPARTY_10380
54f45ba47f12714d9864d32ff76ee2d0,COMP_0793,invoice,2026-08-15,2026-08-15,2026-08-15 00:00:00,-1.04,-1.04,EUR,EUR,1.0,overdue,S.Fra /1979 COUNTERPARTY_123732 Ef 1A/[NUM],COUNTERPARTY_123732
822800697b1eca83ec8047b4051428ce,COMP_0793,invoice,2026-06-22,2026-06-22,2026-07-22 00:00:00,-9.49,0.0,EUR,EUR,1.0,paid,S.Fra /1440 COUNTERPARTY_07226 Ef 1ES615Q7MABEI,COUNTERPARTY_18040
95d898241a74eae47a4e98d3c70cd721,COMP_0793,invoice,2026-03-24,2026-03-24,2026-05-21 00:00:00,-629.2,0.0,EUR,EUR,1.0,paid,S.Fra /540 COUNTERPARTY_33161 Ef 1S26/1179,COUNTERPARTY_47731
ad7fd2b5abe696a0d3af5b207bb18b28,COMP_0793,invoice,2026-04-27,2026-04-27,2026-06-24 00:00:00,16814.81,0.0,EUR,EUR,1.0,paid,N.Fra TB2026F/232 COUNTERPARTY_49391 Ef 1,COUNTERPARTY_49391
ae004a1b946fde2a0239ccbefb58c54a,COMP_0001,invoice,2026-04-22,2026-05-22,2026-05-20 00:00:00,-146.25,0.0,EUR,EUR,1.0,paid,S.Fra /65 COUNTERPARTY_40912 Ef [NUM],COUNTERPARTY_128139
b32e9802a19bc8b7ec98aedfc904a00f,COMP_0793,invoice,2026-04-17,2026-05-17,2026-05-20 00:00:00,-94.99,0.0,EUR,EUR,1.0,paid,S.Fra /[COMPANY] Ef [NUM],COUNTERPARTY_43184
ca0c3136f2ca2260ae76315b93b95549,COMP_0793,invoice,2026-07-03,2026-07-03,2026-07-03 00:00:00,39608.62,39608.62,EUR,EUR,1.0,overdue,N.Fra TB2026F/470 COUNTERPARTY_10380 Ef 1,COUNTERPARTY_10380
e0ab8d130c71dd4d187693a5a0a15944,COMP_0793,invoice,2026-03-12,2026-04-11,2026-09-10 00:00:00,-298.28,0.0,EUR,EUR,1.0,paid,S.Fra /467 COUNTERPARTY_33224 Ef 12026/[NUM],COUNTERPARTY_35897
e3cf5293424fd5e926e617047e42443f,COMP_0793,invoice,2026-03-24,2026-03-24,2026-06-24 00:00:00,14576.62,0.0,EUR,EUR,1.0,paid,N.Fra TB2026F/147 COUNTERPARTY_49391 Ef 1,COUNTERPARTY_49391
eefa3ebd6aaa18fe4c0b61ecd7beadf9,COMP_0793,invoice,2026-06-18,2026-07-18,2026-08-06 00:00:00,-100.61,0.0,EUR,EUR,1.0,paid,S.Fra /1267 COUNTERPARTY_24926 Ef [NUM]/5/26/000268,COUNTERPARTY_57870
ef27326054649979ad2723647e4f7866,COMP_0793,invoice,2026-07-30,2026-08-29,2026-08-06 00:00:00,-619.68,0.0,EUR,EUR,1.0,paid,S.Fra /1695 COUNTERPARTY_06729 Ef 1FV260549,COUNTERPARTY_06729
0138c21f21c3c1c35a1ce0e4db60f625,COMP_0793,invoice,2026-05-31,2026-05-31,2026-08-06 00:00:00,-212.55,0.0,EUR,EUR,1.0,paid,S.Fra /1684 COUNTERPARTY_10436 Ef 1FA126752,COUNTERPARTY_10436
1f4bbc63dddafc611e16c5dcaaebe6e2,COMP_0793,invoice,2026-07-03,2026-08-02,2026-07-22 00:00:00,-30.48,0.0,EUR,EUR,1.0,paid,S.Fra /1630 COUNTERPARTY_07226 Ef 1ES618Z0[X],COUNTERPARTY_18040
6714731d43dc57df6123d246679f0db2,COMP_0793,invoice,2026-02-02,2026-02-02,2026-04-13 00:00:00,-385.22,0.0,EUR,EUR,1.0,paid,S.Fra /280 COUNTERPARTY_119679. Ef [NUM],COUNTERPARTY_119679
74da17505d46551c8f054a1d8624e539,COMP_0793,invoice,2026-01-21,2026-01-21,2026-03-10 00:00:00,-180.29,0.0,EUR,EUR,1.0,paid,S.Fra /112 COUNTERPARTY_128308 Ef 125FV02-[NUM],COUNTERPARTY_128308
92d7437a2b9da90cc8bf310932696855,COMP_0001,invoiceGroup,2026-08-05,2026-08-05,2026-08-05 00:00:00,-22397.27,-22397.27,EUR,EUR,1.0,overdue,Remesas Proveedor,
9993a39001de9278667be6612990be41,COMP_0793,invoice,2026-08-19,2026-08-19,2026-08-19 00:00:00,-178.11,-178.11,EUR,EUR,1.0,overdue,S.Fra /1901 COUNTERPARTY_33161 Ef 1S26/4965,COUNTERPARTY_47731
9cce97068b07fe0a77209f46451f8283,COMP_0793,invoice,2026-08-13,2026-09-12,2026-09-12 00:00:00,-34.99,-34.99,EUR,EUR,1.0,overdue,S.Fra /2077 COUNTERPARTY_31725 Ef 1INV-[NUM]-ABB0,COUNTERPARTY_128349
b013af30646c287d49313e20f490a3e9,COMP_0793,invoice,2026-06-26,2026-06-26,2026-06-26 00:00:00,1415.7,1415.7,EUR,EUR,1.0,overdue,N.Fra TB2026F/459 COUNTERPARTY_64506 Ef 1,COUNTERPARTY_64506
b4f9151a2379001089cec2d30a4c989d,COMP_0793,invoice,2026-08-31,2026-08-31,2026-08-31 00:00:00,-347.43,-347.43,EUR,EUR,1.0,overdue,S.Fra /2039 COUNTERPARTY_31505 Ef 1F2546/5,COUNTERPARTY_31505
c078911763a3473ded597f7d978110d4,COMP_0793,invoice,2026-08-31,2026-08-31,2026-08-31 00:00:00,-449.68,-449.68,EUR,EUR,1.0,overdue,S.Fra /1948 COUNTERPARTY_44986 Ef 1L32692,COUNTERPARTY_44986
d75cd456810bdb0ceb5ad66b7bb37d22,COMP_0001,invoice,2026-05-14,2026-06-13,2026-06-13 00:00:00,-104.46,0.0,EUR,EUR,1.0,paid,S.Fra /91 COUNTERPARTY_24926 Ef [NUM]/5/26/000215,COUNTERPARTY_55414
e928649740028df04f4c787d08ba61a8,COMP_0793,invoice,2026-02-28,2026-03-30,2026-06-22 00:00:00,-489.02,0.0,EUR,EUR,1.0,paid,S.Fra /1027 COUNTERPARTY_10436 Ef 1FA125531,COUNTERPARTY_10436
f6f5bb31d0e087a5a1a97802409863f9,COMP_0793,invoice,2026-04-09,2026-05-09,2026-05-21 00:00:00,-227.51,0.0,EUR,EUR,1.0,paid,S.Fra /854 COUNTERPARTY_07226 Ef 1ES6M1[X],COUNTERPARTY_18040
f7c4ae53e037263788c68c6536a006e4,COMP_0793,invoice,2026-04-30,2026-05-30,2026-05-20 00:00:00,-3.15,0.0,EUR,EUR,1.0,paid,S.Fra /893 COUNTERPARTY_00532 Ef 12026/100705,COUNTERPARTY_50114
fc1faf0c39aacae3ac53cb621497e709,COMP_0793,invoice,2026-06-25,2026-06-25,2026-07-20 00:00:00,-387.09,0.0,EUR,EUR,1.0,paid,S.Fra /1405 COUNTERPARTY_02118 Ef [NUM],COUNTERPARTY_128416
02530ff6e70e90c8aadf585d4096bcfd,COMP_0793,invoice,2026-06-26,2026-06-26,2026-06-26 00:00:00,2499.86,2499.86,EUR,EUR,1.0,overdue,N.Fra TB2026F/458 COUNTERPARTY_64506 Ef 1,COUNTERPARTY_64506
0cb8f8815dfb37191e0af48e848d707a,COMP_0793,invoice,2026-08-31,2026-09-30,2026-09-30 00:00:00,-111.32,-111.32,EUR,EUR,1.0,pending,S.Fra /2079 COUNTERPARTY_27660 Ef 1A/26267,COUNTERPARTY_27660
0d68061ad59d6952979f652da6d8e9d4,COMP_0878,invoice,2026-07-01,2026-07-31,2026-08-05 00:00:00,-141.57,0.0,EUR,EUR,1.0,paid,S.Fra /171 COUNTERPARTY_12256 Ef 1S26/3795,COUNTERPARTY_12256
10fe2121de54179a49bcd619c93c494b,COMP_0793,invoice,2026-08-11,2026-09-10,2026-09-10 00:00:00,-6.99,-6.99,EUR,EUR,1.0,overdue,S.Fra /[COMPANY] Ef [NUM],COUNTERPARTY_128437
12b8db260bfd6cd76cf7cd4820a4252a,COMP_0793,invoice,2026-05-29,2026-05-29,2026-07-20 00:00:00,94116.39,0.0,EUR,EUR,1.0,paid,N.Fra TB2026F/297 COUNTERPARTY_48639 Ef 1,COUNTERPARTY_48639
17ea595994b5fa7bb439a93427a6bc91,COMP_0793,invoice,2026-04-28,2026-04-28,2026-04-28 00:00:00,528.78,528.78,EUR,EUR,1.0,overdue,N.Fra TB2026F/262 COUNTERPARTY_48877 Ef 1,COUNTERPARTY_48877
1ddaaa3f1713ad541ddc60ac297b7367,COMP_0793,invoice,2026-05-08,2026-05-08,2026-05-21 00:00:00,-580.8,0.0,EUR,EUR,1.0,paid,S.Fra /939 COUNTERPARTY_33161 Ef 1S26/1974,COUNTERPARTY_47731
2b49be6aadf29d113a875498df087903,COMP_0793,invoice,2026-02-28,2026-03-30,2026-04-13 00:00:00,-221.43,0.0,EUR,EUR,1.0,paid,S.Fra /458 COUNTERPARTY_27660 Ef 1A/25845,COUNTERPARTY_27660
36aeea075e130045fa752e4531db5b04,COMP_0793,invoice,2026-06-30,2026-07-30,2026-07-20 00:00:00,-221.43,0.0,EUR,EUR,1.0,paid,S.Fra /1535 COUNTERPARTY_27660 Ef 126120,COUNTERPARTY_27660
4209805b1af97c77d97b52cb512f7c5a,COMP_0793,invoice,2026-03-31,2026-04-30,2026-05-21 00:00:00,-281.87,0.0,EUR,EUR,1.0,paid,S.Fra /890 COUNTERPARTY_58340 Ef 1649,COUNTERPARTY_58340
436ba55793bda81b9777e2a68ef2793a,COMP_0793,invoice,2026-04-27,2026-05-27,2026-06-22 00:00:00,-76.51,0.0,EUR,EUR,1.0,paid,S.Fra /813 COUNTERPARTY_23748 Ef 1FV[NUM],COUNTERPARTY_23748
56c645a497f0abf819365c0302b5dc12,COMP_0793,invoice,2026-09-01,2026-09-01,2026-09-09 00:00:00,-128.26,0.0,EUR,EUR,1.0,paid,S.Fra /1995 COUNTERPARTY_18906 Ef 1[X]/2026/07292,COUNTERPARTY_18906
5de771cdcbac580c0eff5b6c2bb2b8a7,COMP_0001,invoice,2026-06-16,2026-06-16,2026-08-05 00:00:00,-34.47,0.0,EUR,EUR,1.0,paid,S.Fra /147 COUNTERPARTY_01678 Ef 1ES614[X],COUNTERPARTY_48241
5fd95cd6dafea220f9d865fd5da0cb43,COMP_0793,invoice,2026-03-12,2026-03-12,2026-06-22 00:00:00,-124.99,0.0,EUR,EUR,1.0,paid,S.Fra /507 COUNTERPARTY_128504 Ef 10398,COUNTERPARTY_128504
641282656a60d67c7858ac7b334948aa,COMP_0793,invoice,2026-07-07,2026-07-07,2026-07-22 00:00:00,-20.85,0.0,EUR,EUR,1.0,paid,S.Fra /1641 COUNTERPARTY_07226 Ef 1ES619[X],COUNTERPARTY_18040
674c94c33de23aaa811c73d1210ae3fc,COMP_0793,invoice,2026-03-25,2026-03-25,2026-06-24 00:00:00,14254.93,0.0,EUR,EUR,1.0,paid,N.Fra TB2026F/159 COUNTERPARTY_49692 Ef 1,COUNTERPARTY_49692
71ddae0d86c44265f74f80d9aa3f8cbe,COMP_0793,invoice,2026-06-01,2026-06-01,2026-06-22 00:00:00,-50.82,0.0,EUR,EUR,1.0,paid,S.Fra /1023 COUNTERPARTY_07284 Ef 11.788,COUNTERPARTY_07284
7a32c7898568aeabc90a3910bcc02e99,COMP_0793,invoice,2026-03-26,2026-03-26,2026-06-24 00:00:00,32519.28,0.0,EUR,EUR,1.0,paid,N.Fra TB2026F/176 COUNTERPARTY_48639 Ef 1,COUNTERPARTY_48639
7e6192b7a9a62a3b686623f1d24f0073,COMP_0793,invoice,2026-06-23,2026-06-23,2026-07-20 00:00:00,16309.52,0.0,EUR,EUR,1.0,paid,N.Fra TB2026F/395 COUNTERPARTY_48639 Ef 1,COUNTERPARTY_48639
a62c135e0ff7bcf99aec4e9d148acb85,COMP_0793,invoice,2026-06-14,2026-07-14,2026-08-06 00:00:00,-103.25,0.0,EUR,EUR,1.0,paid,S.Fra /1580 COUNTERPARTY_18405 Ef 12,COUNTERPARTY_18405
e1f6c96904735f4949d02aec36d3b130,COMP_0793,invoice,2026-03-02,2026-04-01,2026-04-13 00:00:00,-24870.68,0.0,EUR,EUR,1.0,paid,S.Fra /402 COUNTERPARTY_07215 Ef 143,COUNTERPARTY_07215
f3404f7d042ca360da5e5c61cddfd39e,COMP_0793,invoice,2026-04-24,2026-05-24,2026-05-21 00:00:00,-485.75,0.0,EUR,EUR,1.0,paid,S.Fra /806 COUNTERPARTY_48090 Ef 1GR26-91872,COUNTERPARTY_48090
0127322c3d97f1eaae2c28cc7d775ae3,COMP_0793,invoice,2025-01-20,2025-01-20,2025-01-20 00:00:00,-8.7,-8.7,EUR,EUR,1.0,overdue,S.Fra /54 COUNTERPARTY_112545 Ef [NUM],COUNTERPARTY_112545
2dc6c174b971bdf34236ff06d815dc69,COMP_0793,invoice,2026-04-30,2026-05-30,2026-05-21 00:00:00,-1132.56,0.0,EUR,EUR,1.0,paid,S.Fra /763 COUNTERPARTY_59985 Ef 17,COUNTERPARTY_59985
409cba17ea1730a4c1da433fea620a8c,COMP_0793,invoice,2026-01-02,2026-01-02,2026-06-22 00:00:00,-220.22,0.0,EUR,EUR,1.0,paid,S.Fra /959 [COMPANY] Ef 12,COUNTERPARTY_22440
4bd206547c34a73b3fa10ab076c405ba,COMP_0793,invoice,2026-06-17,2026-06-17,2026-07-15 00:00:00,-100.31,0.0,EUR,EUR,1.0,paid,S.Fra /1284 COUNTERPARTY_22695 Ef 1FV26/1028,COUNTERPARTY_22695
528d5e2505cbdd2f078b6d9f027c3b1d,COMP_0001,invoice,2026-06-23,2026-06-23,2026-06-23 00:00:00,29040.0,29040.0,EUR,EUR,1.0,overdue,N.Fra TB2026F/48 COUNTERPARTY_29645 Ef 1,COUNTERPARTY_29645
6af2d2402af2ca048acb5ba1b93ca7dd,COMP_0793,invoice,2026-06-26,2026-06-26,2026-06-26 00:00:00,231.92,231.92,EUR,EUR,1.0,overdue,N.Fra TB2026F/437 COUNTERPARTY_15358 Ef 1,COUNTERPARTY_15358
73c2cd8b60409b519e77dd934802f049,COMP_0793,invoice,2026-06-16,2026-07-16,2026-06-22 00:00:00,-214.69,0.0,EUR,EUR,1.0,paid,S.Fra /1225 COUNTERPARTY_18477 Ef [NUM]/AV,COUNTERPARTY_31747
81b3b34380c3b76d7f4aece84e1f65e5,COMP_0793,invoice,2026-06-30,2026-06-30,2026-07-22 00:00:00,-326.5,0.0,EUR,EUR,1.0,paid,S.Fra /1347 COUNTERPARTY_07226 Ef 1ES6185[X],COUNTERPARTY_18040
829f15bdc9e317dffc7bfcf2dd714fbd,COMP_0793,invoice,2026-06-29,2026-06-29,2026-07-20 00:00:00,-1154.63,0.0,EUR,EUR,1.0,paid,S.Fra /1449 COUNTERPARTY_33161 Ef 1S26/3260,COUNTERPARTY_47731
883cf6ae361d9c327dfa88f41107afcd,COMP_0793,invoice,2026-04-27,2026-04-27,2026-06-24 00:00:00,14576.62,0.0,EUR,EUR,1.0,paid,N.Fra TB2026F/218 COUNTERPARTY_49391 Ef 1,COUNTERPARTY_49391
8d293eff71f23b01b42d8f3b906cdb50,COMP_0001,invoice,2026-03-17,2026-04-16,2026-05-20 00:00:00,-85.76,0.0,EUR,EUR,1.0,paid,S.Fra /40 COUNTERPARTY_49050 Ef 1IJ1851,COUNTERPARTY_49050
a92b40e1fce94146bf5ca14528fbbb5d,COMP_0001,invoice,2025-11-18,2025-11-18,2026-05-20 00:00:00,6050.0,0.0,EUR,EUR,1.0,paid,N.Fra TB2025F/193 [COMPANY] Ef 1,COUNTERPARTY_03903
aa3bd5a60a0502f90cbb0a12f636e334,COMP_0793,invoice,2026-07-17,2026-08-16,2026-07-22 00:00:00,-17.9,0.0,EUR,EUR,1.0,paid,S.Fra /1639 COUNTERPARTY_07226 Ef 1ES61CJ3MABEI,COUNTERPARTY_18040
abcea0a12bac720a3629c82c5d9c92e0,COMP_0793,invoice,2026-08-24,2026-08-24,2026-08-24 00:00:00,-205.08,-205.08,EUR,EUR,1.0,overdue,S.Fra /1910 COUNTERPARTY_07783 Ef [NUM],COUNTERPARTY_49066
e5c60242b30473b282d64fa50e62c1d2,COMP_0793,invoice,2026-06-30,2026-06-30,2026-07-22 00:00:00,-3.59,0.0,EUR,EUR,1.0,paid,S.Fra /1450 COUNTERPARTY_07226 Ef 1ES618464ABEI,COUNTERPARTY_18040
0b66179b5c20457a70136f9749b0697e,COMP_0793,invoice,2026-05-29,2026-05-29,2026-06-01 00:00:00,351.42,351.42,EUR,EUR,1.0,overdue,N.Fra TB2026F/318 COUNTERPARTY_06305 Ef 1,COUNTERPARTY_06305
0fc883b8d2d023a0db24cc4b1fefdeb2,COMP_0793,invoice,2025-10-28,2025-10-28,2025-10-28 00:00:00,864.7,864.7,EUR,EUR,1.0,overdue,N.Fra TB2025F/472 COUNTERPARTY_48877 Ef 1,COUNTERPARTY_48877
1cb38776e90b39e612e4c4aeb6038b5c,COMP_0793,invoice,2026-04-28,2026-04-28,2026-04-28 00:00:00,963.37,963.37,EUR,EUR,1.0,overdue,N.Fra TB2026F/261 COUNTERPARTY_48877 Ef 1,COUNTERPARTY_48877
1eb1db234b2ab17d64f97a2dda8da626,COMP_0793,invoice,2026-06-10,2026-07-10,2026-06-22 00:00:00,-259.29,0.0,EUR,EUR,1.0,paid,S.Fra /1238 COUNTERPARTY_48090 Ef 1GR26-92203,COUNTERPARTY_48090
2030bee69a1ba44d35994634f84a7130,COMP_0793,invoice,2026-03-25,2026-03-25,2026-05-21 00:00:00,-398.55,0.0,EUR,EUR,1.0,paid,S.Fra /639 COUNTERPARTY_07783 Ef [NUM],COUNTERPARTY_49066
3950587d47f46721fccb6074c2fcd191,COMP_0793,invoice,2026-05-06,2026-06-05,2026-05-21 00:00:00,-499.2,0.0,EUR,EUR,1.0,paid,S.Fra /882 COUNTERPARTY_47799 Ef [NUM],COUNTERPARTY_47799
3a738624570645ba317449355cf88a99,COMP_0793,invoice,2026-06-17,2026-07-17,2026-07-22 00:00:00,-14.76,0.0,EUR,EUR,1.0,paid,S.Fra /1362 COUNTERPARTY_07226 Ef 1ES614G9CABEI,COUNTERPARTY_18040
3e9c14385839483868b250037bf87183,COMP_0793,invoice,2026-03-24,2026-03-24,2026-04-13 00:00:00,-3630.0,0.0,EUR,EUR,1.0,paid,S.Fra /518 COUNTERPARTY_15356 Ef 16,COUNTERPARTY_22140
4eea115d67d4e417cc8c8749beb05cbf,COMP_0001,invoice,2026-05-18,2026-05-18,2026-05-18 00:00:00,-185.2,-185.2,EUR,EUR,1.0,overdue,S.Fra /97 COUNTERPARTY_01678 Ef 1ES6W8M7ABEI,COUNTERPARTY_48241
600f0090c47d9ac46f480d778be1e306,COMP_0793,invoice,2026-08-04,2026-08-04,2026-08-04 00:00:00,7154.67,7154.67,EUR,EUR,1.0,overdue,N.Fra TB2026F/535 COUNTERPARTY_10380 Ef 1,COUNTERPARTY_10380
679121ee054cdafba62f984ed26c5e00,COMP_0001,invoice,2026-02-23,2026-02-23,2026-05-20 00:00:00,6050.0,0.0,EUR,EUR,1.0,paid,N.Fra TB2026F/16 [COMPANY] Ef 1,COUNTERPARTY_03903
69a9e7da53e32c3e1e27f46c8ab07cf4,COMP_0793,invoice,2026-05-06,2026-05-06,2026-05-21 00:00:00,-2582.55,0.0,EUR,EUR,1.0,paid,S.Fra /895 COUNTERPARTY_16268. Ef 1TB-2026-F16,COUNTERPARTY_16268
77d739bd8e32179468d11ec7e5240a85,COMP_0793,invoice,2026-01-27,2026-01-27,2026-04-09 00:00:00,1131.83,0.0,EUR,EUR,1.0,paid,N.Fra TB2026F/32 COUNTERPARTY_14508 Ef 1,COUNTERPARTY_14508
82eed13ede420981717f1f8672b6ecb2,COMP_0793,invoice,2026-06-26,2026-06-26,2026-06-26 00:00:00,243.15,243.15,EUR,EUR,1.0,overdue,N.Fra TB2026F/434 COUNTERPARTY_21752 Ef 1,COUNTERPARTY_21752
863cce7156e0931a1843a03532aff543,COMP_0793,invoice,2026-04-21,2026-04-21,2026-05-21 00:00:00,-866.3,0.0,EUR,EUR,1.0,paid,S.Fra /740 COUNTERPARTY_33161 Ef 1S26/1620,COUNTERPARTY_47731
8941f3f00a9516f52ee8d872135847dc,COMP_0793,invoice,2026-05-22,2026-06-21,2026-07-15 00:00:00,-33.28,0.0,EUR,EUR,1.0,paid,S.Fra /974 COUNTERPARTY_10160 Ef 1F[NUM],COUNTERPARTY_35185
8ab291a2106d51f41d9422bd92179186,COMP_0793,invoice,2026-07-23,2026-07-23,2026-07-23 00:00:00,-561.43,-561.43,EUR,EUR,1.0,overdue,S.Fra /1742 COUNTERPARTY_07783 Ef [NUM],COUNTERPARTY_49066
af738acfa44a03ba76e1b585e0a348c4,COMP_0793,invoice,2026-07-09,2026-07-09,2026-07-22 00:00:00,-19.99,0.0,EUR,EUR,1.0,paid,S.Fra /1643 COUNTERPARTY_07226 Ef 1ES61[X],COUNTERPARTY_18040
b487ac44118f57c04e29bc8dce59c530,COMP_0793,invoice,2026-06-23,2026-06-23,2026-07-20 00:00:00,3940.22,0.0,EUR,EUR,1.0,paid,N.Fra TB2026F/397 COUNTERPARTY_48639 Ef 1,COUNTERPARTY_48639
c6c4b0a7961d79c22083c590e2e37378,COMP_0793,invoice,2026-07-27,2026-07-27,2026-07-27 00:00:00,40228.14,40228.14,EUR,EUR,1.0,overdue,N.Fra TB2026F/522 COUNTERPARTY_116351 Ef 1,COUNTERPARTY_116351
c984727064908a6f258291e51473972f,COMP_0793,invoice,2026-04-01,2026-04-01,2026-07-20 00:00:00,-7.26,0.0,EUR,EUR,1.0,paid,S.Fra /1250 COUNTERPARTY_96621 Ef [NUM],COUNTERPARTY_96621
d1473c0e90cc5abf4d5458a1894ab5a5,COMP_0793,invoice,2026-06-03,2026-07-03,2026-07-22 00:00:00,-45.98,0.0,EUR,EUR,1.0,paid,S.Fra /1414 COUNTERPARTY_07226 Ef 1ES610[X],COUNTERPARTY_18040
d4ca0c070dd3de1b4c55edb80034e76f,COMP_0793,invoice,2026-08-27,2026-09-26,2026-09-26 00:00:00,-31.63,-31.63,EUR,EUR,1.0,pending,S.Fra /1988 COUNTERPARTY_23748 Ef 1FV[NUM],COUNTERPARTY_23748
d79a210c3a8978a9c58a53676b6f0aba,COMP_0793,invoice,2026-07-01,2026-07-01,2026-07-20 00:00:00,-188.76,0.0,EUR,EUR,1.0,paid,S.Fra /1430 COUNTERPARTY_07284 Ef 12.149,COUNTERPARTY_07284
e04bf86f05905bff6c433dfbee2cf2c2,COMP_0793,invoice,2026-08-19,2026-09-18,2026-09-18 00:00:00,-13.99,-13.99,EUR,EUR,1.0,pending,S.Fra /1985 COUNTERPARTY_00496 Ef 1ES61[X],COUNTERPARTY_107694
e67208361cdde243a8469dbc6600db70,COMP_0793,invoice,2026-07-24,2026-07-24,2026-08-06 00:00:00,-121.79,0.0,EUR,EUR,1.0,paid,S.Fra /1656 COUNTERPARTY_42909. Ef 126/1886,COUNTERPARTY_42909
fab27cf099d3ae6520279f00ab10d36c,COMP_0793,invoice,2026-04-28,2026-04-28,2026-06-24 00:00:00,20598.87,0.0,EUR,EUR,1.0,paid,N.Fra TB2026F/244 COUNTERPARTY_48639 Ef 1,COUNTERPARTY_48639
ff6d4c7379eabb21f24113dc1b90a68e,COMP_0793,invoice,2026-05-24,2026-06-23,2026-08-06 00:00:00,-25.89,0.0,EUR,EUR,1.0,paid,S.Fra /1010 COUNTERPARTY_18405 Ef 1FVT26-35450,COUNTERPARTY_18405
1072d401b05285d981bc0d9252252d33,COMP_0793,invoice,2026-08-04,2026-09-03,2026-09-10 00:00:00,-8.0,0.0,EUR,EUR,1.0,paid,S.Fra /1838 COUNTERPARTY_57773 Ef 1A10139,COUNTERPARTY_57773
161a706cc8795b1360881607b1067d44,COMP_0793,invoice,2026-06-30,2026-07-30,2026-07-20 00:00:00,-1416.08,0.0,EUR,EUR,1.0,paid,S.Fra /1513 COUNTERPARTY_58340 Ef 11478,COUNTERPARTY_58340
1e8ccc1f00a05f4eea81c4fc0aa2ac19,COMP_0793,invoice,2026-06-09,2026-06-09,2026-09-10 00:00:00,-144.32,0.0,EUR,EUR,1.0,paid,S.Fra /1266 [COMPANY] Ef [REF],COUNTERPARTY_21065
1f9abafa41ed0264e6472c63ad26d29d,COMP_0793,invoice,2026-05-11,2026-06-10,2026-06-22 00:00:00,-159.92,0.0,EUR,EUR,1.0,paid,S.Fra /1032 COUNTERPARTY_07226 Ef 1ES6UK7MABEI,COUNTERPARTY_18040
2b25c72a7f1db9ff2df97230f213475e,COMP_0793,invoice,2026-04-28,2026-04-28,2026-06-24 00:00:00,222.91,0.0,EUR,EUR,1.0,paid,N.Fra TB2026F/274 COUNTERPARTY_51678 Ef 1,COUNTERPARTY_51678
2f1ad91d5d11dbf2e42b68d4e4429d5c,COMP_0793,invoice,2026-06-16,2026-07-16,2026-06-22 00:00:00,-68.14,0.0,EUR,EUR,1.0,paid,S.Fra /1224 COUNTERPARTY_47799 Ef [NUM],COUNTERPARTY_47799
33143f573640dca8b453cf29da5e1cb0,COMP_0793,invoice,2026-01-04,2026-02-03,2026-07-22 00:00:00,-15.06,0.0,EUR,EUR,1.0,paid,S.Fra /86 COUNTERPARTY_07226 Ef 1ES6118[X],COUNTERPARTY_18040
36bb79bf3d16221772f9fce8ea62f413,COMP_0793,invoice,2026-07-04,2026-07-04,2026-07-04 00:00:00,-483.08,-483.08,EUR,EUR,1.0,overdue,S.Fra /1497 COUNTERPARTY_23799. Ef [NUM],COUNTERPARTY_28032
3802d53dd780c67e52af182560df4b90,COMP_0001,invoice,2026-05-01,2026-05-31,2026-06-13 00:00:00,-88.57,0.0,EUR,EUR,1.0,paid,S.Fra /77 COUNTERPARTY_24926 Ef [NUM]/5/26/001213,COUNTERPARTY_55414
41050ee72134b9b9e57b0f5876340b78,COMP_0793,invoice,2026-06-01,2026-06-01,2026-06-22 00:00:00,-986.36,0.0,EUR,EUR,1.0,paid,S.Fra /1022 COUNTERPARTY_23770 Ef [REF],COUNTERPARTY_23770
42fe5673d2814cf1258e37bdf28e2fac,COMP_0793,invoice,2025-11-18,2025-11-18,2026-04-13 00:00:00,-14520.0,0.0,EUR,EUR,1.0,paid,S.Fra /1907 [COMPANY] Ef 1192,COUNTERPARTY_22440
4366fdce3c4bdbb398d04da5a0b2a6b0,COMP_0793,invoice,2026-03-27,2026-03-27,2026-03-27 00:00:00,67.24,67.24,EUR,EUR,1.0,overdue,N.Fra TB2026F/187 COUNTERPARTY_48877 Ef 1,COUNTERPARTY_48877
631d2ab3df355ab0ddea25588d76e45c,COMP_0793,invoice,2026-06-17,2026-07-17,2026-07-22 00:00:00,-30.0,0.0,EUR,EUR,1.0,paid,S.Fra /1360 COUNTERPARTY_07226 Ef 1ES614G8KABEI,COUNTERPARTY_18040
649a2d1f3146a45ca86b8968a4b8730a,COMP_0793,invoice,2025-06-19,2025-07-19,2025-07-19 00:00:00,-27.85,-27.85,EUR,EUR,1.0,overdue,S.Fra /882 COUNTERPARTY_129168 Ef 135510,COUNTERPARTY_129168
7a63d0913e10b60bec7189bef59ea2be,COMP_0001,invoice,2026-07-23,2026-07-23,2026-09-07 00:00:00,471.32,0.0,EUR,EUR,1.0,paid,N.Fra TB2026F/60 [COMPANY] Ef 1,COUNTERPARTY_03903
8a4347299f19985fa75d4e679d4a0b16,COMP_0793,invoice,2026-03-31,2026-04-30,2026-04-13 00:00:00,-221.43,0.0,EUR,EUR,1.0,paid,S.Fra /674 COUNTERPARTY_27660 Ef 1A/25887,COUNTERPARTY_27660
95a58cdf2326786f9f580b548194d552,COMP_0793,invoice,2026-05-29,2026-05-29,2026-06-02 00:00:00,32.13,32.13,EUR,EUR,1.0,overdue,N.Fra TB2026F/324 COUNTERPARTY_29708 Ef 1,COUNTERPARTY_29708
97292768fe2642df2a7e3ddcd56d6908,COMP_0793,invoice,2026-05-19,2026-05-19,2026-06-22 00:00:00,-0.61,0.0,EUR,EUR,1.0,paid,S.Fra /1187 COUNTERPARTY_00061 Ef [REF],COUNTERPARTY_22769
97dcdb1685e601c6d962e5b2769d72fa,COMP_0793,invoice,2026-08-06,2026-08-06,2026-08-06 00:00:00,30250.0,30250.0,EUR,EUR,1.0,overdue,N.Fra TB2026F/541 COUNTERPARTY_29645 Ef 1,COUNTERPARTY_33449
99261f0bd9b8ce22384db24315f83d4b,COMP_0001,invoice,2026-05-15,2026-06-14,2026-06-13 00:00:00,-1769.03,0.0,EUR,EUR,1.0,paid,S.Fra /[COMPANY] Ef 1CI[NUM],COUNTERPARTY_28286
cbde6c8a400ba0a8d4e3914f5dbb12aa,COMP_0793,invoice,2024-09-09,2024-09-09,2026-07-15 00:00:00,-2520.31,0.0,EUR,EUR,1.0,paid,S.Fra /22 COUNTERPARTY_07277. Ef 117863,COUNTERPARTY_07277
d9c64af707bd603df0f6c72e751e1ceb,COMP_0793,invoice,2026-01-07,2026-02-06,2026-07-22 00:00:00,-30.54,0.0,EUR,EUR,1.0,paid,S.Fra /13 COUNTERPARTY_07226 Ef 1ES6182ABEI,COUNTERPARTY_18040
e234c9827a39363fcecbb06c7ac8cac0,COMP_0793,invoice,2026-08-31,2026-08-31,2026-08-31 00:00:00,13217.19,13217.19,EUR,EUR,1.0,overdue,N.Fra TB2026F/571 COUNTERPARTY_48639 Ef 1,COUNTERPARTY_48639
fa285889872af59c1b73381dfb47facf,COMP_0793,invoice,2026-06-12,2026-06-12,2026-06-22 00:00:00,-55.0,0.0,EUR,EUR,1.0,paid,S.Fra /1262 COUNTERPARTY_11720 Ef 1R[NUM],COUNTERPARTY_11720
08cce10c57f1205b92e6ccc27db21dde,COMP_0793,invoice,2025-09-29,2025-09-29,2026-06-24 00:00:00,1003.01,0.0,EUR,EUR,1.0,paid,N.Fra TB2025F/413 COUNTERPARTY_48877 Ef 1,COUNTERPARTY_48877
17d25bab5b212227ddc4691e55d736b9,COMP_0793,invoice,2026-07-22,2026-07-22,2026-07-22 00:00:00,20285.21,20285.21,EUR,EUR,1.0,overdue,N.Fra TB2026F/495 COUNTERPARTY_49692 Ef 1,COUNTERPARTY_49692
39f5804b4205801ae0baae3c95fc14c5,COMP_0793,invoice,2026-05-12,2026-05-12,2026-06-22 00:00:00,-0.3,0.0,EUR,EUR,1.0,paid,S.Fra /1173 COUNTERPARTY_00061 Ef [REF],COUNTERPARTY_22769
4094cd4e55fe9d0ff738c433a0272a13,COMP_0793,invoice,2026-07-23,2026-08-22,2026-08-06 00:00:00,-28.14,0.0,EUR,EUR,1.0,paid,S.Fra /1654 COUNTERPARTY_07226 Ef 1ES61DWS9ABEI,COUNTERPARTY_18040
435253f86db4acd459084dcb15fe5a95,COMP_0793,invoice,2026-02-25,2026-02-25,2026-07-20 00:00:00,135.96,0.0,EUR,EUR,1.0,paid,N.Fra TB2026F/100 COUNTERPARTY_10380 Ef 1,COUNTERPARTY_10380
55b7ae124fd3546efdfbcc7c687cb343,COMP_0793,invoice,2026-02-25,2026-02-25,2026-04-09 00:00:00,10932.98,0.0,EUR,EUR,1.0,paid,N.Fra TB2026F/95 COUNTERPARTY_10380 Ef 1,COUNTERPARTY_10380
6b231a9dc89d9b8c899214a309b99933,COMP_0793,invoice,2026-04-09,2026-04-09,2026-06-22 00:00:00,-4.24,0.0,EUR,EUR,1.0,paid,S.Fra /799 COUNTERPARTY_00061 Ef [REF],COUNTERPARTY_22769
8481eb912e02551d9a8b96778a62cef7,COMP_0793,invoice,2026-08-31,2026-09-30,2026-09-30 00:00:00,-281.87,-281.87,EUR,EUR,1.0,pending,S.Fra /1934 COUNTERPARTY_58340 Ef 11959,COUNTERPARTY_58340
8db141b67a09adc16cd92fdc1ce37e37,COMP_0793,invoice,2026-06-23,2026-06-23,2026-07-20 00:00:00,-231.83,0.0,EUR,EUR,1.0,paid,S.Fra /1317 COUNTERPARTY_51962 Ef 1N001105/2026,COUNTERPARTY_51962
90cb8ab612a6af838dbfef84bb80ada2,COMP_0001,invoice,2026-06-23,2026-07-23,2026-07-08 00:00:00,-115.47,0.0,EUR,EUR,1.0,paid,S.Fra /131 COUNTERPARTY_24926 Ef [NUM]/5/26/001874,COUNTERPARTY_55414
9bc9b9d07f4b332648249716ebf21770,COMP_0793,invoice,2026-03-05,2026-03-05,2026-07-20 00:00:00,210.01,0.0,EUR,EUR,1.0,paid,N.Fra TB2026F/144 COUNTERPARTY_59651 Ef 1,COUNTERPARTY_59651
bb7f95e21b62ff5c552564f2a1728f37,COMP_0001,invoice,2026-07-31,2026-07-31,2026-07-31 00:00:00,-604.52,-604.52,EUR,EUR,1.0,overdue,S.Fra /175 COUNTERPARTY_51811 Ef 1CI[NUM]-0726,COUNTERPARTY_51811
ccb10d6e44f76ff0850c89fe2c7012d0,COMP_0793,invoice,2026-02-28,2026-03-30,2026-04-13 00:00:00,-99.07,0.0,EUR,EUR,1.0,paid,S.Fra /409 COUNTERPARTY_18405 Ef 1FVT26-14203,COUNTERPARTY_18405
cf9e03b5da6546b0f3164fb419d0c64c,COMP_0793,invoice,2026-05-29,2026-06-28,2026-08-06 00:00:00,-101.0,0.0,EUR,EUR,1.0,paid,S.Fra /1103 COUNTERPARTY_24926 Ef [NUM]/5/26/000234,COUNTERPARTY_57870
d07a138e4f2755650789f201b6856b33,COMP_0793,invoice,2026-05-21,2026-06-20,2026-07-22 00:00:00,-99.99,0.0,EUR,EUR,1.0,paid,S.Fra /1089 COUNTERPARTY_07226 Ef 1ES6X65CABEI,COUNTERPARTY_18040
d8eb003dc97955495651d2c809dbb89d,COMP_0793,invoice,2026-05-15,2026-05-15,2026-07-22 00:00:00,-28.99,0.0,EUR,EUR,1.0,paid,S.Fra /1060 COUNTERPARTY_07226 Ef 1ES6[X],COUNTERPARTY_18040
dc2d383a8fc235f1f96639871cca96f6,COMP_0793,invoice,2026-06-16,2026-06-16,2026-07-20 00:00:00,-943.8,0.0,EUR,EUR,1.0,paid,S.Fra /1263 COUNTERPARTY_30640 Ef [NUM],COUNTERPARTY_30640
fd60acb42d05bd0402ef106cdd8230b2,COMP_0793,invoice,2026-06-30,2026-06-30,2026-07-20 00:00:00,-145.05,0.0,EUR,EUR,1.0,paid,S.Fra /1508 COUNTERPARTY_44986 Ef 1L31584,COUNTERPARTY_44986
1077fe341bd09ccf5bf17c8eda141ab3,COMP_0793,invoice,2026-06-30,2026-06-30,2026-07-22 00:00:00,-43.79,0.0,EUR,EUR,1.0,paid,S.Fra /1451 COUNTERPARTY_07226 Ef 1ES6185Z2ABEI,COUNTERPARTY_18040
1cf4781557dfeddb920b90dd6e8e8155,COMP_0793,invoice,2026-08-31,2026-09-30,2026-09-30 00:00:00,-106.9,-106.9,EUR,EUR,1.0,pending,S.Fra /1929 COUNTERPARTY_07226 Ef 1ES61[X],COUNTERPARTY_18040
1d4179126b8890967470534e7538b5fb,COMP_0793,invoice,2026-07-28,2026-07-28,2026-08-06 00:00:00,-817.78,0.0,EUR,EUR,1.0,paid,S.Fra /1718 COUNTERPARTY_33161 Ef 1S26/4227,COUNTERPARTY_47731
3f2ad3e63da354b8b946d70c3fdbcf78,COMP_0793,invoice,2026-04-01,2026-05-01,2026-07-20 00:00:00,-50.86,0.0,EUR,EUR,1.0,paid,S.Fra /646 COUNTERPARTY_129534 Ef [NUM],COUNTERPARTY_129534
40a27a2d13946ad490223a308462a041,COMP_0793,invoice,2026-07-31,2026-08-30,2026-08-30 00:00:00,-779.72,-779.72,EUR,EUR,1.0,overdue,S.Fra /1919 COUNTERPARTY_30606 Ef 1S26/380,COUNTERPARTY_30606
4ffd2d23d89444437a17dddd61d98531,COMP_0793,invoice,2026-05-06,2026-05-06,2026-05-20 00:00:00,-59.29,0.0,EUR,EUR,1.0,paid,S.Fra /925 COUNTERPARTY_01639 Ef [NUM],COUNTERPARTY_11626
532fd04ec1abbfbfcdefbf40a60c29bc,COMP_0001,invoice,2026-06-16,2026-07-16,2026-07-08 00:00:00,-13.5,0.0,EUR,EUR,1.0,paid,S.Fra /123 COUNTERPARTY_12457 Ef [NUM],COUNTERPARTY_94951
5c24bf03f577ee71291bd46da56d7889,COMP_0793,invoice,2026-03-17,2026-04-16,2026-04-16 00:00:00,-312.42,-312.42,EUR,EUR,1.0,overdue,S.Fra /494 COUNTERPARTY_48052 Ef 1A364666,COUNTERPARTY_48052
692732c61239c3d8b9e7dc094a7a6d71,COMP_0793,invoice,2026-04-27,2026-05-27,2026-06-24 00:00:00,76998.35,0.0,EUR,EUR,1.0,paid,N.Fra TB2026F/219 COUNTERPARTY_05961 Ef 1,COUNTERPARTY_05961
6d19ed36e51e41cd75cf663d99e2ceef,COMP_0793,invoice,2026-04-30,2026-05-30,2026-05-21 00:00:00,-281.87,0.0,EUR,EUR,1.0,paid,S.Fra /894 COUNTERPARTY_58340 Ef 1949,COUNTERPARTY_58340
6f31ae187b7e15f5ff3295a2c2757936,COMP_0793,invoice,2026-05-12,2026-06-11,2026-06-22 00:00:00,-1204.35,0.0,EUR,EUR,1.0,paid,S.Fra /909 COUNTERPARTY_129585 Ef 136/2026,COUNTERPARTY_129585
704190295456722f05dffe2a34cd468c,COMP_0001,invoice,2025-11-18,2025-11-18,2026-05-20 00:00:00,9680.0,0.0,EUR,EUR,1.0,paid,N.Fra TB2025F/194 [COMPANY] Ef 1,COUNTERPARTY_03903
82aedf120c5d8797dd6cb0efc155106a,COMP_0793,invoice,2026-04-01,2026-04-01,2026-06-22 00:00:00,-0.91,0.0,EUR,EUR,1.0,paid,S.Fra /1184 COUNTERPARTY_00061 Ef [REF],COUNTERPARTY_22769
9f41a176421f9e3cadd8280525f4855a,COMP_0793,invoice,2026-07-28,2026-07-28,2026-08-06 00:00:00,-0.61,0.0,EUR,EUR,1.0,paid,S.Fra /1680 COUNTERPARTY_00061 Ef 11663,COUNTERPARTY_22769
a318c1c16d3358d3b0ebff76b779f69a,COMP_0793,invoice,2026-06-26,2026-06-26,2026-07-20 00:00:00,-367.34,0.0,EUR,EUR,1.0,paid,N.Fra [X]/15 COUNTERPARTY_48298 Ef 1,COUNTERPARTY_48298
bc5af97fa5e7f16aa843d1c547c35093,COMP_0793,invoice,2026-08-31,2026-09-30,2026-09-30 00:00:00,13200.35,13200.35,EUR,EUR,1.0,pending,N.Fra TB2026F/560 COUNTERPARTY_49557 Ef 1,COUNTERPARTY_49557
bed1ca24d6d71aae130c969a67907b75,COMP_0793,invoice,2026-06-16,2026-07-16,2026-07-20 00:00:00,-38.0,0.0,EUR,EUR,1.0,paid,S.Fra /1289 COUNTERPARTY_23712 Ef 15.913,COUNTERPARTY_23712
d5aabeac34b43592ba61cd13d6e32c89,COMP_0793,invoice,2026-03-13,2026-04-12,2026-04-13 00:00:00,-94.21,0.0,EUR,EUR,1.0,paid,S.Fra /491 COUNTERPARTY_47799 Ef [NUM],COUNTERPARTY_47799
dc154604691eccbcfcfa78f671250c58,COMP_0793,invoice,2026-09-01,2026-09-01,2026-09-01 00:00:00,-1841.04,-1841.04,EUR,EUR,1.0,overdue,S.Fra /1853 [COMPANY]. Ef [NUM],COUNTERPARTY_27469
e28cbc1884ee753d67be05a11ecd9b32,COMP_0793,invoice,2025-06-20,2025-06-20,2026-08-06 00:00:00,-43.63,0.0,EUR,EUR,1.0,paid,S.Fra /548 COUNTERPARTY_106598 Ef 12025/2146,COUNTERPARTY_106598
e3d3915a47c393b915716febda76b852,COMP_0001,invoice,2026-03-27,2026-04-26,2026-05-20 00:00:00,3.13,0.0,EUR,EUR,1.0,paid,S.Fra /48 COUNTERPARTY_35207 Ef 12026/1584,COUNTERPARTY_35207
e50dd766d23c8ce1d02cba0cbc43fd9c,COMP_0793,invoice,2026-03-13,2026-04-12,2026-04-13 00:00:00,-182.83,0.0,EUR,EUR,1.0,paid,S.Fra /489 COUNTERPARTY_47799 Ef [NUM],COUNTERPARTY_47799
f27797105b0628b33f4b8d51db8cb276,COMP_0793,invoice,2026-06-23,2026-07-23,2026-07-22 00:00:00,-97.14,0.0,EUR,EUR,1.0,paid,S.Fra /1426 COUNTERPARTY_07226 Ef 1ES6164[X],COUNTERPARTY_18040
f3f4735260eded5defe5840cc944792d,COMP_0793,invoice,2026-04-29,2026-04-29,2026-07-20 00:00:00,-22.37,0.0,EUR,EUR,1.0,paid,S.Fra /[COMPANY] Ef [REF],COUNTERPARTY_129695
